,memory,version,dataset,motif length,metric,value
0,4 GB,SCAMPI (4 GB),Lab_FD_061014,512,setup in s,17.038190124
1,4 GB,SCAMPI (4 GB),Lab_FD_061014,1024,setup in s,18.931616025
2,4 GB,SCAMPI (4 GB),Lab_FD_061014,2048,setup in s,15.625418265
3,4 GB,SCAMPI (4 GB),Lab_FD_061014,4096,setup in s,17.903736455
4,1 GB,SCAMPI (1 GB),MGHSleepElectromyography,512,setup in s,9.853863377
5,1 GB,SCAMPI (1 GB),MGHSleepElectromyography,1024,setup in s,8.206102719
6,1 GB,SCAMPI (1 GB),MGHSleepElectromyography,2048,setup in s,9.969247956
7,1 GB,SCAMPI (1 GB),MGHSleepElectromyography,4096,setup in s,10.230653608
8,8 GB,SCAMPI (8 GB),lorenzAttractorsLONG,512,setup in s,152.080857078
9,8 GB,SCAMPI (8 GB),lorenzAttractorsLONG,1024,setup in s,152.91974305
10,8 GB,SCAMPI (8 GB),lorenzAttractorsLONG,2048,setup in s,142.150199087
11,8 GB,SCAMPI (8 GB),lorenzAttractorsLONG,4096,setup in s,151.4553886
12,8 GB,SCAMPI (8 GB),Challenge2009TestSetA_101a,512,setup in s,68.761346992
13,8 GB,SCAMPI (8 GB),Challenge2009TestSetA_101a,1024,setup in s,51.413960052
14,8 GB,SCAMPI (8 GB),Challenge2009TestSetA_101a,2048,setup in s,65.816505255
15,8 GB,SCAMPI (8 GB),Challenge2009TestSetA_101a,4096,setup in s,62.188596874
16,0.25 GB,SCAMPI (0.25 GB),lorenzAttractorsLONG,512,setup in s,153.702454229
17,0.25 GB,SCAMPI (0.25 GB),lorenzAttractorsLONG,1024,setup in s,154.154445338
18,0.25 GB,SCAMPI (0.25 GB),lorenzAttractorsLONG,2048,setup in s,143.194359958
19,0.25 GB,SCAMPI (0.25 GB),lorenzAttractorsLONG,4096,setup in s,149.816912307
20,2 GB,SCAMPI (2 GB),Challenge2009Respiration500HZ,512,setup in s,17.417717196
21,2 GB,SCAMPI (2 GB),Challenge2009Respiration500HZ,1024,setup in s,16.789352118
22,2 GB,SCAMPI (2 GB),Challenge2009Respiration500HZ,2048,setup in s,9.526726343
23,2 GB,SCAMPI (2 GB),Challenge2009Respiration500HZ,4096,setup in s,9.66821772
24,16 GB,SCAMPI (16 GB),stator_winding,512,setup in s,79.084066737
25,16 GB,SCAMPI (16 GB),stator_winding,1024,setup in s,78.013877507
26,16 GB,SCAMPI (16 GB),stator_winding,2048,setup in s,76.890006155
27,16 GB,SCAMPI (16 GB),stator_winding,4096,setup in s,74.980750915
28,4 GB,SCAMPI (4 GB),FingerFlexionECoG,512,setup in s,123.401623226
29,4 GB,SCAMPI (4 GB),FingerFlexionECoG,1024,setup in s,119.700830403
30,4 GB,SCAMPI (4 GB),FingerFlexionECoG,2048,setup in s,122.43323713
31,4 GB,SCAMPI (4 GB),FingerFlexionECoG,4096,setup in s,136.918039549
32,8 GB,SCAMPI (8 GB),MGHSleepElectromyography,512,setup in s,25.001077189
33,8 GB,SCAMPI (8 GB),MGHSleepElectromyography,1024,setup in s,24.284402672
34,8 GB,SCAMPI (8 GB),MGHSleepElectromyography,2048,setup in s,26.000090603
35,8 GB,SCAMPI (8 GB),MGHSleepElectromyography,4096,setup in s,25.921169915
36,32 GB,SCAMPI (32 GB),SynchrophasorEventsLarge,512,setup in s,298.355528456
37,32 GB,SCAMPI (32 GB),SynchrophasorEventsLarge,1024,setup in s,320.891630805
38,32 GB,SCAMPI (32 GB),SynchrophasorEventsLarge,2048,setup in s,319.668357819
39,32 GB,SCAMPI (32 GB),SynchrophasorEventsLarge,4096,setup in s,367.233239749
40,0.25 GB,SCAMPI (0.25 GB),BlackLeggedKittiwake,512,setup in s,3.882602016
41,0.25 GB,SCAMPI (0.25 GB),BlackLeggedKittiwake,1024,setup in s,4.511458251
42,0.25 GB,SCAMPI (0.25 GB),BlackLeggedKittiwake,2048,setup in s,4.494579788
43,0.25 GB,SCAMPI (0.25 GB),BlackLeggedKittiwake,4096,setup in s,3.146637316
44,0.5 GB,SCAMPI (0.5 GB),WindTurbine,512,setup in s,25.603658525
45,0.5 GB,SCAMPI (0.5 GB),WindTurbine,1024,setup in s,31.846135816
46,0.5 GB,SCAMPI (0.5 GB),WindTurbine,2048,setup in s,35.962065394
47,0.5 GB,SCAMPI (0.5 GB),WindTurbine,4096,setup in s,40.603980728
48,1 GB,SCAMPI (1 GB),lorenzAttractorsLONG,512,setup in s,156.054555265
49,1 GB,SCAMPI (1 GB),lorenzAttractorsLONG,1024,setup in s,151.616783486
50,1 GB,SCAMPI (1 GB),lorenzAttractorsLONG,2048,setup in s,139.879070348
51,1 GB,SCAMPI (1 GB),lorenzAttractorsLONG,4096,setup in s,145.65820551
52,1 GB,SCAMPI (1 GB),Challenge2009TestSetA_101a,512,setup in s,9.859365121
53,1 GB,SCAMPI (1 GB),Challenge2009TestSetA_101a,1024,setup in s,9.855263241
54,1 GB,SCAMPI (1 GB),Challenge2009TestSetA_101a,2048,setup in s,9.090804535
55,1 GB,SCAMPI (1 GB),Challenge2009TestSetA_101a,4096,setup in s,9.318506017
56,2 GB,SCAMPI (2 GB),solarwind,512,setup in s,14.753023171
57,2 GB,SCAMPI (2 GB),solarwind,1024,setup in s,17.762653705
58,2 GB,SCAMPI (2 GB),solarwind,2048,setup in s,16.39462144
59,2 GB,SCAMPI (2 GB),solarwind,4096,setup in s,12.22543487
60,32 GB,SCAMPI (32 GB),Lab_FD_061014,512,setup in s,78.106230334
61,32 GB,SCAMPI (32 GB),Lab_FD_061014,1024,setup in s,79.802405073
62,32 GB,SCAMPI (32 GB),Lab_FD_061014,2048,setup in s,75.017798261
63,32 GB,SCAMPI (32 GB),Lab_FD_061014,4096,setup in s,76.310288408
64,4 GB,SCAMPI (4 GB),EOG_one_hour_400_Hz,512,setup in s,20.942414091
65,4 GB,SCAMPI (4 GB),EOG_one_hour_400_Hz,1024,setup in s,20.096317163
66,4 GB,SCAMPI (4 GB),EOG_one_hour_400_Hz,2048,setup in s,18.392058781
67,4 GB,SCAMPI (4 GB),EOG_one_hour_400_Hz,4096,setup in s,17.689243567
68,2 GB,SCAMPI (2 GB),swtAttack7,512,setup in s,9.182726911
69,2 GB,SCAMPI (2 GB),swtAttack7,1024,setup in s,17.457873628
70,2 GB,SCAMPI (2 GB),swtAttack7,2048,setup in s,17.498241107
71,2 GB,SCAMPI (2 GB),swtAttack7,4096,setup in s,16.048102339
72,0.5 GB,SCAMPI (0.5 GB),CinC_Challenge,512,setup in s,34.346587866
73,0.5 GB,SCAMPI (0.5 GB),CinC_Challenge,1024,setup in s,42.828038944
74,0.5 GB,SCAMPI (0.5 GB),CinC_Challenge,2048,setup in s,41.713081971
75,0.5 GB,SCAMPI (0.5 GB),CinC_Challenge,4096,setup in s,41.05276347
76,0.5 GB,SCAMPI (0.5 GB),water,512,setup in s,17.695427843
77,0.5 GB,SCAMPI (0.5 GB),water,1024,setup in s,18.037277426
78,0.5 GB,SCAMPI (0.5 GB),water,2048,setup in s,6.109681527
79,0.5 GB,SCAMPI (0.5 GB),water,4096,setup in s,4.18336216
80,32 GB,SCAMPI (32 GB),WindTurbine,512,setup in s,27.818056066
81,32 GB,SCAMPI (32 GB),WindTurbine,1024,setup in s,36.480907718
82,32 GB,SCAMPI (32 GB),WindTurbine,2048,setup in s,42.041120968
83,32 GB,SCAMPI (32 GB),WindTurbine,4096,setup in s,54.367230179
84,0.5 GB,SCAMPI (0.5 GB),recorddata,512,setup in s,296.272771836
85,0.5 GB,SCAMPI (0.5 GB),recorddata,1024,setup in s,289.239672189
86,0.5 GB,SCAMPI (0.5 GB),recorddata,2048,setup in s,293.532971623
87,0.5 GB,SCAMPI (0.5 GB),recorddata,4096,setup in s,296.445484864
88,1 GB,SCAMPI (1 GB),EOG_one_hour_50_Hz,512,setup in s,13.928569859
89,1 GB,SCAMPI (1 GB),EOG_one_hour_50_Hz,1024,setup in s,10.173616065
90,1 GB,SCAMPI (1 GB),EOG_one_hour_50_Hz,2048,setup in s,14.04639883
91,1 GB,SCAMPI (1 GB),EOG_one_hour_50_Hz,4096,setup in s,13.48559963
92,16 GB,SCAMPI (16 GB),FingerFlexionECoG,512,setup in s,123.828026237
93,16 GB,SCAMPI (16 GB),FingerFlexionECoG,1024,setup in s,119.939904982
94,16 GB,SCAMPI (16 GB),FingerFlexionECoG,2048,setup in s,123.88896208
95,16 GB,SCAMPI (16 GB),FingerFlexionECoG,4096,setup in s,139.354785728
96,0.25 GB,SCAMPI (0.25 GB),swtAttack7,512,setup in s,9.12719812
97,0.25 GB,SCAMPI (0.25 GB),swtAttack7,1024,setup in s,3.467305707
98,0.25 GB,SCAMPI (0.25 GB),swtAttack7,2048,setup in s,3.840484424
99,0.25 GB,SCAMPI (0.25 GB),swtAttack7,4096,setup in s,3.078202878
100,32 GB,SCAMPI (32 GB),Challenge2009TestSetA_101a,512,setup in s,104.820200308
101,32 GB,SCAMPI (32 GB),Challenge2009TestSetA_101a,1024,setup in s,50.851092009
102,32 GB,SCAMPI (32 GB),Challenge2009TestSetA_101a,2048,setup in s,136.82539299
103,32 GB,SCAMPI (32 GB),Challenge2009TestSetA_101a,4096,setup in s,77.296418744
104,16 GB,SCAMPI (16 GB),Bird12-Week3_2018_1_10,512,setup in s,48.783889089
105,16 GB,SCAMPI (16 GB),Bird12-Week3_2018_1_10,1024,setup in s,44.391715744
106,16 GB,SCAMPI (16 GB),Bird12-Week3_2018_1_10,2048,setup in s,43.030898356
107,16 GB,SCAMPI (16 GB),Bird12-Week3_2018_1_10,4096,setup in s,46.287703362
108,0.5 GB,SCAMPI (0.5 GB),SpainishEnergyDataset5sec,512,setup in s,123.276878459
109,0.5 GB,SCAMPI (0.5 GB),SpainishEnergyDataset5sec,1024,setup in s,129.53129803
110,0.5 GB,SCAMPI (0.5 GB),SpainishEnergyDataset5sec,2048,setup in s,127.860083388
111,0.5 GB,SCAMPI (0.5 GB),SpainishEnergyDataset5sec,4096,setup in s,132.66983686
112,8 GB,SCAMPI (8 GB),water,512,setup in s,17.500017824
113,8 GB,SCAMPI (8 GB),water,1024,setup in s,17.685150524
114,8 GB,SCAMPI (8 GB),water,2048,setup in s,33.124200499
115,8 GB,SCAMPI (8 GB),water,4096,setup in s,29.885085431
116,1 GB,SCAMPI (1 GB),swtAttack38,512,setup in s,2.005115233
117,1 GB,SCAMPI (1 GB),swtAttack38,1024,setup in s,10.247922861
118,1 GB,SCAMPI (1 GB),swtAttack38,2048,setup in s,9.902055426
119,1 GB,SCAMPI (1 GB),swtAttack38,4096,setup in s,9.218563998
120,8 GB,SCAMPI (8 GB),SpainishEnergyDataset5sec,512,setup in s,116.903378725
121,8 GB,SCAMPI (8 GB),SpainishEnergyDataset5sec,1024,setup in s,128.104223983
122,8 GB,SCAMPI (8 GB),SpainishEnergyDataset5sec,2048,setup in s,126.064796541
123,8 GB,SCAMPI (8 GB),SpainishEnergyDataset5sec,4096,setup in s,129.926930035
124,8 GB,SCAMPI (8 GB),stator_winding,512,setup in s,43.213778454
125,8 GB,SCAMPI (8 GB),stator_winding,1024,setup in s,39.348884536
126,8 GB,SCAMPI (8 GB),stator_winding,2048,setup in s,39.970224604
127,8 GB,SCAMPI (8 GB),stator_winding,4096,setup in s,39.698984109
128,0.5 GB,SCAMPI (0.5 GB),stator_winding,512,setup in s,7.018029897
129,0.5 GB,SCAMPI (0.5 GB),stator_winding,1024,setup in s,6.673933886
130,0.5 GB,SCAMPI (0.5 GB),stator_winding,2048,setup in s,6.691301882
131,0.5 GB,SCAMPI (0.5 GB),stator_winding,4096,setup in s,6.553929574
132,32 GB,SCAMPI (32 GB),water,512,setup in s,25.503776115
133,32 GB,SCAMPI (32 GB),water,1024,setup in s,27.507009099
134,32 GB,SCAMPI (32 GB),water,2048,setup in s,114.479616004
135,32 GB,SCAMPI (32 GB),water,4096,setup in s,113.092598449
136,0.5 GB,SCAMPI (0.5 GB),solarwind,512,setup in s,11.401448926
137,0.5 GB,SCAMPI (0.5 GB),solarwind,1024,setup in s,14.413903805
138,0.5 GB,SCAMPI (0.5 GB),solarwind,2048,setup in s,13.051872584
139,0.5 GB,SCAMPI (0.5 GB),solarwind,4096,setup in s,8.611390204
140,16 GB,SCAMPI (16 GB),CinC_Challenge,512,setup in s,34.324330121
141,16 GB,SCAMPI (16 GB),CinC_Challenge,1024,setup in s,42.954537754
142,16 GB,SCAMPI (16 GB),CinC_Challenge,2048,setup in s,41.557506581
143,16 GB,SCAMPI (16 GB),CinC_Challenge,4096,setup in s,41.374235586
144,2 GB,SCAMPI (2 GB),house,512,setup in s,11.898519326
145,2 GB,SCAMPI (2 GB),house,1024,setup in s,30.067200141
146,2 GB,SCAMPI (2 GB),house,2048,setup in s,40.309266027
147,2 GB,SCAMPI (2 GB),house,4096,setup in s,12.651458894
148,4 GB,SCAMPI (4 GB),Bird12-Week3_2018_1_10,512,setup in s,47.469031099
149,4 GB,SCAMPI (4 GB),Bird12-Week3_2018_1_10,1024,setup in s,17.570482491
150,4 GB,SCAMPI (4 GB),Bird12-Week3_2018_1_10,2048,setup in s,16.842705005
151,4 GB,SCAMPI (4 GB),Bird12-Week3_2018_1_10,4096,setup in s,19.980932716
152,2 GB,SCAMPI (2 GB),BlackLeggedKittiwake,512,setup in s,12.349862119
153,2 GB,SCAMPI (2 GB),BlackLeggedKittiwake,1024,setup in s,13.073143646
154,2 GB,SCAMPI (2 GB),BlackLeggedKittiwake,2048,setup in s,13.074953815
155,2 GB,SCAMPI (2 GB),BlackLeggedKittiwake,4096,setup in s,11.051898669
156,8 GB,SCAMPI (8 GB),EOG_one_hour_50_Hz,512,setup in s,14.711937257
157,8 GB,SCAMPI (8 GB),EOG_one_hour_50_Hz,1024,setup in s,10.175192504
158,8 GB,SCAMPI (8 GB),EOG_one_hour_50_Hz,2048,setup in s,16.518556735
159,8 GB,SCAMPI (8 GB),EOG_one_hour_50_Hz,4096,setup in s,19.435689351
160,8 GB,SCAMPI (8 GB),swtAttack38,512,setup in s,1.936761121
161,8 GB,SCAMPI (8 GB),swtAttack38,1024,setup in s,36.343957512
162,8 GB,SCAMPI (8 GB),swtAttack38,2048,setup in s,53.413772879
163,8 GB,SCAMPI (8 GB),swtAttack38,4096,setup in s,16.93772702
164,0.5 GB,SCAMPI (0.5 GB),Challenge2009Respiration500HZ,512,setup in s,16.703245646
165,0.5 GB,SCAMPI (0.5 GB),Challenge2009Respiration500HZ,1024,setup in s,17.18789004
166,0.5 GB,SCAMPI (0.5 GB),Challenge2009Respiration500HZ,2048,setup in s,4.587173789
167,0.5 GB,SCAMPI (0.5 GB),Challenge2009Respiration500HZ,4096,setup in s,4.381534182
168,1 GB,SCAMPI (1 GB),SpainishEnergyDataset5sec,512,setup in s,124.652132734
169,1 GB,SCAMPI (1 GB),SpainishEnergyDataset5sec,1024,setup in s,136.024976909
170,1 GB,SCAMPI (1 GB),SpainishEnergyDataset5sec,2048,setup in s,127.089490248
171,1 GB,SCAMPI (1 GB),SpainishEnergyDataset5sec,4096,setup in s,131.621469645
172,0.5 GB,SCAMPI (0.5 GB),MGHSleepElectromyography,512,setup in s,8.508023253
173,0.5 GB,SCAMPI (0.5 GB),MGHSleepElectromyography,1024,setup in s,7.037595646
174,0.5 GB,SCAMPI (0.5 GB),MGHSleepElectromyography,2048,setup in s,9.004918175
175,0.5 GB,SCAMPI (0.5 GB),MGHSleepElectromyography,4096,setup in s,8.644150119
176,32 GB,SCAMPI (32 GB),Lab_K_060314,512,setup in s,71.311919968
177,32 GB,SCAMPI (32 GB),Lab_K_060314,1024,setup in s,74.746410032
178,32 GB,SCAMPI (32 GB),Lab_K_060314,2048,setup in s,75.821292112
179,32 GB,SCAMPI (32 GB),Lab_K_060314,4096,setup in s,78.731007652
180,1 GB,SCAMPI (1 GB),stator_winding,512,setup in s,9.309694065
181,1 GB,SCAMPI (1 GB),stator_winding,1024,setup in s,9.499067013
182,1 GB,SCAMPI (1 GB),stator_winding,2048,setup in s,9.026046952
183,1 GB,SCAMPI (1 GB),stator_winding,4096,setup in s,8.836604718
184,4 GB,SCAMPI (4 GB),CinC_Challenge,512,setup in s,36.275110258
185,4 GB,SCAMPI (4 GB),CinC_Challenge,1024,setup in s,44.956782701
186,4 GB,SCAMPI (4 GB),CinC_Challenge,2048,setup in s,42.838121406
187,4 GB,SCAMPI (4 GB),CinC_Challenge,4096,setup in s,42.685211414
188,1 GB,SCAMPI (1 GB),water,512,setup in s,17.242391356
189,1 GB,SCAMPI (1 GB),water,1024,setup in s,17.968048757000002
190,1 GB,SCAMPI (1 GB),water,2048,setup in s,7.765343834
191,1 GB,SCAMPI (1 GB),water,4096,setup in s,5.8712556860000005
192,16 GB,SCAMPI (16 GB),Lab_K_060314,512,setup in s,39.204316814
193,16 GB,SCAMPI (16 GB),Lab_K_060314,1024,setup in s,39.533263686
194,16 GB,SCAMPI (16 GB),Lab_K_060314,2048,setup in s,42.35449943
195,16 GB,SCAMPI (16 GB),Lab_K_060314,4096,setup in s,40.330945813
196,4 GB,SCAMPI (4 GB),SpainishEnergyDataset,512,setup in s,17.71525293
197,4 GB,SCAMPI (4 GB),SpainishEnergyDataset,1024,setup in s,17.887142447
198,4 GB,SCAMPI (4 GB),SpainishEnergyDataset,2048,setup in s,19.368001587
199,4 GB,SCAMPI (4 GB),SpainishEnergyDataset,4096,setup in s,7.883050746
200,0.25 GB,SCAMPI (0.25 GB),stator_winding,512,setup in s,5.61696647
201,0.25 GB,SCAMPI (0.25 GB),stator_winding,1024,setup in s,5.418021728
202,0.25 GB,SCAMPI (0.25 GB),stator_winding,2048,setup in s,5.666145545
203,0.25 GB,SCAMPI (0.25 GB),stator_winding,4096,setup in s,5.393152285
204,1 GB,SCAMPI (1 GB),Challenge2009Respiration500HZ,512,setup in s,17.266399352
205,1 GB,SCAMPI (1 GB),Challenge2009Respiration500HZ,1024,setup in s,18.032005058
206,1 GB,SCAMPI (1 GB),Challenge2009Respiration500HZ,2048,setup in s,6.137116667
207,1 GB,SCAMPI (1 GB),Challenge2009Respiration500HZ,4096,setup in s,6.182762586
208,0.25 GB,SCAMPI (0.25 GB),solarwind,512,setup in s,10.811430339
209,0.25 GB,SCAMPI (0.25 GB),solarwind,1024,setup in s,13.430737734
210,0.25 GB,SCAMPI (0.25 GB),solarwind,2048,setup in s,12.334230545
211,0.25 GB,SCAMPI (0.25 GB),solarwind,4096,setup in s,8.479763418
212,4 GB,SCAMPI (4 GB),recorddata,512,setup in s,315.501526247
213,4 GB,SCAMPI (4 GB),recorddata,1024,setup in s,315.049849979
214,4 GB,SCAMPI (4 GB),recorddata,2048,setup in s,317.905690139
215,4 GB,SCAMPI (4 GB),recorddata,4096,setup in s,293.485617449
216,4 GB,SCAMPI (4 GB),Lab_K_060314,512,setup in s,13.946761647
217,4 GB,SCAMPI (4 GB),Lab_K_060314,1024,setup in s,14.239208709
218,4 GB,SCAMPI (4 GB),Lab_K_060314,2048,setup in s,14.698657872
219,4 GB,SCAMPI (4 GB),Lab_K_060314,4096,setup in s,14.67078887
220,16 GB,SCAMPI (16 GB),water,512,setup in s,17.51309702
221,16 GB,SCAMPI (16 GB),water,1024,setup in s,18.585281397
222,16 GB,SCAMPI (16 GB),water,2048,setup in s,65.519844326
223,16 GB,SCAMPI (16 GB),water,4096,setup in s,54.126635192
224,1 GB,SCAMPI (1 GB),swtAttack7,512,setup in s,9.052672037
225,1 GB,SCAMPI (1 GB),swtAttack7,1024,setup in s,9.356087928
226,1 GB,SCAMPI (1 GB),swtAttack7,2048,setup in s,9.681502095
227,1 GB,SCAMPI (1 GB),swtAttack7,4096,setup in s,8.957799544
228,0.25 GB,SCAMPI (0.25 GB),Challenge2009Respiration500HZ,512,setup in s,18.944278527
229,0.25 GB,SCAMPI (0.25 GB),Challenge2009Respiration500HZ,1024,setup in s,16.766987571
230,0.25 GB,SCAMPI (0.25 GB),Challenge2009Respiration500HZ,2048,setup in s,3.802414701
231,0.25 GB,SCAMPI (0.25 GB),Challenge2009Respiration500HZ,4096,setup in s,3.397692058
232,0.25 GB,SCAMPI (0.25 GB),MGHSleepElectromyography,512,setup in s,7.674158885
233,0.25 GB,SCAMPI (0.25 GB),MGHSleepElectromyography,1024,setup in s,6.053292856
234,0.25 GB,SCAMPI (0.25 GB),MGHSleepElectromyography,2048,setup in s,8.44836865
235,0.25 GB,SCAMPI (0.25 GB),MGHSleepElectromyography,4096,setup in s,8.332657379
236,2 GB,SCAMPI (2 GB),Challenge2009TestSetA_101a,512,setup in s,17.840013865
237,2 GB,SCAMPI (2 GB),Challenge2009TestSetA_101a,1024,setup in s,17.417656828
238,2 GB,SCAMPI (2 GB),Challenge2009TestSetA_101a,2048,setup in s,18.433670557
239,2 GB,SCAMPI (2 GB),Challenge2009TestSetA_101a,4096,setup in s,17.30520627
240,1 GB,SCAMPI (1 GB),solarwind,512,setup in s,12.307056387
241,1 GB,SCAMPI (1 GB),solarwind,1024,setup in s,14.769235706
242,1 GB,SCAMPI (1 GB),solarwind,2048,setup in s,14.33401692
243,1 GB,SCAMPI (1 GB),solarwind,4096,setup in s,10.401392534
244,32 GB,SCAMPI (32 GB),CinC_Challenge,512,setup in s,40.782114737
245,32 GB,SCAMPI (32 GB),CinC_Challenge,1024,setup in s,43.954659028
246,32 GB,SCAMPI (32 GB),CinC_Challenge,2048,setup in s,51.152065789
247,32 GB,SCAMPI (32 GB),CinC_Challenge,4096,setup in s,61.993664262
248,2 GB,SCAMPI (2 GB),lorenzAttractorsLONG,512,setup in s,153.192696102
249,2 GB,SCAMPI (2 GB),lorenzAttractorsLONG,1024,setup in s,146.395493307
250,2 GB,SCAMPI (2 GB),lorenzAttractorsLONG,2048,setup in s,134.237105143
251,2 GB,SCAMPI (2 GB),lorenzAttractorsLONG,4096,setup in s,145.562738007
252,4 GB,SCAMPI (4 GB),HAR_Ambient_Sensor_Data,512,setup in s,16.990231536
253,4 GB,SCAMPI (4 GB),HAR_Ambient_Sensor_Data,1024,setup in s,17.634044035
254,4 GB,SCAMPI (4 GB),HAR_Ambient_Sensor_Data,2048,setup in s,17.502072604
255,4 GB,SCAMPI (4 GB),HAR_Ambient_Sensor_Data,4096,setup in s,16.28137826
256,0.5 GB,SCAMPI (0.5 GB),swtAttack7,512,setup in s,9.0258517
257,0.5 GB,SCAMPI (0.5 GB),swtAttack7,1024,setup in s,5.318085909
258,0.5 GB,SCAMPI (0.5 GB),swtAttack7,2048,setup in s,5.722304349
259,0.5 GB,SCAMPI (0.5 GB),swtAttack7,4096,setup in s,4.850257679
260,8 GB,SCAMPI (8 GB),Challenge2009Respiration500HZ,512,setup in s,17.599211254
261,8 GB,SCAMPI (8 GB),Challenge2009Respiration500HZ,1024,setup in s,17.764176867
262,8 GB,SCAMPI (8 GB),Challenge2009Respiration500HZ,2048,setup in s,31.13355767
263,8 GB,SCAMPI (8 GB),Challenge2009Respiration500HZ,4096,setup in s,30.91127525
264,0.25 GB,SCAMPI (0.25 GB),recorddata,512,setup in s,275.068805256
265,0.25 GB,SCAMPI (0.25 GB),recorddata,1024,setup in s,275.716690765
266,0.25 GB,SCAMPI (0.25 GB),recorddata,2048,setup in s,279.768629387
267,0.25 GB,SCAMPI (0.25 GB),recorddata,4096,setup in s,302.16851243
268,2 GB,SCAMPI (2 GB),MGHSleepElectromyography,512,setup in s,12.15979299
269,2 GB,SCAMPI (2 GB),MGHSleepElectromyography,1024,setup in s,10.85709092
270,2 GB,SCAMPI (2 GB),MGHSleepElectromyography,2048,setup in s,12.230209754
271,2 GB,SCAMPI (2 GB),MGHSleepElectromyography,4096,setup in s,11.972426115
272,4 GB,SCAMPI (4 GB),WindTurbine,512,setup in s,25.643399578
273,4 GB,SCAMPI (4 GB),WindTurbine,1024,setup in s,31.765030235
274,4 GB,SCAMPI (4 GB),WindTurbine,2048,setup in s,35.730863014
275,4 GB,SCAMPI (4 GB),WindTurbine,4096,setup in s,40.25949717
276,8 GB,SCAMPI (8 GB),swtAttack7,512,setup in s,9.11697208
277,8 GB,SCAMPI (8 GB),swtAttack7,1024,setup in s,66.566090405
278,8 GB,SCAMPI (8 GB),swtAttack7,2048,setup in s,31.936812325000002
279,8 GB,SCAMPI (8 GB),swtAttack7,4096,setup in s,27.473324004
280,8 GB,SCAMPI (8 GB),solarwind,512,setup in s,27.529930673
281,8 GB,SCAMPI (8 GB),solarwind,1024,setup in s,30.768956206
282,8 GB,SCAMPI (8 GB),solarwind,2048,setup in s,29.473343599
283,8 GB,SCAMPI (8 GB),solarwind,4096,setup in s,23.74475165
284,32 GB,SCAMPI (32 GB),FingerFlexionECoG,512,setup in s,165.099600906
285,32 GB,SCAMPI (32 GB),FingerFlexionECoG,1024,setup in s,171.898167517
286,32 GB,SCAMPI (32 GB),FingerFlexionECoG,2048,setup in s,178.726439523
287,32 GB,SCAMPI (32 GB),FingerFlexionECoG,4096,setup in s,196.230154316
288,32 GB,SCAMPI (32 GB),Bird12-Week3_2018_1_10,512,setup in s,56.902176823
289,32 GB,SCAMPI (32 GB),Bird12-Week3_2018_1_10,1024,setup in s,86.293837319
290,32 GB,SCAMPI (32 GB),Bird12-Week3_2018_1_10,2048,setup in s,79.572357151
291,32 GB,SCAMPI (32 GB),Bird12-Week3_2018_1_10,4096,setup in s,82.28430873
292,16 GB,SCAMPI (16 GB),Challenge2009TestSetA_101a,512,setup in s,97.917326775
293,16 GB,SCAMPI (16 GB),Challenge2009TestSetA_101a,1024,setup in s,51.746707972
294,16 GB,SCAMPI (16 GB),Challenge2009TestSetA_101a,2048,setup in s,137.176584565
295,16 GB,SCAMPI (16 GB),Challenge2009TestSetA_101a,4096,setup in s,76.575089259
296,0.25 GB,SCAMPI (0.25 GB),SpainishEnergyDataset5sec,512,setup in s,118.43257052
297,0.25 GB,SCAMPI (0.25 GB),SpainishEnergyDataset5sec,1024,setup in s,126.993357328
298,0.25 GB,SCAMPI (0.25 GB),SpainishEnergyDataset5sec,2048,setup in s,125.853779049
299,0.25 GB,SCAMPI (0.25 GB),SpainishEnergyDataset5sec,4096,setup in s,135.009323782
300,4 GB,SCAMPI (4 GB),SynchrophasorEventsLarge,512,setup in s,273.760238789
301,4 GB,SCAMPI (4 GB),SynchrophasorEventsLarge,1024,setup in s,276.421081748
302,4 GB,SCAMPI (4 GB),SynchrophasorEventsLarge,2048,setup in s,285.495624145
303,4 GB,SCAMPI (4 GB),SynchrophasorEventsLarge,4096,setup in s,325.307868724
304,16 GB,SCAMPI (16 GB),Lab_FD_061014,512,setup in s,42.711105526
305,16 GB,SCAMPI (16 GB),Lab_FD_061014,1024,setup in s,45.646762974
306,16 GB,SCAMPI (16 GB),Lab_FD_061014,2048,setup in s,41.991771034
307,16 GB,SCAMPI (16 GB),Lab_FD_061014,4096,setup in s,44.529140077
308,16 GB,SCAMPI (16 GB),WindTurbine,512,setup in s,25.943544821
309,16 GB,SCAMPI (16 GB),WindTurbine,1024,setup in s,32.26856644
310,16 GB,SCAMPI (16 GB),WindTurbine,2048,setup in s,38.103873329
311,16 GB,SCAMPI (16 GB),WindTurbine,4096,setup in s,40.192322992
312,1 GB,SCAMPI (1 GB),house,512,setup in s,11.062875858
313,1 GB,SCAMPI (1 GB),house,1024,setup in s,30.191763041
314,1 GB,SCAMPI (1 GB),house,2048,setup in s,36.666996764
315,1 GB,SCAMPI (1 GB),house,4096,setup in s,9.888786835
316,1 GB,SCAMPI (1 GB),BlackLeggedKittiwake,512,setup in s,7.433676278
317,1 GB,SCAMPI (1 GB),BlackLeggedKittiwake,1024,setup in s,8.060816097
318,1 GB,SCAMPI (1 GB),BlackLeggedKittiwake,2048,setup in s,8.256733942
319,1 GB,SCAMPI (1 GB),BlackLeggedKittiwake,4096,setup in s,6.48569045
320,0.5 GB,SCAMPI (0.5 GB),lorenzAttractorsLONG,512,setup in s,155.558989155
321,0.5 GB,SCAMPI (0.5 GB),lorenzAttractorsLONG,1024,setup in s,150.973318724
322,0.5 GB,SCAMPI (0.5 GB),lorenzAttractorsLONG,2048,setup in s,143.711354709
323,0.5 GB,SCAMPI (0.5 GB),lorenzAttractorsLONG,4096,setup in s,151.314268116
324,2 GB,SCAMPI (2 GB),water,512,setup in s,17.107025404
325,2 GB,SCAMPI (2 GB),water,1024,setup in s,17.939288636
326,2 GB,SCAMPI (2 GB),water,2048,setup in s,11.232429508
327,2 GB,SCAMPI (2 GB),water,4096,setup in s,9.594288628
328,2 GB,SCAMPI (2 GB),stator_winding,512,setup in s,14.029930701
329,2 GB,SCAMPI (2 GB),stator_winding,1024,setup in s,13.410678524
330,2 GB,SCAMPI (2 GB),stator_winding,2048,setup in s,13.585971025
331,2 GB,SCAMPI (2 GB),stator_winding,4096,setup in s,13.346989393
332,0.25 GB,SCAMPI (0.25 GB),water,512,setup in s,17.878279675
333,0.25 GB,SCAMPI (0.25 GB),water,1024,setup in s,18.092358923
334,0.25 GB,SCAMPI (0.25 GB),water,2048,setup in s,5.231903129
335,0.25 GB,SCAMPI (0.25 GB),water,4096,setup in s,3.321489331
336,0.25 GB,SCAMPI (0.25 GB),CinC_Challenge,512,setup in s,34.366073768
337,0.25 GB,SCAMPI (0.25 GB),CinC_Challenge,1024,setup in s,42.647672153
338,0.25 GB,SCAMPI (0.25 GB),CinC_Challenge,2048,setup in s,40.885922118
339,0.25 GB,SCAMPI (0.25 GB),CinC_Challenge,4096,setup in s,41.045789745
340,32 GB,SCAMPI (32 GB),stator_winding,512,setup in s,60.826670652
341,32 GB,SCAMPI (32 GB),stator_winding,1024,setup in s,52.20450579
342,32 GB,SCAMPI (32 GB),stator_winding,2048,setup in s,56.461475323
343,32 GB,SCAMPI (32 GB),stator_winding,4096,setup in s,64.205284998
344,0.25 GB,SCAMPI (0.25 GB),WindTurbine,512,setup in s,25.899037644
345,0.25 GB,SCAMPI (0.25 GB),WindTurbine,1024,setup in s,32.746902938
346,0.25 GB,SCAMPI (0.25 GB),WindTurbine,2048,setup in s,36.333603468
347,0.25 GB,SCAMPI (0.25 GB),WindTurbine,4096,setup in s,40.178155287
348,0.5 GB,SCAMPI (0.5 GB),BlackLeggedKittiwake,512,setup in s,5.151330889
349,0.5 GB,SCAMPI (0.5 GB),BlackLeggedKittiwake,1024,setup in s,5.713998627
350,0.5 GB,SCAMPI (0.5 GB),BlackLeggedKittiwake,2048,setup in s,5.797044724
351,0.5 GB,SCAMPI (0.5 GB),BlackLeggedKittiwake,4096,setup in s,4.325346721
352,16 GB,SCAMPI (16 GB),SynchrophasorEventsLarge,512,setup in s,267.49170145
353,16 GB,SCAMPI (16 GB),SynchrophasorEventsLarge,1024,setup in s,288.382860509
354,16 GB,SCAMPI (16 GB),SynchrophasorEventsLarge,2048,setup in s,281.061282727
355,16 GB,SCAMPI (16 GB),SynchrophasorEventsLarge,4096,setup in s,323.820658592
356,2 GB,SCAMPI (2 GB),SpainishEnergyDataset5sec,512,setup in s,122.502033201
357,2 GB,SCAMPI (2 GB),SpainishEnergyDataset5sec,1024,setup in s,128.576229117
358,2 GB,SCAMPI (2 GB),SpainishEnergyDataset5sec,2048,setup in s,133.259757243
359,2 GB,SCAMPI (2 GB),SpainishEnergyDataset5sec,4096,setup in s,139.572901376
360,2 GB,SCAMPI (2 GB),EOG_one_hour_50_Hz,512,setup in s,14.608473147
361,2 GB,SCAMPI (2 GB),EOG_one_hour_50_Hz,1024,setup in s,9.780629775
362,2 GB,SCAMPI (2 GB),EOG_one_hour_50_Hz,2048,setup in s,16.588530808
363,2 GB,SCAMPI (2 GB),EOG_one_hour_50_Hz,4096,setup in s,20.002627857
364,8 GB,SCAMPI (8 GB),house,512,setup in s,11.774139833
365,8 GB,SCAMPI (8 GB),house,1024,setup in s,31.670343843
366,8 GB,SCAMPI (8 GB),house,2048,setup in s,41.617069271
367,8 GB,SCAMPI (8 GB),house,4096,setup in s,29.46612517
368,8 GB,SCAMPI (8 GB),BlackLeggedKittiwake,512,setup in s,39.857536314
369,8 GB,SCAMPI (8 GB),BlackLeggedKittiwake,1024,setup in s,40.545946711
370,8 GB,SCAMPI (8 GB),BlackLeggedKittiwake,2048,setup in s,40.191077259
371,8 GB,SCAMPI (8 GB),BlackLeggedKittiwake,4096,setup in s,35.797635492
372,2 GB,SCAMPI (2 GB),swtAttack38,512,setup in s,1.99660736
373,2 GB,SCAMPI (2 GB),swtAttack38,1024,setup in s,17.58536746
374,2 GB,SCAMPI (2 GB),swtAttack38,2048,setup in s,16.987271266
375,2 GB,SCAMPI (2 GB),swtAttack38,4096,setup in s,16.618460185
376,32 GB,SCAMPI (32 GB),swtAttack7,512,setup in s,13.705497756
377,32 GB,SCAMPI (32 GB),swtAttack7,1024,setup in s,77.097732374
378,32 GB,SCAMPI (32 GB),swtAttack7,2048,setup in s,31.856501466
379,32 GB,SCAMPI (32 GB),swtAttack7,4096,setup in s,28.913728964
380,16 GB,SCAMPI (16 GB),MGHSleepElectromyography,512,setup in s,44.58087538
381,16 GB,SCAMPI (16 GB),MGHSleepElectromyography,1024,setup in s,45.660080336
382,16 GB,SCAMPI (16 GB),MGHSleepElectromyography,2048,setup in s,47.974596269
383,16 GB,SCAMPI (16 GB),MGHSleepElectromyography,4096,setup in s,45.06544622
384,0.5 GB,SCAMPI (0.5 GB),FingerFlexionECoG,512,setup in s,124.643044446
385,0.5 GB,SCAMPI (0.5 GB),FingerFlexionECoG,1024,setup in s,124.363790202
386,0.5 GB,SCAMPI (0.5 GB),FingerFlexionECoG,2048,setup in s,126.023684631
387,0.5 GB,SCAMPI (0.5 GB),FingerFlexionECoG,4096,setup in s,143.50147191
388,16 GB,SCAMPI (16 GB),solarwind,512,setup in s,44.700872258
389,16 GB,SCAMPI (16 GB),solarwind,1024,setup in s,47.389415838
390,16 GB,SCAMPI (16 GB),solarwind,2048,setup in s,44.261159576
391,16 GB,SCAMPI (16 GB),solarwind,4096,setup in s,44.306831882
392,0.5 GB,SCAMPI (0.5 GB),SynchrophasorEventsLarge,512,setup in s,264.29433629
393,0.5 GB,SCAMPI (0.5 GB),SynchrophasorEventsLarge,1024,setup in s,287.294721813
394,0.5 GB,SCAMPI (0.5 GB),SynchrophasorEventsLarge,2048,setup in s,266.044703771
395,0.5 GB,SCAMPI (0.5 GB),SynchrophasorEventsLarge,4096,setup in s,315.077062425
396,0.25 GB,SCAMPI (0.25 GB),Lab_K_060314,512,setup in s,5.915945085
397,0.25 GB,SCAMPI (0.25 GB),Lab_K_060314,1024,setup in s,6.019678455
398,0.25 GB,SCAMPI (0.25 GB),Lab_K_060314,2048,setup in s,6.300803701
399,0.25 GB,SCAMPI (0.25 GB),Lab_K_060314,4096,setup in s,6.158677073
400,32 GB,SCAMPI (32 GB),house,512,setup in s,35.3665049
401,32 GB,SCAMPI (32 GB),house,1024,setup in s,35.319496659
402,32 GB,SCAMPI (32 GB),house,2048,setup in s,40.570319715
403,32 GB,SCAMPI (32 GB),house,4096,setup in s,91.902376531
404,32 GB,SCAMPI (32 GB),BlackLeggedKittiwake,512,setup in s,162.781578663
405,32 GB,SCAMPI (32 GB),BlackLeggedKittiwake,1024,setup in s,56.139109956
406,32 GB,SCAMPI (32 GB),BlackLeggedKittiwake,2048,setup in s,156.987760926
407,32 GB,SCAMPI (32 GB),BlackLeggedKittiwake,4096,setup in s,121.573072267
408,16 GB,SCAMPI (16 GB),swtAttack38,512,setup in s,1.9343397230000001
409,16 GB,SCAMPI (16 GB),swtAttack38,1024,setup in s,36.640662759
410,16 GB,SCAMPI (16 GB),swtAttack38,2048,setup in s,53.274012116
411,16 GB,SCAMPI (16 GB),swtAttack38,4096,setup in s,16.793288746
412,8 GB,SCAMPI (8 GB),SynchrophasorEventsLarge,512,setup in s,273.9739215
413,8 GB,SCAMPI (8 GB),SynchrophasorEventsLarge,1024,setup in s,292.031129266
414,8 GB,SCAMPI (8 GB),SynchrophasorEventsLarge,2048,setup in s,280.343193407
415,8 GB,SCAMPI (8 GB),SynchrophasorEventsLarge,4096,setup in s,324.086503088
416,0.5 GB,SCAMPI (0.5 GB),Lab_FD_061014,512,setup in s,9.892917431
417,0.5 GB,SCAMPI (0.5 GB),Lab_FD_061014,1024,setup in s,11.321872048
418,0.5 GB,SCAMPI (0.5 GB),Lab_FD_061014,2048,setup in s,8.190773589
419,0.5 GB,SCAMPI (0.5 GB),Lab_FD_061014,4096,setup in s,10.232980018
420,0.25 GB,SCAMPI (0.25 GB),HAR_Ambient_Sensor_Data,512,setup in s,16.272688881
421,0.25 GB,SCAMPI (0.25 GB),HAR_Ambient_Sensor_Data,1024,setup in s,17.062268488
422,0.25 GB,SCAMPI (0.25 GB),HAR_Ambient_Sensor_Data,2048,setup in s,17.467551304
423,0.25 GB,SCAMPI (0.25 GB),HAR_Ambient_Sensor_Data,4096,setup in s,2.810679125
424,0.25 GB,SCAMPI (0.25 GB),SpainishEnergyDataset,512,setup in s,17.737003408
425,0.25 GB,SCAMPI (0.25 GB),SpainishEnergyDataset,1024,setup in s,18.290370328
426,0.25 GB,SCAMPI (0.25 GB),SpainishEnergyDataset,2048,setup in s,19.878361103
427,0.25 GB,SCAMPI (0.25 GB),SpainishEnergyDataset,4096,setup in s,8.180899693
428,2 GB,SCAMPI (2 GB),CinC_Challenge,512,setup in s,34.113731977
429,2 GB,SCAMPI (2 GB),CinC_Challenge,1024,setup in s,43.129072472
430,2 GB,SCAMPI (2 GB),CinC_Challenge,2048,setup in s,42.243328867
431,2 GB,SCAMPI (2 GB),CinC_Challenge,4096,setup in s,42.864681044
432,16 GB,SCAMPI (16 GB),SpainishEnergyDataset,512,setup in s,17.891264087
433,16 GB,SCAMPI (16 GB),SpainishEnergyDataset,1024,setup in s,17.44703453
434,16 GB,SCAMPI (16 GB),SpainishEnergyDataset,2048,setup in s,19.536713067
435,16 GB,SCAMPI (16 GB),SpainishEnergyDataset,4096,setup in s,7.891508029
436,1 GB,SCAMPI (1 GB),SynchrophasorEventsLarge,512,setup in s,272.125231348
437,1 GB,SCAMPI (1 GB),SynchrophasorEventsLarge,1024,setup in s,297.285177214
438,1 GB,SCAMPI (1 GB),SynchrophasorEventsLarge,2048,setup in s,258.020855573
439,1 GB,SCAMPI (1 GB),SynchrophasorEventsLarge,4096,setup in s,300.931276163
440,0.25 GB,SCAMPI (0.25 GB),EOG_one_hour_50_Hz,512,setup in s,4.589615873
441,0.25 GB,SCAMPI (0.25 GB),EOG_one_hour_50_Hz,1024,setup in s,3.981490997
442,0.25 GB,SCAMPI (0.25 GB),EOG_one_hour_50_Hz,2048,setup in s,4.016721234
443,0.25 GB,SCAMPI (0.25 GB),EOG_one_hour_50_Hz,4096,setup in s,4.101088359
444,16 GB,SCAMPI (16 GB),EOG_one_hour_50_Hz,512,setup in s,14.29885259
445,16 GB,SCAMPI (16 GB),EOG_one_hour_50_Hz,1024,setup in s,9.828115206
446,16 GB,SCAMPI (16 GB),EOG_one_hour_50_Hz,2048,setup in s,16.673459725
447,16 GB,SCAMPI (16 GB),EOG_one_hour_50_Hz,4096,setup in s,19.221084052
448,0.25 GB,SCAMPI (0.25 GB),Bird12-Week3_2018_1_10,512,setup in s,48.135774775
449,0.25 GB,SCAMPI (0.25 GB),Bird12-Week3_2018_1_10,1024,setup in s,10.713877742
450,0.25 GB,SCAMPI (0.25 GB),Bird12-Week3_2018_1_10,2048,setup in s,10.213429303
451,0.25 GB,SCAMPI (0.25 GB),Bird12-Week3_2018_1_10,4096,setup in s,12.04094021
452,4 GB,SCAMPI (4 GB),house,512,setup in s,11.280993069
453,4 GB,SCAMPI (4 GB),house,1024,setup in s,30.174564617
454,4 GB,SCAMPI (4 GB),house,2048,setup in s,39.690219977
455,4 GB,SCAMPI (4 GB),house,4096,setup in s,17.987223758
456,4 GB,SCAMPI (4 GB),BlackLeggedKittiwake,512,setup in s,21.277983097
457,4 GB,SCAMPI (4 GB),BlackLeggedKittiwake,1024,setup in s,22.481782539
458,4 GB,SCAMPI (4 GB),BlackLeggedKittiwake,2048,setup in s,22.598619625
459,4 GB,SCAMPI (4 GB),BlackLeggedKittiwake,4096,setup in s,19.450464401
460,2 GB,SCAMPI (2 GB),Bird12-Week3_2018_1_10,512,setup in s,50.404350396
461,2 GB,SCAMPI (2 GB),Bird12-Week3_2018_1_10,1024,setup in s,14.393674388
462,2 GB,SCAMPI (2 GB),Bird12-Week3_2018_1_10,2048,setup in s,13.73360326
463,2 GB,SCAMPI (2 GB),Bird12-Week3_2018_1_10,4096,setup in s,14.96343424
464,16 GB,SCAMPI (16 GB),HAR_Ambient_Sensor_Data,512,setup in s,16.366463664
465,16 GB,SCAMPI (16 GB),HAR_Ambient_Sensor_Data,1024,setup in s,16.067894007
466,16 GB,SCAMPI (16 GB),HAR_Ambient_Sensor_Data,2048,setup in s,16.75816271
467,16 GB,SCAMPI (16 GB),HAR_Ambient_Sensor_Data,4096,setup in s,58.480544403
468,0.5 GB,SCAMPI (0.5 GB),Challenge2009TestSetA_101a,512,setup in s,5.657436949
469,0.5 GB,SCAMPI (0.5 GB),Challenge2009TestSetA_101a,1024,setup in s,5.676804018
470,0.5 GB,SCAMPI (0.5 GB),Challenge2009TestSetA_101a,2048,setup in s,4.994399327
471,0.5 GB,SCAMPI (0.5 GB),Challenge2009TestSetA_101a,4096,setup in s,5.44599477
472,16 GB,SCAMPI (16 GB),EOG_one_hour_400_Hz,512,setup in s,74.629592832
473,16 GB,SCAMPI (16 GB),EOG_one_hour_400_Hz,1024,setup in s,63.822709791
474,16 GB,SCAMPI (16 GB),EOG_one_hour_400_Hz,2048,setup in s,69.955684036
475,16 GB,SCAMPI (16 GB),EOG_one_hour_400_Hz,4096,setup in s,65.371315113
476,1 GB,SCAMPI (1 GB),WindTurbine,512,setup in s,26.114543964
477,1 GB,SCAMPI (1 GB),WindTurbine,1024,setup in s,33.200067814
478,1 GB,SCAMPI (1 GB),WindTurbine,2048,setup in s,36.400020964
479,1 GB,SCAMPI (1 GB),WindTurbine,4096,setup in s,41.134884651
480,16 GB,SCAMPI (16 GB),Challenge2009Respiration500HZ,512,setup in s,19.356244229
481,16 GB,SCAMPI (16 GB),Challenge2009Respiration500HZ,1024,setup in s,16.91536657
482,16 GB,SCAMPI (16 GB),Challenge2009Respiration500HZ,2048,setup in s,57.715138475
483,16 GB,SCAMPI (16 GB),Challenge2009Respiration500HZ,4096,setup in s,59.139633366
484,0.25 GB,SCAMPI (0.25 GB),EOG_one_hour_400_Hz,512,setup in s,4.510173833
485,0.25 GB,SCAMPI (0.25 GB),EOG_one_hour_400_Hz,1024,setup in s,4.089432877
486,0.25 GB,SCAMPI (0.25 GB),EOG_one_hour_400_Hz,2048,setup in s,2.813421098
487,0.25 GB,SCAMPI (0.25 GB),EOG_one_hour_400_Hz,4096,setup in s,2.72987344
488,8 GB,SCAMPI (8 GB),Lab_K_060314,512,setup in s,23.2990185
489,8 GB,SCAMPI (8 GB),Lab_K_060314,1024,setup in s,23.338939693
490,8 GB,SCAMPI (8 GB),Lab_K_060314,2048,setup in s,23.325229534
491,8 GB,SCAMPI (8 GB),Lab_K_060314,4096,setup in s,23.657527388
492,32 GB,SCAMPI (32 GB),lorenzAttractorsLONG,512,setup in s,159.187994145
493,32 GB,SCAMPI (32 GB),lorenzAttractorsLONG,1024,setup in s,170.439020675
494,32 GB,SCAMPI (32 GB),lorenzAttractorsLONG,2048,setup in s,200.873624364
495,32 GB,SCAMPI (32 GB),lorenzAttractorsLONG,4096,setup in s,218.133349806
496,8 GB,SCAMPI (8 GB),recorddata,512,setup in s,295.431951422
497,8 GB,SCAMPI (8 GB),recorddata,1024,setup in s,302.626741433
498,8 GB,SCAMPI (8 GB),recorddata,2048,setup in s,301.155277906
499,8 GB,SCAMPI (8 GB),recorddata,4096,setup in s,300.385099718
500,1 GB,SCAMPI (1 GB),HAR_Ambient_Sensor_Data,512,setup in s,15.080821127
501,1 GB,SCAMPI (1 GB),HAR_Ambient_Sensor_Data,1024,setup in s,15.979536213
502,1 GB,SCAMPI (1 GB),HAR_Ambient_Sensor_Data,2048,setup in s,17.030998366
503,1 GB,SCAMPI (1 GB),HAR_Ambient_Sensor_Data,4096,setup in s,5.367111191
504,8 GB,SCAMPI (8 GB),SpainishEnergyDataset,512,setup in s,17.03798379
505,8 GB,SCAMPI (8 GB),SpainishEnergyDataset,1024,setup in s,17.189487382
506,8 GB,SCAMPI (8 GB),SpainishEnergyDataset,2048,setup in s,19.838227988
507,8 GB,SCAMPI (8 GB),SpainishEnergyDataset,4096,setup in s,8.249305945
508,0.25 GB,SCAMPI (0.25 GB),swtAttack38,512,setup in s,2.029068959
509,0.25 GB,SCAMPI (0.25 GB),swtAttack38,1024,setup in s,4.290526705
510,0.25 GB,SCAMPI (0.25 GB),swtAttack38,2048,setup in s,3.853062554
511,0.25 GB,SCAMPI (0.25 GB),swtAttack38,4096,setup in s,3.8023331860000003
512,2 GB,SCAMPI (2 GB),Lab_FD_061014,512,setup in s,13.363138451
513,2 GB,SCAMPI (2 GB),Lab_FD_061014,1024,setup in s,14.713137059
514,2 GB,SCAMPI (2 GB),Lab_FD_061014,2048,setup in s,11.383909422
515,2 GB,SCAMPI (2 GB),Lab_FD_061014,4096,setup in s,13.347091895
516,1 GB,SCAMPI (1 GB),Lab_K_060314,512,setup in s,7.844144621
517,1 GB,SCAMPI (1 GB),Lab_K_060314,1024,setup in s,7.775568097
518,1 GB,SCAMPI (1 GB),Lab_K_060314,2048,setup in s,7.844179455
519,1 GB,SCAMPI (1 GB),Lab_K_060314,4096,setup in s,7.906173912
520,8 GB,SCAMPI (8 GB),WindTurbine,512,setup in s,25.617573045
521,8 GB,SCAMPI (8 GB),WindTurbine,1024,setup in s,31.985425244
522,8 GB,SCAMPI (8 GB),WindTurbine,2048,setup in s,35.615490438
523,8 GB,SCAMPI (8 GB),WindTurbine,4096,setup in s,40.460647615
524,4 GB,SCAMPI (4 GB),swtAttack7,512,setup in s,9.037313302
525,4 GB,SCAMPI (4 GB),swtAttack7,1024,setup in s,33.128581073
526,4 GB,SCAMPI (4 GB),swtAttack7,2048,setup in s,31.921089941
527,4 GB,SCAMPI (4 GB),swtAttack7,4096,setup in s,27.004138691
528,2 GB,SCAMPI (2 GB),EOG_one_hour_400_Hz,512,setup in s,12.213053345
529,2 GB,SCAMPI (2 GB),EOG_one_hour_400_Hz,1024,setup in s,11.47226388
530,2 GB,SCAMPI (2 GB),EOG_one_hour_400_Hz,2048,setup in s,10.517702681
531,2 GB,SCAMPI (2 GB),EOG_one_hour_400_Hz,4096,setup in s,9.895428468
532,32 GB,SCAMPI (32 GB),recorddata,512,setup in s,285.641827628
533,32 GB,SCAMPI (32 GB),recorddata,1024,setup in s,297.495619331
534,32 GB,SCAMPI (32 GB),recorddata,2048,setup in s,306.301296171
535,32 GB,SCAMPI (32 GB),recorddata,4096,setup in s,331.904419455
536,0.5 GB,SCAMPI (0.5 GB),house,512,setup in s,11.176887704
537,0.5 GB,SCAMPI (0.5 GB),house,1024,setup in s,30.035408002
538,0.5 GB,SCAMPI (0.5 GB),house,2048,setup in s,35.694474425
539,0.5 GB,SCAMPI (0.5 GB),house,4096,setup in s,8.581238963
540,4 GB,SCAMPI (4 GB),solarwind,512,setup in s,19.613291935
541,4 GB,SCAMPI (4 GB),solarwind,1024,setup in s,21.260543948
542,4 GB,SCAMPI (4 GB),solarwind,2048,setup in s,19.923465244
543,4 GB,SCAMPI (4 GB),solarwind,4096,setup in s,16.286624583
544,1 GB,SCAMPI (1 GB),SpainishEnergyDataset,512,setup in s,17.592789934
545,1 GB,SCAMPI (1 GB),SpainishEnergyDataset,1024,setup in s,17.658759968000002
546,1 GB,SCAMPI (1 GB),SpainishEnergyDataset,2048,setup in s,19.797148488
547,1 GB,SCAMPI (1 GB),SpainishEnergyDataset,4096,setup in s,7.974950852
548,2 GB,SCAMPI (2 GB),FingerFlexionECoG,512,setup in s,123.258685905
549,2 GB,SCAMPI (2 GB),FingerFlexionECoG,1024,setup in s,121.6563906
550,2 GB,SCAMPI (2 GB),FingerFlexionECoG,2048,setup in s,123.750632758
551,2 GB,SCAMPI (2 GB),FingerFlexionECoG,4096,setup in s,137.629072021
552,32 GB,SCAMPI (32 GB),SpainishEnergyDataset5sec,512,setup in s,128.604860068
553,32 GB,SCAMPI (32 GB),SpainishEnergyDataset5sec,1024,setup in s,132.88163592
554,32 GB,SCAMPI (32 GB),SpainishEnergyDataset5sec,2048,setup in s,146.69858974
555,32 GB,SCAMPI (32 GB),SpainishEnergyDataset5sec,4096,setup in s,170.726432567
556,1 GB,SCAMPI (1 GB),recorddata,512,setup in s,298.722850482
557,1 GB,SCAMPI (1 GB),recorddata,1024,setup in s,293.850064696
558,1 GB,SCAMPI (1 GB),recorddata,2048,setup in s,292.15411896
559,1 GB,SCAMPI (1 GB),recorddata,4096,setup in s,318.69494818
560,8 GB,SCAMPI (8 GB),HAR_Ambient_Sensor_Data,512,setup in s,15.728203503
561,8 GB,SCAMPI (8 GB),HAR_Ambient_Sensor_Data,1024,setup in s,16.725003307
562,8 GB,SCAMPI (8 GB),HAR_Ambient_Sensor_Data,2048,setup in s,16.997822648
563,8 GB,SCAMPI (8 GB),HAR_Ambient_Sensor_Data,4096,setup in s,30.511222626
564,4 GB,SCAMPI (4 GB),Challenge2009Respiration500HZ,512,setup in s,17.811849935
565,4 GB,SCAMPI (4 GB),Challenge2009Respiration500HZ,1024,setup in s,18.525629059
566,4 GB,SCAMPI (4 GB),Challenge2009Respiration500HZ,2048,setup in s,16.709486636
567,4 GB,SCAMPI (4 GB),Challenge2009Respiration500HZ,4096,setup in s,16.501176476
568,0.25 GB,SCAMPI (0.25 GB),house,512,setup in s,11.402936625
569,0.25 GB,SCAMPI (0.25 GB),house,1024,setup in s,29.749745315
570,0.25 GB,SCAMPI (0.25 GB),house,2048,setup in s,34.581958472
571,0.25 GB,SCAMPI (0.25 GB),house,4096,setup in s,8.185993222
572,16 GB,SCAMPI (16 GB),SpainishEnergyDataset5sec,512,setup in s,116.125878793
573,16 GB,SCAMPI (16 GB),SpainishEnergyDataset5sec,1024,setup in s,128.320151709
574,16 GB,SCAMPI (16 GB),SpainishEnergyDataset5sec,2048,setup in s,125.615030673
575,16 GB,SCAMPI (16 GB),SpainishEnergyDataset5sec,4096,setup in s,134.31318364
576,4 GB,SCAMPI (4 GB),SpainishEnergyDataset5sec,512,setup in s,121.104206584
577,4 GB,SCAMPI (4 GB),SpainishEnergyDataset5sec,1024,setup in s,127.75932629
578,4 GB,SCAMPI (4 GB),SpainishEnergyDataset5sec,2048,setup in s,127.918406339
579,4 GB,SCAMPI (4 GB),SpainishEnergyDataset5sec,4096,setup in s,132.402262134
580,4 GB,SCAMPI (4 GB),stator_winding,512,setup in s,22.155289949
581,4 GB,SCAMPI (4 GB),stator_winding,1024,setup in s,22.869612725
582,4 GB,SCAMPI (4 GB),stator_winding,2048,setup in s,23.48925458
583,4 GB,SCAMPI (4 GB),stator_winding,4096,setup in s,23.195046485
584,1 GB,SCAMPI (1 GB),CinC_Challenge,512,setup in s,34.405748409
585,1 GB,SCAMPI (1 GB),CinC_Challenge,1024,setup in s,42.427866317
586,1 GB,SCAMPI (1 GB),CinC_Challenge,2048,setup in s,41.091582034
587,1 GB,SCAMPI (1 GB),CinC_Challenge,4096,setup in s,40.935250452
588,4 GB,SCAMPI (4 GB),water,512,setup in s,17.218786965
589,4 GB,SCAMPI (4 GB),water,1024,setup in s,17.767987294
590,4 GB,SCAMPI (4 GB),water,2048,setup in s,18.754247461
591,4 GB,SCAMPI (4 GB),water,4096,setup in s,15.225238047
592,1 GB,SCAMPI (1 GB),Bird12-Week3_2018_1_10,512,setup in s,48.579372297
593,1 GB,SCAMPI (1 GB),Bird12-Week3_2018_1_10,1024,setup in s,11.984268155
594,1 GB,SCAMPI (1 GB),Bird12-Week3_2018_1_10,2048,setup in s,11.924958072
595,1 GB,SCAMPI (1 GB),Bird12-Week3_2018_1_10,4096,setup in s,13.87055562
596,16 GB,SCAMPI (16 GB),recorddata,512,setup in s,291.52539104
597,16 GB,SCAMPI (16 GB),recorddata,1024,setup in s,294.854096111
598,16 GB,SCAMPI (16 GB),recorddata,2048,setup in s,304.77314489
599,16 GB,SCAMPI (16 GB),recorddata,4096,setup in s,294.957328826
600,2 GB,SCAMPI (2 GB),SynchrophasorEventsLarge,512,setup in s,270.10665369
601,2 GB,SCAMPI (2 GB),SynchrophasorEventsLarge,1024,setup in s,285.425519814
602,2 GB,SCAMPI (2 GB),SynchrophasorEventsLarge,2048,setup in s,278.702419605
603,2 GB,SCAMPI (2 GB),SynchrophasorEventsLarge,4096,setup in s,327.092804001
604,8 GB,SCAMPI (8 GB),CinC_Challenge,512,setup in s,35.936252909
605,8 GB,SCAMPI (8 GB),CinC_Challenge,1024,setup in s,44.753163699
606,8 GB,SCAMPI (8 GB),CinC_Challenge,2048,setup in s,43.061656623
607,8 GB,SCAMPI (8 GB),CinC_Challenge,4096,setup in s,40.937901487
608,0.5 GB,SCAMPI (0.5 GB),EOG_one_hour_400_Hz,512,setup in s,5.625306932
609,0.5 GB,SCAMPI (0.5 GB),EOG_one_hour_400_Hz,1024,setup in s,5.23215067
610,0.5 GB,SCAMPI (0.5 GB),EOG_one_hour_400_Hz,2048,setup in s,3.9996434880000002
611,0.5 GB,SCAMPI (0.5 GB),EOG_one_hour_400_Hz,4096,setup in s,4.012054534
612,16 GB,SCAMPI (16 GB),lorenzAttractorsLONG,512,setup in s,152.08365569
613,16 GB,SCAMPI (16 GB),lorenzAttractorsLONG,1024,setup in s,155.195442458
614,16 GB,SCAMPI (16 GB),lorenzAttractorsLONG,2048,setup in s,138.4330728
615,16 GB,SCAMPI (16 GB),lorenzAttractorsLONG,4096,setup in s,149.151828731
616,4 GB,SCAMPI (4 GB),swtAttack38,512,setup in s,1.946877275
617,4 GB,SCAMPI (4 GB),swtAttack38,1024,setup in s,33.046607562
618,4 GB,SCAMPI (4 GB),swtAttack38,2048,setup in s,33.870789523
619,4 GB,SCAMPI (4 GB),swtAttack38,4096,setup in s,16.904090831
620,0.25 GB,SCAMPI (0.25 GB),Challenge2009TestSetA_101a,512,setup in s,3.4707479
621,0.25 GB,SCAMPI (0.25 GB),Challenge2009TestSetA_101a,1024,setup in s,3.544108351
622,0.25 GB,SCAMPI (0.25 GB),Challenge2009TestSetA_101a,2048,setup in s,3.050415957
623,0.25 GB,SCAMPI (0.25 GB),Challenge2009TestSetA_101a,4096,setup in s,3.496936288
624,0.5 GB,SCAMPI (0.5 GB),swtAttack38,512,setup in s,1.956253741
625,0.5 GB,SCAMPI (0.5 GB),swtAttack38,1024,setup in s,6.010305653
626,0.5 GB,SCAMPI (0.5 GB),swtAttack38,2048,setup in s,5.78584765
627,0.5 GB,SCAMPI (0.5 GB),swtAttack38,4096,setup in s,5.429251715
628,8 GB,SCAMPI (8 GB),Bird12-Week3_2018_1_10,512,setup in s,49.158271342
629,8 GB,SCAMPI (8 GB),Bird12-Week3_2018_1_10,1024,setup in s,28.605805961
630,8 GB,SCAMPI (8 GB),Bird12-Week3_2018_1_10,2048,setup in s,25.706543764
631,8 GB,SCAMPI (8 GB),Bird12-Week3_2018_1_10,4096,setup in s,28.380763371
632,32 GB,SCAMPI (32 GB),Challenge2009Respiration500HZ,512,setup in s,19.898458328
633,32 GB,SCAMPI (32 GB),Challenge2009Respiration500HZ,1024,setup in s,21.422329719
634,32 GB,SCAMPI (32 GB),Challenge2009Respiration500HZ,2048,setup in s,123.059307508
635,32 GB,SCAMPI (32 GB),Challenge2009Respiration500HZ,4096,setup in s,120.506274919
636,32 GB,SCAMPI (32 GB),EOG_one_hour_400_Hz,512,setup in s,151.913075269
637,32 GB,SCAMPI (32 GB),EOG_one_hour_400_Hz,1024,setup in s,69.357683495
638,32 GB,SCAMPI (32 GB),EOG_one_hour_400_Hz,2048,setup in s,76.957313414
639,32 GB,SCAMPI (32 GB),EOG_one_hour_400_Hz,4096,setup in s,136.548460982
640,4 GB,SCAMPI (4 GB),EOG_one_hour_50_Hz,512,setup in s,14.665315774
641,4 GB,SCAMPI (4 GB),EOG_one_hour_50_Hz,1024,setup in s,9.86124375
642,4 GB,SCAMPI (4 GB),EOG_one_hour_50_Hz,2048,setup in s,16.994287004
643,4 GB,SCAMPI (4 GB),EOG_one_hour_50_Hz,4096,setup in s,19.653796072
644,32 GB,SCAMPI (32 GB),EOG_one_hour_50_Hz,512,setup in s,15.872788615
645,32 GB,SCAMPI (32 GB),EOG_one_hour_50_Hz,1024,setup in s,10.496994965
646,32 GB,SCAMPI (32 GB),EOG_one_hour_50_Hz,2048,setup in s,17.247819555
647,32 GB,SCAMPI (32 GB),EOG_one_hour_50_Hz,4096,setup in s,20.436941785
648,4 GB,SCAMPI (4 GB),Challenge2009TestSetA_101a,512,setup in s,34.652093955
649,4 GB,SCAMPI (4 GB),Challenge2009TestSetA_101a,1024,setup in s,32.701272378
650,4 GB,SCAMPI (4 GB),Challenge2009TestSetA_101a,2048,setup in s,32.621620056
651,4 GB,SCAMPI (4 GB),Challenge2009TestSetA_101a,4096,setup in s,32.4427547
652,4 GB,SCAMPI (4 GB),lorenzAttractorsLONG,512,setup in s,152.896481531
653,4 GB,SCAMPI (4 GB),lorenzAttractorsLONG,1024,setup in s,151.120821914
654,4 GB,SCAMPI (4 GB),lorenzAttractorsLONG,2048,setup in s,139.844736268
655,4 GB,SCAMPI (4 GB),lorenzAttractorsLONG,4096,setup in s,148.101764221
656,1 GB,SCAMPI (1 GB),EOG_one_hour_400_Hz,512,setup in s,8.198673031
657,1 GB,SCAMPI (1 GB),EOG_one_hour_400_Hz,1024,setup in s,7.284882386
658,1 GB,SCAMPI (1 GB),EOG_one_hour_400_Hz,2048,setup in s,6.226359649
659,1 GB,SCAMPI (1 GB),EOG_one_hour_400_Hz,4096,setup in s,5.918233798
660,32 GB,SCAMPI (32 GB),HAR_Ambient_Sensor_Data,512,setup in s,18.237479361
661,32 GB,SCAMPI (32 GB),HAR_Ambient_Sensor_Data,1024,setup in s,19.670169612
662,32 GB,SCAMPI (32 GB),HAR_Ambient_Sensor_Data,2048,setup in s,22.936685885
663,32 GB,SCAMPI (32 GB),HAR_Ambient_Sensor_Data,4096,setup in s,118.580069111
664,2 GB,SCAMPI (2 GB),Lab_K_060314,512,setup in s,9.823139092
665,2 GB,SCAMPI (2 GB),Lab_K_060314,1024,setup in s,10.007264929
666,2 GB,SCAMPI (2 GB),Lab_K_060314,2048,setup in s,9.942700724
667,2 GB,SCAMPI (2 GB),Lab_K_060314,4096,setup in s,10.216744758
668,0.5 GB,SCAMPI (0.5 GB),SpainishEnergyDataset,512,setup in s,18.337499709
669,0.5 GB,SCAMPI (0.5 GB),SpainishEnergyDataset,1024,setup in s,18.161102451
670,0.5 GB,SCAMPI (0.5 GB),SpainishEnergyDataset,2048,setup in s,20.005527086
671,0.5 GB,SCAMPI (0.5 GB),SpainishEnergyDataset,4096,setup in s,8.336443807
672,32 GB,SCAMPI (32 GB),SpainishEnergyDataset,512,setup in s,19.05946683
673,32 GB,SCAMPI (32 GB),SpainishEnergyDataset,1024,setup in s,23.019885606
674,32 GB,SCAMPI (32 GB),SpainishEnergyDataset,2048,setup in s,23.682414918
675,32 GB,SCAMPI (32 GB),SpainishEnergyDataset,4096,setup in s,31.186186097
676,2 GB,SCAMPI (2 GB),recorddata,512,setup in s,292.10573544
677,2 GB,SCAMPI (2 GB),recorddata,1024,setup in s,297.995040841
678,2 GB,SCAMPI (2 GB),recorddata,2048,setup in s,299.602958908
679,2 GB,SCAMPI (2 GB),recorddata,4096,setup in s,336.636207418
680,8 GB,SCAMPI (8 GB),Lab_FD_061014,512,setup in s,26.473798935
681,8 GB,SCAMPI (8 GB),Lab_FD_061014,1024,setup in s,27.850841338
682,8 GB,SCAMPI (8 GB),Lab_FD_061014,2048,setup in s,25.294079286
683,8 GB,SCAMPI (8 GB),Lab_FD_061014,4096,setup in s,27.357305778
684,1 GB,SCAMPI (1 GB),FingerFlexionECoG,512,setup in s,124.377420376
685,1 GB,SCAMPI (1 GB),FingerFlexionECoG,1024,setup in s,122.687423474
686,1 GB,SCAMPI (1 GB),FingerFlexionECoG,2048,setup in s,125.209618656
687,1 GB,SCAMPI (1 GB),FingerFlexionECoG,4096,setup in s,139.12233388800001
688,0.5 GB,SCAMPI (0.5 GB),Bird12-Week3_2018_1_10,512,setup in s,50.364410797
689,0.5 GB,SCAMPI (0.5 GB),Bird12-Week3_2018_1_10,1024,setup in s,11.398912811
690,0.5 GB,SCAMPI (0.5 GB),Bird12-Week3_2018_1_10,2048,setup in s,10.952947996
691,0.5 GB,SCAMPI (0.5 GB),Bird12-Week3_2018_1_10,4096,setup in s,12.98965082
692,0.5 GB,SCAMPI (0.5 GB),EOG_one_hour_50_Hz,512,setup in s,7.778058811
693,0.5 GB,SCAMPI (0.5 GB),EOG_one_hour_50_Hz,1024,setup in s,7.193377947
694,0.5 GB,SCAMPI (0.5 GB),EOG_one_hour_50_Hz,2048,setup in s,7.366699348
695,0.5 GB,SCAMPI (0.5 GB),EOG_one_hour_50_Hz,4096,setup in s,7.42201257
696,2 GB,SCAMPI (2 GB),SpainishEnergyDataset,512,setup in s,17.378429485
697,2 GB,SCAMPI (2 GB),SpainishEnergyDataset,1024,setup in s,17.779194049
698,2 GB,SCAMPI (2 GB),SpainishEnergyDataset,2048,setup in s,19.978535128
699,2 GB,SCAMPI (2 GB),SpainishEnergyDataset,4096,setup in s,8.339379758
700,16 GB,SCAMPI (16 GB),house,512,setup in s,11.612549282
701,16 GB,SCAMPI (16 GB),house,1024,setup in s,31.345997496
702,16 GB,SCAMPI (16 GB),house,2048,setup in s,39.510317514
703,16 GB,SCAMPI (16 GB),house,4096,setup in s,49.621039755
704,16 GB,SCAMPI (16 GB),BlackLeggedKittiwake,512,setup in s,71.373396195
705,16 GB,SCAMPI (16 GB),BlackLeggedKittiwake,1024,setup in s,53.761641527
706,16 GB,SCAMPI (16 GB),BlackLeggedKittiwake,2048,setup in s,76.525643084
707,16 GB,SCAMPI (16 GB),BlackLeggedKittiwake,4096,setup in s,75.778773773
708,0.25 GB,SCAMPI (0.25 GB),SynchrophasorEventsLarge,512,setup in s,291.402145029
709,0.25 GB,SCAMPI (0.25 GB),SynchrophasorEventsLarge,1024,setup in s,332.098511231
710,0.25 GB,SCAMPI (0.25 GB),SynchrophasorEventsLarge,2048,setup in s,292.371911583
711,0.25 GB,SCAMPI (0.25 GB),SynchrophasorEventsLarge,4096,setup in s,366.854999257
712,32 GB,SCAMPI (32 GB),swtAttack38,512,setup in s,2.25834174
713,32 GB,SCAMPI (32 GB),swtAttack38,1024,setup in s,36.276483417
714,32 GB,SCAMPI (32 GB),swtAttack38,2048,setup in s,53.175816609
715,32 GB,SCAMPI (32 GB),swtAttack38,4096,setup in s,17.517137705
716,8 GB,SCAMPI (8 GB),EOG_one_hour_400_Hz,512,setup in s,38.513602953
717,8 GB,SCAMPI (8 GB),EOG_one_hour_400_Hz,1024,setup in s,37.379671863
718,8 GB,SCAMPI (8 GB),EOG_one_hour_400_Hz,2048,setup in s,36.045290713
719,8 GB,SCAMPI (8 GB),EOG_one_hour_400_Hz,4096,setup in s,33.516393067
720,2 GB,SCAMPI (2 GB),WindTurbine,512,setup in s,26.082473957
721,2 GB,SCAMPI (2 GB),WindTurbine,1024,setup in s,32.508899595
722,2 GB,SCAMPI (2 GB),WindTurbine,2048,setup in s,35.581304585
723,2 GB,SCAMPI (2 GB),WindTurbine,4096,setup in s,40.141278837
724,0.25 GB,SCAMPI (0.25 GB),FingerFlexionECoG,512,setup in s,120.737695011
725,0.25 GB,SCAMPI (0.25 GB),FingerFlexionECoG,1024,setup in s,124.067249957
726,0.25 GB,SCAMPI (0.25 GB),FingerFlexionECoG,2048,setup in s,128.247425962
727,0.25 GB,SCAMPI (0.25 GB),FingerFlexionECoG,4096,setup in s,138.024659688
728,1 GB,SCAMPI (1 GB),Lab_FD_061014,512,setup in s,10.666977261
729,1 GB,SCAMPI (1 GB),Lab_FD_061014,1024,setup in s,12.348595772
730,1 GB,SCAMPI (1 GB),Lab_FD_061014,2048,setup in s,9.560815526
731,1 GB,SCAMPI (1 GB),Lab_FD_061014,4096,setup in s,11.02153252
732,0.25 GB,SCAMPI (0.25 GB),Lab_FD_061014,512,setup in s,8.906552537
733,0.25 GB,SCAMPI (0.25 GB),Lab_FD_061014,1024,setup in s,10.908451496
734,0.25 GB,SCAMPI (0.25 GB),Lab_FD_061014,2048,setup in s,7.631292324
735,0.25 GB,SCAMPI (0.25 GB),Lab_FD_061014,4096,setup in s,9.565073412
736,4 GB,SCAMPI (4 GB),MGHSleepElectromyography,512,setup in s,15.980073052
737,4 GB,SCAMPI (4 GB),MGHSleepElectromyography,1024,setup in s,15.266587671
738,4 GB,SCAMPI (4 GB),MGHSleepElectromyography,2048,setup in s,16.738282307
739,4 GB,SCAMPI (4 GB),MGHSleepElectromyography,4096,setup in s,16.663390141
740,8 GB,SCAMPI (8 GB),FingerFlexionECoG,512,setup in s,123.472030755
741,8 GB,SCAMPI (8 GB),FingerFlexionECoG,1024,setup in s,120.658484796
742,8 GB,SCAMPI (8 GB),FingerFlexionECoG,2048,setup in s,123.772189796
743,8 GB,SCAMPI (8 GB),FingerFlexionECoG,4096,setup in s,141.692460043
744,0.5 GB,SCAMPI (0.5 GB),HAR_Ambient_Sensor_Data,512,setup in s,17.875885092
745,0.5 GB,SCAMPI (0.5 GB),HAR_Ambient_Sensor_Data,1024,setup in s,16.497694976000002
746,0.5 GB,SCAMPI (0.5 GB),HAR_Ambient_Sensor_Data,2048,setup in s,17.275381469
747,0.5 GB,SCAMPI (0.5 GB),HAR_Ambient_Sensor_Data,4096,setup in s,3.660757736
748,32 GB,SCAMPI (32 GB),MGHSleepElectromyography,512,setup in s,31.861698187000002
749,32 GB,SCAMPI (32 GB),MGHSleepElectromyography,1024,setup in s,78.109851534
750,32 GB,SCAMPI (32 GB),MGHSleepElectromyography,2048,setup in s,80.968927459
751,32 GB,SCAMPI (32 GB),MGHSleepElectromyography,4096,setup in s,81.184704843
752,16 GB,SCAMPI (16 GB),swtAttack7,512,setup in s,9.001812426
753,16 GB,SCAMPI (16 GB),swtAttack7,1024,setup in s,78.256609515
754,16 GB,SCAMPI (16 GB),swtAttack7,2048,setup in s,33.077612589
755,16 GB,SCAMPI (16 GB),swtAttack7,4096,setup in s,28.025867477
756,32 GB,SCAMPI (32 GB),solarwind,512,setup in s,89.107650187
757,32 GB,SCAMPI (32 GB),solarwind,1024,setup in s,85.052851984
758,32 GB,SCAMPI (32 GB),solarwind,2048,setup in s,85.714544954
759,32 GB,SCAMPI (32 GB),solarwind,4096,setup in s,82.036540452
760,2 GB,SCAMPI (2 GB),HAR_Ambient_Sensor_Data,512,setup in s,15.455133713
761,2 GB,SCAMPI (2 GB),HAR_Ambient_Sensor_Data,1024,setup in s,18.275417912
762,2 GB,SCAMPI (2 GB),HAR_Ambient_Sensor_Data,2048,setup in s,18.478295636
763,2 GB,SCAMPI (2 GB),HAR_Ambient_Sensor_Data,4096,setup in s,9.320218633
764,0.5 GB,SCAMPI (0.5 GB),Lab_K_060314,512,setup in s,6.519734653
765,0.5 GB,SCAMPI (0.5 GB),Lab_K_060314,1024,setup in s,6.699246937
766,0.5 GB,SCAMPI (0.5 GB),Lab_K_060314,2048,setup in s,6.671798305
767,0.5 GB,SCAMPI (0.5 GB),Lab_K_060314,4096,setup in s,6.729921647
768,4 GB,SCAMPI (4 GB),Lab_FD_061014,512,discovery in s,26.717508598
769,4 GB,SCAMPI (4 GB),Lab_FD_061014,1024,discovery in s,29.953153015
770,4 GB,SCAMPI (4 GB),Lab_FD_061014,2048,discovery in s,44.36379771
771,4 GB,SCAMPI (4 GB),Lab_FD_061014,4096,discovery in s,52.434497037
772,1 GB,SCAMPI (1 GB),MGHSleepElectromyography,512,discovery in s,12.362559644
773,1 GB,SCAMPI (1 GB),MGHSleepElectromyography,1024,discovery in s,10.99913732
774,1 GB,SCAMPI (1 GB),MGHSleepElectromyography,2048,discovery in s,9.514898386
775,1 GB,SCAMPI (1 GB),MGHSleepElectromyography,4096,discovery in s,18.735409704
776,8 GB,SCAMPI (8 GB),lorenzAttractorsLONG,512,discovery in s,19.037570584
777,8 GB,SCAMPI (8 GB),lorenzAttractorsLONG,1024,discovery in s,49.524125492
778,8 GB,SCAMPI (8 GB),lorenzAttractorsLONG,2048,discovery in s,1.075182984
779,8 GB,SCAMPI (8 GB),lorenzAttractorsLONG,4096,discovery in s,118.6750513
780,8 GB,SCAMPI (8 GB),Challenge2009TestSetA_101a,512,discovery in s,83.25930633
781,8 GB,SCAMPI (8 GB),Challenge2009TestSetA_101a,1024,discovery in s,56.321242796
782,8 GB,SCAMPI (8 GB),Challenge2009TestSetA_101a,2048,discovery in s,83.638734699
783,8 GB,SCAMPI (8 GB),Challenge2009TestSetA_101a,4096,discovery in s,74.14051392
784,0.25 GB,SCAMPI (0.25 GB),lorenzAttractorsLONG,512,discovery in s,21.743046129
785,0.25 GB,SCAMPI (0.25 GB),lorenzAttractorsLONG,1024,discovery in s,46.890186472
786,0.25 GB,SCAMPI (0.25 GB),lorenzAttractorsLONG,2048,discovery in s,1.347908732
787,0.25 GB,SCAMPI (0.25 GB),lorenzAttractorsLONG,4096,discovery in s,118.54010187
788,2 GB,SCAMPI (2 GB),Challenge2009Respiration500HZ,512,discovery in s,1.598220738
789,2 GB,SCAMPI (2 GB),Challenge2009Respiration500HZ,1024,discovery in s,0.41704559300000005
790,2 GB,SCAMPI (2 GB),Challenge2009Respiration500HZ,2048,discovery in s,34.128903889
791,2 GB,SCAMPI (2 GB),Challenge2009Respiration500HZ,4096,discovery in s,32.867579272
792,16 GB,SCAMPI (16 GB),stator_winding,512,discovery in s,121.77761122
793,16 GB,SCAMPI (16 GB),stator_winding,1024,discovery in s,88.540662875
794,16 GB,SCAMPI (16 GB),stator_winding,2048,discovery in s,94.919843189
795,16 GB,SCAMPI (16 GB),stator_winding,4096,discovery in s,108.141869805
796,4 GB,SCAMPI (4 GB),FingerFlexionECoG,512,discovery in s,25.411447824
797,4 GB,SCAMPI (4 GB),FingerFlexionECoG,1024,discovery in s,53.351503637
798,4 GB,SCAMPI (4 GB),FingerFlexionECoG,2048,discovery in s,45.088810008
799,4 GB,SCAMPI (4 GB),FingerFlexionECoG,4096,discovery in s,6.520645167
800,8 GB,SCAMPI (8 GB),MGHSleepElectromyography,512,discovery in s,74.283639323
801,8 GB,SCAMPI (8 GB),MGHSleepElectromyography,1024,discovery in s,58.734666173
802,8 GB,SCAMPI (8 GB),MGHSleepElectromyography,2048,discovery in s,48.868858804
803,8 GB,SCAMPI (8 GB),MGHSleepElectromyography,4096,discovery in s,57.125933236
804,32 GB,SCAMPI (32 GB),SynchrophasorEventsLarge,512,discovery in s,73.965557179
805,32 GB,SCAMPI (32 GB),SynchrophasorEventsLarge,1024,discovery in s,98.663109172
806,32 GB,SCAMPI (32 GB),SynchrophasorEventsLarge,2048,discovery in s,132.15718394
807,32 GB,SCAMPI (32 GB),SynchrophasorEventsLarge,4096,discovery in s,287.535006301
808,0.25 GB,SCAMPI (0.25 GB),BlackLeggedKittiwake,512,discovery in s,5.509799325
809,0.25 GB,SCAMPI (0.25 GB),BlackLeggedKittiwake,1024,discovery in s,5.019845319
810,0.25 GB,SCAMPI (0.25 GB),BlackLeggedKittiwake,2048,discovery in s,5.720554905
811,0.25 GB,SCAMPI (0.25 GB),BlackLeggedKittiwake,4096,discovery in s,7.880695779
812,0.5 GB,SCAMPI (0.5 GB),WindTurbine,512,discovery in s,0.6370903910000001
813,0.5 GB,SCAMPI (0.5 GB),WindTurbine,1024,discovery in s,0.8999443030000001
814,0.5 GB,SCAMPI (0.5 GB),WindTurbine,2048,discovery in s,1.857808868
815,0.5 GB,SCAMPI (0.5 GB),WindTurbine,4096,discovery in s,2.352813112
816,1 GB,SCAMPI (1 GB),lorenzAttractorsLONG,512,discovery in s,21.875679326
817,1 GB,SCAMPI (1 GB),lorenzAttractorsLONG,1024,discovery in s,45.676926752
818,1 GB,SCAMPI (1 GB),lorenzAttractorsLONG,2048,discovery in s,0.9917746570000001
819,1 GB,SCAMPI (1 GB),lorenzAttractorsLONG,4096,discovery in s,119.667369452
820,1 GB,SCAMPI (1 GB),Challenge2009TestSetA_101a,512,discovery in s,27.415570193
821,1 GB,SCAMPI (1 GB),Challenge2009TestSetA_101a,1024,discovery in s,19.99037983
822,1 GB,SCAMPI (1 GB),Challenge2009TestSetA_101a,2048,discovery in s,21.772553784
823,1 GB,SCAMPI (1 GB),Challenge2009TestSetA_101a,4096,discovery in s,20.688895765
824,2 GB,SCAMPI (2 GB),solarwind,512,discovery in s,24.544730708
825,2 GB,SCAMPI (2 GB),solarwind,1024,discovery in s,23.841757123
826,2 GB,SCAMPI (2 GB),solarwind,2048,discovery in s,28.631529692
827,2 GB,SCAMPI (2 GB),solarwind,4096,discovery in s,38.977340883
828,32 GB,SCAMPI (32 GB),Lab_FD_061014,512,discovery in s,153.803704225
829,32 GB,SCAMPI (32 GB),Lab_FD_061014,1024,discovery in s,163.669763086
830,32 GB,SCAMPI (32 GB),Lab_FD_061014,2048,discovery in s,244.275952915
831,32 GB,SCAMPI (32 GB),Lab_FD_061014,4096,discovery in s,246.965200947
832,4 GB,SCAMPI (4 GB),EOG_one_hour_400_Hz,512,discovery in s,42.70481857
833,4 GB,SCAMPI (4 GB),EOG_one_hour_400_Hz,1024,discovery in s,30.416688007
834,4 GB,SCAMPI (4 GB),EOG_one_hour_400_Hz,2048,discovery in s,27.401405216
835,4 GB,SCAMPI (4 GB),EOG_one_hour_400_Hz,4096,discovery in s,42.262794269
836,2 GB,SCAMPI (2 GB),swtAttack7,512,discovery in s,0.22889219900000002
837,2 GB,SCAMPI (2 GB),swtAttack7,1024,discovery in s,37.63226079
838,2 GB,SCAMPI (2 GB),swtAttack7,2048,discovery in s,26.036018352
839,2 GB,SCAMPI (2 GB),swtAttack7,4096,discovery in s,33.982826058
840,0.5 GB,SCAMPI (0.5 GB),CinC_Challenge,512,discovery in s,0.906252609
841,0.5 GB,SCAMPI (0.5 GB),CinC_Challenge,1024,discovery in s,0.860769624
842,0.5 GB,SCAMPI (0.5 GB),CinC_Challenge,2048,discovery in s,2.7057788990000002
843,0.5 GB,SCAMPI (0.5 GB),CinC_Challenge,4096,discovery in s,5.019476713
844,0.5 GB,SCAMPI (0.5 GB),water,512,discovery in s,1.017026483
845,0.5 GB,SCAMPI (0.5 GB),water,1024,discovery in s,0.408215714
846,0.5 GB,SCAMPI (0.5 GB),water,2048,discovery in s,9.809428406
847,0.5 GB,SCAMPI (0.5 GB),water,4096,discovery in s,12.975608445
848,32 GB,SCAMPI (32 GB),WindTurbine,512,discovery in s,0.8090447260000001
849,32 GB,SCAMPI (32 GB),WindTurbine,1024,discovery in s,0.6195754840000001
850,32 GB,SCAMPI (32 GB),WindTurbine,2048,discovery in s,1.256534345
851,32 GB,SCAMPI (32 GB),WindTurbine,4096,discovery in s,2.167435422
852,0.5 GB,SCAMPI (0.5 GB),recorddata,512,discovery in s,15.246523496
853,0.5 GB,SCAMPI (0.5 GB),recorddata,1024,discovery in s,15.763911431
854,0.5 GB,SCAMPI (0.5 GB),recorddata,2048,discovery in s,28.700954054
855,0.5 GB,SCAMPI (0.5 GB),recorddata,4096,discovery in s,27.569855433
856,1 GB,SCAMPI (1 GB),EOG_one_hour_50_Hz,512,discovery in s,16.568371532
857,1 GB,SCAMPI (1 GB),EOG_one_hour_50_Hz,1024,discovery in s,13.067084183
858,1 GB,SCAMPI (1 GB),EOG_one_hour_50_Hz,2048,discovery in s,16.241624785
859,1 GB,SCAMPI (1 GB),EOG_one_hour_50_Hz,4096,discovery in s,22.542762505
860,16 GB,SCAMPI (16 GB),FingerFlexionECoG,512,discovery in s,24.404498362000002
861,16 GB,SCAMPI (16 GB),FingerFlexionECoG,1024,discovery in s,53.811629389
862,16 GB,SCAMPI (16 GB),FingerFlexionECoG,2048,discovery in s,44.775857854
863,16 GB,SCAMPI (16 GB),FingerFlexionECoG,4096,discovery in s,6.451046381
864,0.25 GB,SCAMPI (0.25 GB),swtAttack7,512,discovery in s,0.229882373
865,0.25 GB,SCAMPI (0.25 GB),swtAttack7,1024,discovery in s,9.14674502
866,0.25 GB,SCAMPI (0.25 GB),swtAttack7,2048,discovery in s,7.674176137
867,0.25 GB,SCAMPI (0.25 GB),swtAttack7,4096,discovery in s,15.196551296
868,32 GB,SCAMPI (32 GB),Challenge2009TestSetA_101a,512,discovery in s,92.122554402
869,32 GB,SCAMPI (32 GB),Challenge2009TestSetA_101a,1024,discovery in s,53.48995866
870,32 GB,SCAMPI (32 GB),Challenge2009TestSetA_101a,2048,discovery in s,137.235844843
871,32 GB,SCAMPI (32 GB),Challenge2009TestSetA_101a,4096,discovery in s,83.001599672
872,16 GB,SCAMPI (16 GB),Bird12-Week3_2018_1_10,512,discovery in s,1.216717572
873,16 GB,SCAMPI (16 GB),Bird12-Week3_2018_1_10,1024,discovery in s,78.08900183
874,16 GB,SCAMPI (16 GB),Bird12-Week3_2018_1_10,2048,discovery in s,92.239804507
875,16 GB,SCAMPI (16 GB),Bird12-Week3_2018_1_10,4096,discovery in s,123.134394934
876,0.5 GB,SCAMPI (0.5 GB),SpainishEnergyDataset5sec,512,discovery in s,2.901450967
877,0.5 GB,SCAMPI (0.5 GB),SpainishEnergyDataset5sec,1024,discovery in s,6.337719568
878,0.5 GB,SCAMPI (0.5 GB),SpainishEnergyDataset5sec,2048,discovery in s,13.519417425
879,0.5 GB,SCAMPI (0.5 GB),SpainishEnergyDataset5sec,4096,discovery in s,44.847392136
880,8 GB,SCAMPI (8 GB),water,512,discovery in s,1.019525363
881,8 GB,SCAMPI (8 GB),water,1024,discovery in s,0.398441192
882,8 GB,SCAMPI (8 GB),water,2048,discovery in s,61.18501706
883,8 GB,SCAMPI (8 GB),water,4096,discovery in s,70.035996973
884,1 GB,SCAMPI (1 GB),swtAttack38,512,discovery in s,0.03297317
885,1 GB,SCAMPI (1 GB),swtAttack38,1024,discovery in s,19.404616041
886,1 GB,SCAMPI (1 GB),swtAttack38,2048,discovery in s,25.68158739
887,1 GB,SCAMPI (1 GB),swtAttack38,4096,discovery in s,18.602035486
888,8 GB,SCAMPI (8 GB),SpainishEnergyDataset5sec,512,discovery in s,2.75891113
889,8 GB,SCAMPI (8 GB),SpainishEnergyDataset5sec,1024,discovery in s,6.341053311
890,8 GB,SCAMPI (8 GB),SpainishEnergyDataset5sec,2048,discovery in s,13.412629716
891,8 GB,SCAMPI (8 GB),SpainishEnergyDataset5sec,4096,discovery in s,41.759313667
892,8 GB,SCAMPI (8 GB),stator_winding,512,discovery in s,72.560188006
893,8 GB,SCAMPI (8 GB),stator_winding,1024,discovery in s,68.391104792
894,8 GB,SCAMPI (8 GB),stator_winding,2048,discovery in s,73.715449354
895,8 GB,SCAMPI (8 GB),stator_winding,4096,discovery in s,96.573276104
896,0.5 GB,SCAMPI (0.5 GB),stator_winding,512,discovery in s,8.342632628
897,0.5 GB,SCAMPI (0.5 GB),stator_winding,1024,discovery in s,8.529014478
898,0.5 GB,SCAMPI (0.5 GB),stator_winding,2048,discovery in s,12.248459242
899,0.5 GB,SCAMPI (0.5 GB),stator_winding,4096,discovery in s,25.328250808
900,32 GB,SCAMPI (32 GB),water,512,discovery in s,0.30802921
901,32 GB,SCAMPI (32 GB),water,1024,discovery in s,0.255798438
902,32 GB,SCAMPI (32 GB),water,2048,discovery in s,114.677371216
903,32 GB,SCAMPI (32 GB),water,4096,discovery in s,194.43312566
904,0.5 GB,SCAMPI (0.5 GB),solarwind,512,discovery in s,9.589001754
905,0.5 GB,SCAMPI (0.5 GB),solarwind,1024,discovery in s,10.470939722
906,0.5 GB,SCAMPI (0.5 GB),solarwind,2048,discovery in s,16.476949731
907,0.5 GB,SCAMPI (0.5 GB),solarwind,4096,discovery in s,20.384356529
908,16 GB,SCAMPI (16 GB),CinC_Challenge,512,discovery in s,0.9038801980000001
909,16 GB,SCAMPI (16 GB),CinC_Challenge,1024,discovery in s,0.858523346
910,16 GB,SCAMPI (16 GB),CinC_Challenge,2048,discovery in s,2.698724163
911,16 GB,SCAMPI (16 GB),CinC_Challenge,4096,discovery in s,5.018207741
912,2 GB,SCAMPI (2 GB),house,512,discovery in s,4.942865985
913,2 GB,SCAMPI (2 GB),house,1024,discovery in s,5.287517683
914,2 GB,SCAMPI (2 GB),house,2048,discovery in s,7.78279979
915,2 GB,SCAMPI (2 GB),house,4096,discovery in s,38.767457681
916,4 GB,SCAMPI (4 GB),Bird12-Week3_2018_1_10,512,discovery in s,1.207570421
917,4 GB,SCAMPI (4 GB),Bird12-Week3_2018_1_10,1024,discovery in s,28.643735677
918,4 GB,SCAMPI (4 GB),Bird12-Week3_2018_1_10,2048,discovery in s,34.026502942
919,4 GB,SCAMPI (4 GB),Bird12-Week3_2018_1_10,4096,discovery in s,50.417148515
920,2 GB,SCAMPI (2 GB),BlackLeggedKittiwake,512,discovery in s,23.410986309
921,2 GB,SCAMPI (2 GB),BlackLeggedKittiwake,1024,discovery in s,22.060337431
922,2 GB,SCAMPI (2 GB),BlackLeggedKittiwake,2048,discovery in s,29.93326726
923,2 GB,SCAMPI (2 GB),BlackLeggedKittiwake,4096,discovery in s,34.125781518
924,8 GB,SCAMPI (8 GB),EOG_one_hour_50_Hz,512,discovery in s,18.649526253
925,8 GB,SCAMPI (8 GB),EOG_one_hour_50_Hz,1024,discovery in s,12.964573816
926,8 GB,SCAMPI (8 GB),EOG_one_hour_50_Hz,2048,discovery in s,19.643034939
927,8 GB,SCAMPI (8 GB),EOG_one_hour_50_Hz,4096,discovery in s,30.917615689
928,8 GB,SCAMPI (8 GB),swtAttack38,512,discovery in s,0.032800960000000004
929,8 GB,SCAMPI (8 GB),swtAttack38,1024,discovery in s,42.565286035
930,8 GB,SCAMPI (8 GB),swtAttack38,2048,discovery in s,62.6216679
931,8 GB,SCAMPI (8 GB),swtAttack38,4096,discovery in s,23.427046775
932,0.5 GB,SCAMPI (0.5 GB),Challenge2009Respiration500HZ,512,discovery in s,1.596244025
933,0.5 GB,SCAMPI (0.5 GB),Challenge2009Respiration500HZ,1024,discovery in s,0.42633331900000004
934,0.5 GB,SCAMPI (0.5 GB),Challenge2009Respiration500HZ,2048,discovery in s,14.09312774
935,0.5 GB,SCAMPI (0.5 GB),Challenge2009Respiration500HZ,4096,discovery in s,14.454001911
936,1 GB,SCAMPI (1 GB),SpainishEnergyDataset5sec,512,discovery in s,2.649058354
937,1 GB,SCAMPI (1 GB),SpainishEnergyDataset5sec,1024,discovery in s,6.711652448
938,1 GB,SCAMPI (1 GB),SpainishEnergyDataset5sec,2048,discovery in s,13.21852718
939,1 GB,SCAMPI (1 GB),SpainishEnergyDataset5sec,4096,discovery in s,42.028060611
940,0.5 GB,SCAMPI (0.5 GB),MGHSleepElectromyography,512,discovery in s,7.198015751
941,0.5 GB,SCAMPI (0.5 GB),MGHSleepElectromyography,1024,discovery in s,6.621672669
942,0.5 GB,SCAMPI (0.5 GB),MGHSleepElectromyography,2048,discovery in s,6.988677511
943,0.5 GB,SCAMPI (0.5 GB),MGHSleepElectromyography,4096,discovery in s,15.278409439
944,32 GB,SCAMPI (32 GB),Lab_K_060314,512,discovery in s,105.065747411
945,32 GB,SCAMPI (32 GB),Lab_K_060314,1024,discovery in s,109.565602873
946,32 GB,SCAMPI (32 GB),Lab_K_060314,2048,discovery in s,126.931344228
947,32 GB,SCAMPI (32 GB),Lab_K_060314,4096,discovery in s,168.537004207
948,1 GB,SCAMPI (1 GB),stator_winding,512,discovery in s,15.41954302
949,1 GB,SCAMPI (1 GB),stator_winding,1024,discovery in s,15.11867586
950,1 GB,SCAMPI (1 GB),stator_winding,2048,discovery in s,20.620370304
951,1 GB,SCAMPI (1 GB),stator_winding,4096,discovery in s,37.0852587
952,4 GB,SCAMPI (4 GB),CinC_Challenge,512,discovery in s,0.914544216
953,4 GB,SCAMPI (4 GB),CinC_Challenge,1024,discovery in s,0.856754385
954,4 GB,SCAMPI (4 GB),CinC_Challenge,2048,discovery in s,2.715203504
955,4 GB,SCAMPI (4 GB),CinC_Challenge,4096,discovery in s,5.019600063
956,1 GB,SCAMPI (1 GB),water,512,discovery in s,1.010617664
957,1 GB,SCAMPI (1 GB),water,1024,discovery in s,0.397865684
958,1 GB,SCAMPI (1 GB),water,2048,discovery in s,15.150013157
959,1 GB,SCAMPI (1 GB),water,4096,discovery in s,18.596341338
960,16 GB,SCAMPI (16 GB),Lab_K_060314,512,discovery in s,68.369425563
961,16 GB,SCAMPI (16 GB),Lab_K_060314,1024,discovery in s,70.379764617
962,16 GB,SCAMPI (16 GB),Lab_K_060314,2048,discovery in s,73.612257606
963,16 GB,SCAMPI (16 GB),Lab_K_060314,4096,discovery in s,108.705486528
964,4 GB,SCAMPI (4 GB),SpainishEnergyDataset,512,discovery in s,0.8415155230000001
965,4 GB,SCAMPI (4 GB),SpainishEnergyDataset,1024,discovery in s,0.9132744380000001
966,4 GB,SCAMPI (4 GB),SpainishEnergyDataset,2048,discovery in s,4.323838428
967,4 GB,SCAMPI (4 GB),SpainishEnergyDataset,4096,discovery in s,1.5411246680000001
968,0.25 GB,SCAMPI (0.25 GB),stator_winding,512,discovery in s,4.739785535
969,0.25 GB,SCAMPI (0.25 GB),stator_winding,1024,discovery in s,4.964483125
970,0.25 GB,SCAMPI (0.25 GB),stator_winding,2048,discovery in s,7.700337344
971,0.25 GB,SCAMPI (0.25 GB),stator_winding,4096,discovery in s,18.181883013
972,1 GB,SCAMPI (1 GB),Challenge2009Respiration500HZ,512,discovery in s,1.510882409
973,1 GB,SCAMPI (1 GB),Challenge2009Respiration500HZ,1024,discovery in s,0.401269892
974,1 GB,SCAMPI (1 GB),Challenge2009Respiration500HZ,2048,discovery in s,20.851062305
975,1 GB,SCAMPI (1 GB),Challenge2009Respiration500HZ,4096,discovery in s,21.269296733
976,0.25 GB,SCAMPI (0.25 GB),solarwind,512,discovery in s,6.494263402
977,0.25 GB,SCAMPI (0.25 GB),solarwind,1024,discovery in s,6.986906956
978,0.25 GB,SCAMPI (0.25 GB),solarwind,2048,discovery in s,16.682809132
979,0.25 GB,SCAMPI (0.25 GB),solarwind,4096,discovery in s,16.611675225
980,4 GB,SCAMPI (4 GB),recorddata,512,discovery in s,14.172321405
981,4 GB,SCAMPI (4 GB),recorddata,1024,discovery in s,15.327388853
982,4 GB,SCAMPI (4 GB),recorddata,2048,discovery in s,28.846091154
983,4 GB,SCAMPI (4 GB),recorddata,4096,discovery in s,27.110992326
984,4 GB,SCAMPI (4 GB),Lab_K_060314,512,discovery in s,20.015646674
985,4 GB,SCAMPI (4 GB),Lab_K_060314,1024,discovery in s,20.335975476
986,4 GB,SCAMPI (4 GB),Lab_K_060314,2048,discovery in s,23.274585177
987,4 GB,SCAMPI (4 GB),Lab_K_060314,4096,discovery in s,37.901734883
988,16 GB,SCAMPI (16 GB),water,512,discovery in s,1.038394359
989,16 GB,SCAMPI (16 GB),water,1024,discovery in s,0.40522649
990,16 GB,SCAMPI (16 GB),water,2048,discovery in s,76.997314123
991,16 GB,SCAMPI (16 GB),water,4096,discovery in s,123.268533552
992,1 GB,SCAMPI (1 GB),swtAttack7,512,discovery in s,0.229607308
993,1 GB,SCAMPI (1 GB),swtAttack7,1024,discovery in s,24.249584336
994,1 GB,SCAMPI (1 GB),swtAttack7,2048,discovery in s,18.729018173
995,1 GB,SCAMPI (1 GB),swtAttack7,4096,discovery in s,28.778182553
996,0.25 GB,SCAMPI (0.25 GB),Challenge2009Respiration500HZ,512,discovery in s,1.64783496
997,0.25 GB,SCAMPI (0.25 GB),Challenge2009Respiration500HZ,1024,discovery in s,0.456114993
998,0.25 GB,SCAMPI (0.25 GB),Challenge2009Respiration500HZ,2048,discovery in s,8.409574115
999,0.25 GB,SCAMPI (0.25 GB),Challenge2009Respiration500HZ,4096,discovery in s,11.95577249
1000,0.25 GB,SCAMPI (0.25 GB),MGHSleepElectromyography,512,discovery in s,4.018656934
1001,0.25 GB,SCAMPI (0.25 GB),MGHSleepElectromyography,1024,discovery in s,6.713750774
1002,0.25 GB,SCAMPI (0.25 GB),MGHSleepElectromyography,2048,discovery in s,5.595434277
1003,0.25 GB,SCAMPI (0.25 GB),MGHSleepElectromyography,4096,discovery in s,12.651875473
1004,2 GB,SCAMPI (2 GB),Challenge2009TestSetA_101a,512,discovery in s,45.226117224
1005,2 GB,SCAMPI (2 GB),Challenge2009TestSetA_101a,1024,discovery in s,34.373605749
1006,2 GB,SCAMPI (2 GB),Challenge2009TestSetA_101a,2048,discovery in s,34.74090617
1007,2 GB,SCAMPI (2 GB),Challenge2009TestSetA_101a,4096,discovery in s,30.039536967
1008,1 GB,SCAMPI (1 GB),solarwind,512,discovery in s,15.075411403
1009,1 GB,SCAMPI (1 GB),solarwind,1024,discovery in s,15.026144423
1010,1 GB,SCAMPI (1 GB),solarwind,2048,discovery in s,21.023176884
1011,1 GB,SCAMPI (1 GB),solarwind,4096,discovery in s,30.345891168
1012,32 GB,SCAMPI (32 GB),CinC_Challenge,512,discovery in s,0.9767107210000001
1013,32 GB,SCAMPI (32 GB),CinC_Challenge,1024,discovery in s,1.5303407150000001
1014,32 GB,SCAMPI (32 GB),CinC_Challenge,2048,discovery in s,2.83628822
1015,32 GB,SCAMPI (32 GB),CinC_Challenge,4096,discovery in s,4.995683949
1016,2 GB,SCAMPI (2 GB),lorenzAttractorsLONG,512,discovery in s,21.380529917
1017,2 GB,SCAMPI (2 GB),lorenzAttractorsLONG,1024,discovery in s,48.524723011
1018,2 GB,SCAMPI (2 GB),lorenzAttractorsLONG,2048,discovery in s,0.9316215830000001
1019,2 GB,SCAMPI (2 GB),lorenzAttractorsLONG,4096,discovery in s,119.609245059
1020,4 GB,SCAMPI (4 GB),HAR_Ambient_Sensor_Data,512,discovery in s,1.628733963
1021,4 GB,SCAMPI (4 GB),HAR_Ambient_Sensor_Data,1024,discovery in s,1.9081496770000002
1022,4 GB,SCAMPI (4 GB),HAR_Ambient_Sensor_Data,2048,discovery in s,3.364009899
1023,4 GB,SCAMPI (4 GB),HAR_Ambient_Sensor_Data,4096,discovery in s,34.179421994
1024,0.5 GB,SCAMPI (0.5 GB),swtAttack7,512,discovery in s,0.23055888600000002
1025,0.5 GB,SCAMPI (0.5 GB),swtAttack7,1024,discovery in s,14.362190554
1026,0.5 GB,SCAMPI (0.5 GB),swtAttack7,2048,discovery in s,12.029352662
1027,0.5 GB,SCAMPI (0.5 GB),swtAttack7,4096,discovery in s,20.581662037
1028,8 GB,SCAMPI (8 GB),Challenge2009Respiration500HZ,512,discovery in s,1.541125544
1029,8 GB,SCAMPI (8 GB),Challenge2009Respiration500HZ,1024,discovery in s,0.39208594300000005
1030,8 GB,SCAMPI (8 GB),Challenge2009Respiration500HZ,2048,discovery in s,94.971135049
1031,8 GB,SCAMPI (8 GB),Challenge2009Respiration500HZ,4096,discovery in s,73.058807379
1032,0.25 GB,SCAMPI (0.25 GB),recorddata,512,discovery in s,14.16908254
1033,0.25 GB,SCAMPI (0.25 GB),recorddata,1024,discovery in s,12.866406474
1034,0.25 GB,SCAMPI (0.25 GB),recorddata,2048,discovery in s,27.088747592
1035,0.25 GB,SCAMPI (0.25 GB),recorddata,4096,discovery in s,27.29780304
1036,2 GB,SCAMPI (2 GB),MGHSleepElectromyography,512,discovery in s,20.559013648
1037,2 GB,SCAMPI (2 GB),MGHSleepElectromyography,1024,discovery in s,20.753265597
1038,2 GB,SCAMPI (2 GB),MGHSleepElectromyography,2048,discovery in s,16.952735656
1039,2 GB,SCAMPI (2 GB),MGHSleepElectromyography,4096,discovery in s,21.240489751
1040,4 GB,SCAMPI (4 GB),WindTurbine,512,discovery in s,0.653464793
1041,4 GB,SCAMPI (4 GB),WindTurbine,1024,discovery in s,0.948737632
1042,4 GB,SCAMPI (4 GB),WindTurbine,2048,discovery in s,1.832016464
1043,4 GB,SCAMPI (4 GB),WindTurbine,4096,discovery in s,2.311626976
1044,8 GB,SCAMPI (8 GB),swtAttack7,512,discovery in s,0.23080150900000002
1045,8 GB,SCAMPI (8 GB),swtAttack7,1024,discovery in s,64.617083386
1046,8 GB,SCAMPI (8 GB),swtAttack7,2048,discovery in s,35.581838669
1047,8 GB,SCAMPI (8 GB),swtAttack7,4096,discovery in s,41.105027601
1048,8 GB,SCAMPI (8 GB),solarwind,512,discovery in s,66.516906392
1049,8 GB,SCAMPI (8 GB),solarwind,1024,discovery in s,72.825135931
1050,8 GB,SCAMPI (8 GB),solarwind,2048,discovery in s,75.027304983
1051,8 GB,SCAMPI (8 GB),solarwind,4096,discovery in s,82.6024855
1052,32 GB,SCAMPI (32 GB),FingerFlexionECoG,512,discovery in s,3.758817563
1053,32 GB,SCAMPI (32 GB),FingerFlexionECoG,1024,discovery in s,3.616512734
1054,32 GB,SCAMPI (32 GB),FingerFlexionECoG,2048,discovery in s,5.995783508
1055,32 GB,SCAMPI (32 GB),FingerFlexionECoG,4096,discovery in s,7.067505581
1056,32 GB,SCAMPI (32 GB),Bird12-Week3_2018_1_10,512,discovery in s,1.322964572
1057,32 GB,SCAMPI (32 GB),Bird12-Week3_2018_1_10,1024,discovery in s,150.081385444
1058,32 GB,SCAMPI (32 GB),Bird12-Week3_2018_1_10,2048,discovery in s,164.726267572
1059,32 GB,SCAMPI (32 GB),Bird12-Week3_2018_1_10,4096,discovery in s,183.03978598
1060,16 GB,SCAMPI (16 GB),Challenge2009TestSetA_101a,512,discovery in s,95.380607485
1061,16 GB,SCAMPI (16 GB),Challenge2009TestSetA_101a,1024,discovery in s,53.799342658
1062,16 GB,SCAMPI (16 GB),Challenge2009TestSetA_101a,2048,discovery in s,133.761246243
1063,16 GB,SCAMPI (16 GB),Challenge2009TestSetA_101a,4096,discovery in s,84.32985654
1064,0.25 GB,SCAMPI (0.25 GB),SpainishEnergyDataset5sec,512,discovery in s,5.440565258
1065,0.25 GB,SCAMPI (0.25 GB),SpainishEnergyDataset5sec,1024,discovery in s,11.228413823
1066,0.25 GB,SCAMPI (0.25 GB),SpainishEnergyDataset5sec,2048,discovery in s,17.569220036
1067,0.25 GB,SCAMPI (0.25 GB),SpainishEnergyDataset5sec,4096,discovery in s,47.845654479
1068,4 GB,SCAMPI (4 GB),SynchrophasorEventsLarge,512,discovery in s,31.479112383
1069,4 GB,SCAMPI (4 GB),SynchrophasorEventsLarge,1024,discovery in s,42.968631101
1070,4 GB,SCAMPI (4 GB),SynchrophasorEventsLarge,2048,discovery in s,74.338952589
1071,4 GB,SCAMPI (4 GB),SynchrophasorEventsLarge,4096,discovery in s,327.097416667
1072,16 GB,SCAMPI (16 GB),Lab_FD_061014,512,discovery in s,75.640686973
1073,16 GB,SCAMPI (16 GB),Lab_FD_061014,1024,discovery in s,94.551473838
1074,16 GB,SCAMPI (16 GB),Lab_FD_061014,2048,discovery in s,122.936737145
1075,16 GB,SCAMPI (16 GB),Lab_FD_061014,4096,discovery in s,139.966538328
1076,16 GB,SCAMPI (16 GB),WindTurbine,512,discovery in s,0.6339641220000001
1077,16 GB,SCAMPI (16 GB),WindTurbine,1024,discovery in s,0.9416285190000001
1078,16 GB,SCAMPI (16 GB),WindTurbine,2048,discovery in s,1.823820368
1079,16 GB,SCAMPI (16 GB),WindTurbine,4096,discovery in s,2.366635837
1080,1 GB,SCAMPI (1 GB),house,512,discovery in s,4.949854663
1081,1 GB,SCAMPI (1 GB),house,1024,discovery in s,5.278886416
1082,1 GB,SCAMPI (1 GB),house,2048,discovery in s,10.349701386
1083,1 GB,SCAMPI (1 GB),house,4096,discovery in s,24.801817135
1084,1 GB,SCAMPI (1 GB),BlackLeggedKittiwake,512,discovery in s,15.046697022
1085,1 GB,SCAMPI (1 GB),BlackLeggedKittiwake,1024,discovery in s,14.27417084
1086,1 GB,SCAMPI (1 GB),BlackLeggedKittiwake,2048,discovery in s,18.158678114
1087,1 GB,SCAMPI (1 GB),BlackLeggedKittiwake,4096,discovery in s,20.154867087
1088,0.5 GB,SCAMPI (0.5 GB),lorenzAttractorsLONG,512,discovery in s,22.679911691
1089,0.5 GB,SCAMPI (0.5 GB),lorenzAttractorsLONG,1024,discovery in s,48.210128175
1090,0.5 GB,SCAMPI (0.5 GB),lorenzAttractorsLONG,2048,discovery in s,0.916975752
1091,0.5 GB,SCAMPI (0.5 GB),lorenzAttractorsLONG,4096,discovery in s,118.469785588
1092,2 GB,SCAMPI (2 GB),water,512,discovery in s,1.016506135
1093,2 GB,SCAMPI (2 GB),water,1024,discovery in s,0.40136715900000003
1094,2 GB,SCAMPI (2 GB),water,2048,discovery in s,23.347804533
1095,2 GB,SCAMPI (2 GB),water,4096,discovery in s,32.619131723
1096,2 GB,SCAMPI (2 GB),stator_winding,512,discovery in s,26.065028511
1097,2 GB,SCAMPI (2 GB),stator_winding,1024,discovery in s,25.727088143
1098,2 GB,SCAMPI (2 GB),stator_winding,2048,discovery in s,31.274393294
1099,2 GB,SCAMPI (2 GB),stator_winding,4096,discovery in s,49.875317055000004
1100,0.25 GB,SCAMPI (0.25 GB),water,512,discovery in s,1.007994994
1101,0.25 GB,SCAMPI (0.25 GB),water,1024,discovery in s,0.396960937
1102,0.25 GB,SCAMPI (0.25 GB),water,2048,discovery in s,6.884972303
1103,0.25 GB,SCAMPI (0.25 GB),water,4096,discovery in s,9.22189967
1104,0.25 GB,SCAMPI (0.25 GB),CinC_Challenge,512,discovery in s,0.9019124
1105,0.25 GB,SCAMPI (0.25 GB),CinC_Challenge,1024,discovery in s,0.856681731
1106,0.25 GB,SCAMPI (0.25 GB),CinC_Challenge,2048,discovery in s,2.698769407
1107,0.25 GB,SCAMPI (0.25 GB),CinC_Challenge,4096,discovery in s,5.013920231
1108,32 GB,SCAMPI (32 GB),stator_winding,512,discovery in s,47.01766768
1109,32 GB,SCAMPI (32 GB),stator_winding,1024,discovery in s,32.020999358
1110,32 GB,SCAMPI (32 GB),stator_winding,2048,discovery in s,39.035620449
1111,32 GB,SCAMPI (32 GB),stator_winding,4096,discovery in s,61.232085211
1112,0.25 GB,SCAMPI (0.25 GB),WindTurbine,512,discovery in s,0.821044042
1113,0.25 GB,SCAMPI (0.25 GB),WindTurbine,1024,discovery in s,0.9287323460000001
1114,0.25 GB,SCAMPI (0.25 GB),WindTurbine,2048,discovery in s,1.870915798
1115,0.25 GB,SCAMPI (0.25 GB),WindTurbine,4096,discovery in s,2.29372874
1116,0.5 GB,SCAMPI (0.5 GB),BlackLeggedKittiwake,512,discovery in s,8.872162115
1117,0.5 GB,SCAMPI (0.5 GB),BlackLeggedKittiwake,1024,discovery in s,8.195254066
1118,0.5 GB,SCAMPI (0.5 GB),BlackLeggedKittiwake,2048,discovery in s,10.320440063
1119,0.5 GB,SCAMPI (0.5 GB),BlackLeggedKittiwake,4096,discovery in s,12.93784316
1120,16 GB,SCAMPI (16 GB),SynchrophasorEventsLarge,512,discovery in s,30.796269161
1121,16 GB,SCAMPI (16 GB),SynchrophasorEventsLarge,1024,discovery in s,43.536424162
1122,16 GB,SCAMPI (16 GB),SynchrophasorEventsLarge,2048,discovery in s,70.923627526
1123,16 GB,SCAMPI (16 GB),SynchrophasorEventsLarge,4096,discovery in s,332.432030852
1124,2 GB,SCAMPI (2 GB),SpainishEnergyDataset5sec,512,discovery in s,2.824926363
1125,2 GB,SCAMPI (2 GB),SpainishEnergyDataset5sec,1024,discovery in s,6.330915651
1126,2 GB,SCAMPI (2 GB),SpainishEnergyDataset5sec,2048,discovery in s,13.280946957
1127,2 GB,SCAMPI (2 GB),SpainishEnergyDataset5sec,4096,discovery in s,41.389361781
1128,2 GB,SCAMPI (2 GB),EOG_one_hour_50_Hz,512,discovery in s,17.808201042
1129,2 GB,SCAMPI (2 GB),EOG_one_hour_50_Hz,1024,discovery in s,12.991717442
1130,2 GB,SCAMPI (2 GB),EOG_one_hour_50_Hz,2048,discovery in s,19.424140061
1131,2 GB,SCAMPI (2 GB),EOG_one_hour_50_Hz,4096,discovery in s,30.161394953
1132,8 GB,SCAMPI (8 GB),house,512,discovery in s,5.12595754
1133,8 GB,SCAMPI (8 GB),house,1024,discovery in s,5.585373263
1134,8 GB,SCAMPI (8 GB),house,2048,discovery in s,8.463215576
1135,8 GB,SCAMPI (8 GB),house,4096,discovery in s,108.206435779
1136,8 GB,SCAMPI (8 GB),BlackLeggedKittiwake,512,discovery in s,55.422318381
1137,8 GB,SCAMPI (8 GB),BlackLeggedKittiwake,1024,discovery in s,47.53996201
1138,8 GB,SCAMPI (8 GB),BlackLeggedKittiwake,2048,discovery in s,94.807339918
1139,8 GB,SCAMPI (8 GB),BlackLeggedKittiwake,4096,discovery in s,88.326784588
1140,2 GB,SCAMPI (2 GB),swtAttack38,512,discovery in s,0.033094254000000004
1141,2 GB,SCAMPI (2 GB),swtAttack38,1024,discovery in s,27.381678877
1142,2 GB,SCAMPI (2 GB),swtAttack38,2048,discovery in s,38.72932895
1143,2 GB,SCAMPI (2 GB),swtAttack38,4096,discovery in s,22.692616247
1144,32 GB,SCAMPI (32 GB),swtAttack7,512,discovery in s,0.058588669
1145,32 GB,SCAMPI (32 GB),swtAttack7,1024,discovery in s,66.020651363
1146,32 GB,SCAMPI (32 GB),swtAttack7,2048,discovery in s,34.723316743
1147,32 GB,SCAMPI (32 GB),swtAttack7,4096,discovery in s,40.964454387
1148,16 GB,SCAMPI (16 GB),MGHSleepElectromyography,512,discovery in s,142.399901748
1149,16 GB,SCAMPI (16 GB),MGHSleepElectromyography,1024,discovery in s,110.139398545
1150,16 GB,SCAMPI (16 GB),MGHSleepElectromyography,2048,discovery in s,83.218537159
1151,16 GB,SCAMPI (16 GB),MGHSleepElectromyography,4096,discovery in s,93.700403912
1152,0.5 GB,SCAMPI (0.5 GB),FingerFlexionECoG,512,discovery in s,26.336903783
1153,0.5 GB,SCAMPI (0.5 GB),FingerFlexionECoG,1024,discovery in s,53.797907631
1154,0.5 GB,SCAMPI (0.5 GB),FingerFlexionECoG,2048,discovery in s,45.146129543
1155,0.5 GB,SCAMPI (0.5 GB),FingerFlexionECoG,4096,discovery in s,6.462698657
1156,16 GB,SCAMPI (16 GB),solarwind,512,discovery in s,112.554424478
1157,16 GB,SCAMPI (16 GB),solarwind,1024,discovery in s,131.531678132
1158,16 GB,SCAMPI (16 GB),solarwind,2048,discovery in s,116.985650891
1159,16 GB,SCAMPI (16 GB),solarwind,4096,discovery in s,135.90757041
1160,0.5 GB,SCAMPI (0.5 GB),SynchrophasorEventsLarge,512,discovery in s,33.595707033
1161,0.5 GB,SCAMPI (0.5 GB),SynchrophasorEventsLarge,1024,discovery in s,30.816129305
1162,0.5 GB,SCAMPI (0.5 GB),SynchrophasorEventsLarge,2048,discovery in s,36.835127626
1163,0.5 GB,SCAMPI (0.5 GB),SynchrophasorEventsLarge,4096,discovery in s,312.670182829
1164,0.25 GB,SCAMPI (0.25 GB),Lab_K_060314,512,discovery in s,3.154190532
1165,0.25 GB,SCAMPI (0.25 GB),Lab_K_060314,1024,discovery in s,3.431951089
1166,0.25 GB,SCAMPI (0.25 GB),Lab_K_060314,2048,discovery in s,3.612134498
1167,0.25 GB,SCAMPI (0.25 GB),Lab_K_060314,4096,discovery in s,5.672790585
1168,32 GB,SCAMPI (32 GB),house,512,discovery in s,5.153056939
1169,32 GB,SCAMPI (32 GB),house,1024,discovery in s,5.198571753
1170,32 GB,SCAMPI (32 GB),house,2048,discovery in s,5.046175352
1171,32 GB,SCAMPI (32 GB),house,4096,discovery in s,284.845049728
1172,32 GB,SCAMPI (32 GB),BlackLeggedKittiwake,512,discovery in s,243.560947283
1173,32 GB,SCAMPI (32 GB),BlackLeggedKittiwake,1024,discovery in s,52.407684114
1174,32 GB,SCAMPI (32 GB),BlackLeggedKittiwake,2048,discovery in s,210.811760373
1175,32 GB,SCAMPI (32 GB),BlackLeggedKittiwake,4096,discovery in s,147.694832445
1176,16 GB,SCAMPI (16 GB),swtAttack38,512,discovery in s,0.035913432
1177,16 GB,SCAMPI (16 GB),swtAttack38,1024,discovery in s,42.417775119
1178,16 GB,SCAMPI (16 GB),swtAttack38,2048,discovery in s,61.938348734
1179,16 GB,SCAMPI (16 GB),swtAttack38,4096,discovery in s,23.157688
1180,8 GB,SCAMPI (8 GB),SynchrophasorEventsLarge,512,discovery in s,30.51214804
1181,8 GB,SCAMPI (8 GB),SynchrophasorEventsLarge,1024,discovery in s,42.235971401
1182,8 GB,SCAMPI (8 GB),SynchrophasorEventsLarge,2048,discovery in s,71.787479676
1183,8 GB,SCAMPI (8 GB),SynchrophasorEventsLarge,4096,discovery in s,325.057351675
1184,0.5 GB,SCAMPI (0.5 GB),Lab_FD_061014,512,discovery in s,5.34192354
1185,0.5 GB,SCAMPI (0.5 GB),Lab_FD_061014,1024,discovery in s,6.431453668
1186,0.5 GB,SCAMPI (0.5 GB),Lab_FD_061014,2048,discovery in s,8.683175547
1187,0.5 GB,SCAMPI (0.5 GB),Lab_FD_061014,4096,discovery in s,13.034023813
1188,0.25 GB,SCAMPI (0.25 GB),HAR_Ambient_Sensor_Data,512,discovery in s,1.566979567
1189,0.25 GB,SCAMPI (0.25 GB),HAR_Ambient_Sensor_Data,1024,discovery in s,1.917818297
1190,0.25 GB,SCAMPI (0.25 GB),HAR_Ambient_Sensor_Data,2048,discovery in s,3.459810177
1191,0.25 GB,SCAMPI (0.25 GB),HAR_Ambient_Sensor_Data,4096,discovery in s,7.335298295
1192,0.25 GB,SCAMPI (0.25 GB),SpainishEnergyDataset,512,discovery in s,0.8605418130000001
1193,0.25 GB,SCAMPI (0.25 GB),SpainishEnergyDataset,1024,discovery in s,0.92655752
1194,0.25 GB,SCAMPI (0.25 GB),SpainishEnergyDataset,2048,discovery in s,4.359770321
1195,0.25 GB,SCAMPI (0.25 GB),SpainishEnergyDataset,4096,discovery in s,2.080138234
1196,2 GB,SCAMPI (2 GB),CinC_Challenge,512,discovery in s,0.9027671270000001
1197,2 GB,SCAMPI (2 GB),CinC_Challenge,1024,discovery in s,0.855050167
1198,2 GB,SCAMPI (2 GB),CinC_Challenge,2048,discovery in s,2.723451965
1199,2 GB,SCAMPI (2 GB),CinC_Challenge,4096,discovery in s,5.022239577
1200,16 GB,SCAMPI (16 GB),SpainishEnergyDataset,512,discovery in s,0.851186442
1201,16 GB,SCAMPI (16 GB),SpainishEnergyDataset,1024,discovery in s,0.9060064600000001
1202,16 GB,SCAMPI (16 GB),SpainishEnergyDataset,2048,discovery in s,4.315203628
1203,16 GB,SCAMPI (16 GB),SpainishEnergyDataset,4096,discovery in s,1.4933989650000001
1204,1 GB,SCAMPI (1 GB),SynchrophasorEventsLarge,512,discovery in s,30.515875211
1205,1 GB,SCAMPI (1 GB),SynchrophasorEventsLarge,1024,discovery in s,40.342916606
1206,1 GB,SCAMPI (1 GB),SynchrophasorEventsLarge,2048,discovery in s,44.923287113
1207,1 GB,SCAMPI (1 GB),SynchrophasorEventsLarge,4096,discovery in s,328.667708096
1208,0.25 GB,SCAMPI (0.25 GB),EOG_one_hour_50_Hz,512,discovery in s,7.130563932
1209,0.25 GB,SCAMPI (0.25 GB),EOG_one_hour_50_Hz,1024,discovery in s,6.171905184
1210,0.25 GB,SCAMPI (0.25 GB),EOG_one_hour_50_Hz,2048,discovery in s,6.344105656
1211,0.25 GB,SCAMPI (0.25 GB),EOG_one_hour_50_Hz,4096,discovery in s,10.696199372
1212,16 GB,SCAMPI (16 GB),EOG_one_hour_50_Hz,512,discovery in s,18.075679628
1213,16 GB,SCAMPI (16 GB),EOG_one_hour_50_Hz,1024,discovery in s,13.082585723
1214,16 GB,SCAMPI (16 GB),EOG_one_hour_50_Hz,2048,discovery in s,19.581577154
1215,16 GB,SCAMPI (16 GB),EOG_one_hour_50_Hz,4096,discovery in s,30.400519467
1216,0.25 GB,SCAMPI (0.25 GB),Bird12-Week3_2018_1_10,512,discovery in s,1.18805863
1217,0.25 GB,SCAMPI (0.25 GB),Bird12-Week3_2018_1_10,1024,discovery in s,4.463058208
1218,0.25 GB,SCAMPI (0.25 GB),Bird12-Week3_2018_1_10,2048,discovery in s,6.467366286
1219,0.25 GB,SCAMPI (0.25 GB),Bird12-Week3_2018_1_10,4096,discovery in s,11.196838264
1220,4 GB,SCAMPI (4 GB),house,512,discovery in s,4.775735764
1221,4 GB,SCAMPI (4 GB),house,1024,discovery in s,5.203238734
1222,4 GB,SCAMPI (4 GB),house,2048,discovery in s,7.750229057
1223,4 GB,SCAMPI (4 GB),house,4096,discovery in s,64.996490869
1224,4 GB,SCAMPI (4 GB),BlackLeggedKittiwake,512,discovery in s,36.992242621
1225,4 GB,SCAMPI (4 GB),BlackLeggedKittiwake,1024,discovery in s,35.255583024
1226,4 GB,SCAMPI (4 GB),BlackLeggedKittiwake,2048,discovery in s,55.641676877
1227,4 GB,SCAMPI (4 GB),BlackLeggedKittiwake,4096,discovery in s,55.909908196
1228,2 GB,SCAMPI (2 GB),Bird12-Week3_2018_1_10,512,discovery in s,1.224915857
1229,2 GB,SCAMPI (2 GB),Bird12-Week3_2018_1_10,1024,discovery in s,16.032464097
1230,2 GB,SCAMPI (2 GB),Bird12-Week3_2018_1_10,2048,discovery in s,21.52640118
1231,2 GB,SCAMPI (2 GB),Bird12-Week3_2018_1_10,4096,discovery in s,29.573726489
1232,16 GB,SCAMPI (16 GB),HAR_Ambient_Sensor_Data,512,discovery in s,1.6059808
1233,16 GB,SCAMPI (16 GB),HAR_Ambient_Sensor_Data,1024,discovery in s,1.808224474
1234,16 GB,SCAMPI (16 GB),HAR_Ambient_Sensor_Data,2048,discovery in s,3.355560728
1235,16 GB,SCAMPI (16 GB),HAR_Ambient_Sensor_Data,4096,discovery in s,77.908246367
1236,0.5 GB,SCAMPI (0.5 GB),Challenge2009TestSetA_101a,512,discovery in s,15.505542001
1237,0.5 GB,SCAMPI (0.5 GB),Challenge2009TestSetA_101a,1024,discovery in s,12.678113199
1238,0.5 GB,SCAMPI (0.5 GB),Challenge2009TestSetA_101a,2048,discovery in s,13.124055354
1239,0.5 GB,SCAMPI (0.5 GB),Challenge2009TestSetA_101a,4096,discovery in s,11.172300314
1240,16 GB,SCAMPI (16 GB),EOG_one_hour_400_Hz,512,discovery in s,108.232187643
1241,16 GB,SCAMPI (16 GB),EOG_one_hour_400_Hz,1024,discovery in s,68.88485203
1242,16 GB,SCAMPI (16 GB),EOG_one_hour_400_Hz,2048,discovery in s,70.906544315
1243,16 GB,SCAMPI (16 GB),EOG_one_hour_400_Hz,4096,discovery in s,87.679592225
1244,1 GB,SCAMPI (1 GB),WindTurbine,512,discovery in s,0.652451507
1245,1 GB,SCAMPI (1 GB),WindTurbine,1024,discovery in s,0.919345362
1246,1 GB,SCAMPI (1 GB),WindTurbine,2048,discovery in s,1.8679489999999999
1247,1 GB,SCAMPI (1 GB),WindTurbine,4096,discovery in s,2.369225084
1248,16 GB,SCAMPI (16 GB),Challenge2009Respiration500HZ,512,discovery in s,1.594739833
1249,16 GB,SCAMPI (16 GB),Challenge2009Respiration500HZ,1024,discovery in s,0.398762732
1250,16 GB,SCAMPI (16 GB),Challenge2009Respiration500HZ,2048,discovery in s,152.492466568
1251,16 GB,SCAMPI (16 GB),Challenge2009Respiration500HZ,4096,discovery in s,115.335695268
1252,0.25 GB,SCAMPI (0.25 GB),EOG_one_hour_400_Hz,512,discovery in s,4.658218965
1253,0.25 GB,SCAMPI (0.25 GB),EOG_one_hour_400_Hz,1024,discovery in s,4.717065423
1254,0.25 GB,SCAMPI (0.25 GB),EOG_one_hour_400_Hz,2048,discovery in s,8.879267965
1255,0.25 GB,SCAMPI (0.25 GB),EOG_one_hour_400_Hz,4096,discovery in s,12.575732151
1256,8 GB,SCAMPI (8 GB),Lab_K_060314,512,discovery in s,34.821438724
1257,8 GB,SCAMPI (8 GB),Lab_K_060314,1024,discovery in s,37.772714075
1258,8 GB,SCAMPI (8 GB),Lab_K_060314,2048,discovery in s,44.142274891
1259,8 GB,SCAMPI (8 GB),Lab_K_060314,4096,discovery in s,61.995913692
1260,32 GB,SCAMPI (32 GB),lorenzAttractorsLONG,512,discovery in s,19.822883927
1261,32 GB,SCAMPI (32 GB),lorenzAttractorsLONG,1024,discovery in s,37.211464064
1262,32 GB,SCAMPI (32 GB),lorenzAttractorsLONG,2048,discovery in s,13.978485399
1263,32 GB,SCAMPI (32 GB),lorenzAttractorsLONG,4096,discovery in s,47.707147858
1264,8 GB,SCAMPI (8 GB),recorddata,512,discovery in s,14.211615883
1265,8 GB,SCAMPI (8 GB),recorddata,1024,discovery in s,14.618472412000001
1266,8 GB,SCAMPI (8 GB),recorddata,2048,discovery in s,29.059612061
1267,8 GB,SCAMPI (8 GB),recorddata,4096,discovery in s,28.986373604
1268,1 GB,SCAMPI (1 GB),HAR_Ambient_Sensor_Data,512,discovery in s,1.671204572
1269,1 GB,SCAMPI (1 GB),HAR_Ambient_Sensor_Data,1024,discovery in s,1.9018708020000001
1270,1 GB,SCAMPI (1 GB),HAR_Ambient_Sensor_Data,2048,discovery in s,3.308327451
1271,1 GB,SCAMPI (1 GB),HAR_Ambient_Sensor_Data,4096,discovery in s,14.155626244
1272,8 GB,SCAMPI (8 GB),SpainishEnergyDataset,512,discovery in s,0.864529509
1273,8 GB,SCAMPI (8 GB),SpainishEnergyDataset,1024,discovery in s,0.914323176
1274,8 GB,SCAMPI (8 GB),SpainishEnergyDataset,2048,discovery in s,4.314844447
1275,8 GB,SCAMPI (8 GB),SpainishEnergyDataset,4096,discovery in s,1.573026442
1276,0.25 GB,SCAMPI (0.25 GB),swtAttack38,512,discovery in s,0.035263933000000004
1277,0.25 GB,SCAMPI (0.25 GB),swtAttack38,1024,discovery in s,8.402900573
1278,0.25 GB,SCAMPI (0.25 GB),swtAttack38,2048,discovery in s,10.514502543
1279,0.25 GB,SCAMPI (0.25 GB),swtAttack38,4096,discovery in s,9.030665137
1280,2 GB,SCAMPI (2 GB),Lab_FD_061014,512,discovery in s,15.635672375
1281,2 GB,SCAMPI (2 GB),Lab_FD_061014,1024,discovery in s,16.409480724
1282,2 GB,SCAMPI (2 GB),Lab_FD_061014,2048,discovery in s,26.230215535
1283,2 GB,SCAMPI (2 GB),Lab_FD_061014,4096,discovery in s,29.930007726
1284,1 GB,SCAMPI (1 GB),Lab_K_060314,512,discovery in s,8.411819998
1285,1 GB,SCAMPI (1 GB),Lab_K_060314,1024,discovery in s,8.033074778
1286,1 GB,SCAMPI (1 GB),Lab_K_060314,2048,discovery in s,9.308016816
1287,1 GB,SCAMPI (1 GB),Lab_K_060314,4096,discovery in s,15.909926897
1288,8 GB,SCAMPI (8 GB),WindTurbine,512,discovery in s,0.648580565
1289,8 GB,SCAMPI (8 GB),WindTurbine,1024,discovery in s,0.9253578410000001
1290,8 GB,SCAMPI (8 GB),WindTurbine,2048,discovery in s,1.850369178
1291,8 GB,SCAMPI (8 GB),WindTurbine,4096,discovery in s,2.287668636
1292,4 GB,SCAMPI (4 GB),swtAttack7,512,discovery in s,0.22882091100000002
1293,4 GB,SCAMPI (4 GB),swtAttack7,1024,discovery in s,53.987277395
1294,4 GB,SCAMPI (4 GB),swtAttack7,2048,discovery in s,36.217184441
1295,4 GB,SCAMPI (4 GB),swtAttack7,4096,discovery in s,41.634889713
1296,2 GB,SCAMPI (2 GB),EOG_one_hour_400_Hz,512,discovery in s,25.931735311
1297,2 GB,SCAMPI (2 GB),EOG_one_hour_400_Hz,1024,discovery in s,19.469354305
1298,2 GB,SCAMPI (2 GB),EOG_one_hour_400_Hz,2048,discovery in s,19.477909333
1299,2 GB,SCAMPI (2 GB),EOG_one_hour_400_Hz,4096,discovery in s,30.007274858
1300,32 GB,SCAMPI (32 GB),recorddata,512,discovery in s,13.049497308
1301,32 GB,SCAMPI (32 GB),recorddata,1024,discovery in s,13.588158492
1302,32 GB,SCAMPI (32 GB),recorddata,2048,discovery in s,30.213995127
1303,32 GB,SCAMPI (32 GB),recorddata,4096,discovery in s,27.763922237
1304,0.5 GB,SCAMPI (0.5 GB),house,512,discovery in s,4.995132198
1305,0.5 GB,SCAMPI (0.5 GB),house,1024,discovery in s,5.655450656
1306,0.5 GB,SCAMPI (0.5 GB),house,2048,discovery in s,9.018873789
1307,0.5 GB,SCAMPI (0.5 GB),house,4096,discovery in s,16.37151959
1308,4 GB,SCAMPI (4 GB),solarwind,512,discovery in s,37.051347226
1309,4 GB,SCAMPI (4 GB),solarwind,1024,discovery in s,42.454247367
1310,4 GB,SCAMPI (4 GB),solarwind,2048,discovery in s,45.907568768
1311,4 GB,SCAMPI (4 GB),solarwind,4096,discovery in s,53.739520579
1312,1 GB,SCAMPI (1 GB),SpainishEnergyDataset,512,discovery in s,0.842643672
1313,1 GB,SCAMPI (1 GB),SpainishEnergyDataset,1024,discovery in s,0.918082947
1314,1 GB,SCAMPI (1 GB),SpainishEnergyDataset,2048,discovery in s,4.326392536
1315,1 GB,SCAMPI (1 GB),SpainishEnergyDataset,4096,discovery in s,1.570455481
1316,2 GB,SCAMPI (2 GB),FingerFlexionECoG,512,discovery in s,25.418481957
1317,2 GB,SCAMPI (2 GB),FingerFlexionECoG,1024,discovery in s,53.999875205
1318,2 GB,SCAMPI (2 GB),FingerFlexionECoG,2048,discovery in s,45.009127575
1319,2 GB,SCAMPI (2 GB),FingerFlexionECoG,4096,discovery in s,6.474111966
1320,32 GB,SCAMPI (32 GB),SpainishEnergyDataset5sec,512,discovery in s,4.385811732
1321,32 GB,SCAMPI (32 GB),SpainishEnergyDataset5sec,1024,discovery in s,8.650332954
1322,32 GB,SCAMPI (32 GB),SpainishEnergyDataset5sec,2048,discovery in s,20.390172553
1323,32 GB,SCAMPI (32 GB),SpainishEnergyDataset5sec,4096,discovery in s,57.184323738
1324,1 GB,SCAMPI (1 GB),recorddata,512,discovery in s,14.168488115
1325,1 GB,SCAMPI (1 GB),recorddata,1024,discovery in s,15.000611801
1326,1 GB,SCAMPI (1 GB),recorddata,2048,discovery in s,28.98786212
1327,1 GB,SCAMPI (1 GB),recorddata,4096,discovery in s,28.419808114
1328,8 GB,SCAMPI (8 GB),HAR_Ambient_Sensor_Data,512,discovery in s,1.6456258750000001
1329,8 GB,SCAMPI (8 GB),HAR_Ambient_Sensor_Data,1024,discovery in s,1.922520943
1330,8 GB,SCAMPI (8 GB),HAR_Ambient_Sensor_Data,2048,discovery in s,3.384579264
1331,8 GB,SCAMPI (8 GB),HAR_Ambient_Sensor_Data,4096,discovery in s,52.86644278
1332,4 GB,SCAMPI (4 GB),Challenge2009Respiration500HZ,512,discovery in s,1.564996819
1333,4 GB,SCAMPI (4 GB),Challenge2009Respiration500HZ,1024,discovery in s,0.44877740600000005
1334,4 GB,SCAMPI (4 GB),Challenge2009Respiration500HZ,2048,discovery in s,55.291928361
1335,4 GB,SCAMPI (4 GB),Challenge2009Respiration500HZ,4096,discovery in s,45.391532409
1336,0.25 GB,SCAMPI (0.25 GB),house,512,discovery in s,4.983303383
1337,0.25 GB,SCAMPI (0.25 GB),house,1024,discovery in s,5.377505209
1338,0.25 GB,SCAMPI (0.25 GB),house,2048,discovery in s,7.035944416
1339,0.25 GB,SCAMPI (0.25 GB),house,4096,discovery in s,11.856122483
1340,16 GB,SCAMPI (16 GB),SpainishEnergyDataset5sec,512,discovery in s,2.8011667190000002
1341,16 GB,SCAMPI (16 GB),SpainishEnergyDataset5sec,1024,discovery in s,6.3692943810000004
1342,16 GB,SCAMPI (16 GB),SpainishEnergyDataset5sec,2048,discovery in s,13.357149736
1343,16 GB,SCAMPI (16 GB),SpainishEnergyDataset5sec,4096,discovery in s,41.862792263
1344,4 GB,SCAMPI (4 GB),SpainishEnergyDataset5sec,512,discovery in s,2.7824515020000002
1345,4 GB,SCAMPI (4 GB),SpainishEnergyDataset5sec,1024,discovery in s,6.764995643
1346,4 GB,SCAMPI (4 GB),SpainishEnergyDataset5sec,2048,discovery in s,13.549764116
1347,4 GB,SCAMPI (4 GB),SpainishEnergyDataset5sec,4096,discovery in s,41.488482584
1348,4 GB,SCAMPI (4 GB),stator_winding,512,discovery in s,46.478224959
1349,4 GB,SCAMPI (4 GB),stator_winding,1024,discovery in s,42.076530527
1350,4 GB,SCAMPI (4 GB),stator_winding,2048,discovery in s,48.546786451
1351,4 GB,SCAMPI (4 GB),stator_winding,4096,discovery in s,67.330640111
1352,1 GB,SCAMPI (1 GB),CinC_Challenge,512,discovery in s,0.904089998
1353,1 GB,SCAMPI (1 GB),CinC_Challenge,1024,discovery in s,0.860946139
1354,1 GB,SCAMPI (1 GB),CinC_Challenge,2048,discovery in s,2.70524846
1355,1 GB,SCAMPI (1 GB),CinC_Challenge,4096,discovery in s,5.018516228
1356,4 GB,SCAMPI (4 GB),water,512,discovery in s,1.016181329
1357,4 GB,SCAMPI (4 GB),water,1024,discovery in s,0.398875715
1358,4 GB,SCAMPI (4 GB),water,2048,discovery in s,37.073438794
1359,4 GB,SCAMPI (4 GB),water,4096,discovery in s,47.604433692
1360,1 GB,SCAMPI (1 GB),Bird12-Week3_2018_1_10,512,discovery in s,1.221236267
1361,1 GB,SCAMPI (1 GB),Bird12-Week3_2018_1_10,1024,discovery in s,9.67756835
1362,1 GB,SCAMPI (1 GB),Bird12-Week3_2018_1_10,2048,discovery in s,12.871360194
1363,1 GB,SCAMPI (1 GB),Bird12-Week3_2018_1_10,4096,discovery in s,18.764314417
1364,16 GB,SCAMPI (16 GB),recorddata,512,discovery in s,14.455520183
1365,16 GB,SCAMPI (16 GB),recorddata,1024,discovery in s,15.245708244
1366,16 GB,SCAMPI (16 GB),recorddata,2048,discovery in s,29.061388586
1367,16 GB,SCAMPI (16 GB),recorddata,4096,discovery in s,26.925369511
1368,2 GB,SCAMPI (2 GB),SynchrophasorEventsLarge,512,discovery in s,29.303392445
1369,2 GB,SCAMPI (2 GB),SynchrophasorEventsLarge,1024,discovery in s,42.237628404
1370,2 GB,SCAMPI (2 GB),SynchrophasorEventsLarge,2048,discovery in s,52.566842113
1371,2 GB,SCAMPI (2 GB),SynchrophasorEventsLarge,4096,discovery in s,331.374544528
1372,8 GB,SCAMPI (8 GB),CinC_Challenge,512,discovery in s,0.9038439290000001
1373,8 GB,SCAMPI (8 GB),CinC_Challenge,1024,discovery in s,0.900333139
1374,8 GB,SCAMPI (8 GB),CinC_Challenge,2048,discovery in s,2.696250401
1375,8 GB,SCAMPI (8 GB),CinC_Challenge,4096,discovery in s,5.044112718
1376,0.5 GB,SCAMPI (0.5 GB),EOG_one_hour_400_Hz,512,discovery in s,8.470822748
1377,0.5 GB,SCAMPI (0.5 GB),EOG_one_hour_400_Hz,1024,discovery in s,7.262748946
1378,0.5 GB,SCAMPI (0.5 GB),EOG_one_hour_400_Hz,2048,discovery in s,7.923093229
1379,0.5 GB,SCAMPI (0.5 GB),EOG_one_hour_400_Hz,4096,discovery in s,18.709410144
1380,16 GB,SCAMPI (16 GB),lorenzAttractorsLONG,512,discovery in s,18.565819982
1381,16 GB,SCAMPI (16 GB),lorenzAttractorsLONG,1024,discovery in s,45.924835251
1382,16 GB,SCAMPI (16 GB),lorenzAttractorsLONG,2048,discovery in s,1.013309251
1383,16 GB,SCAMPI (16 GB),lorenzAttractorsLONG,4096,discovery in s,119.068767448
1384,4 GB,SCAMPI (4 GB),swtAttack38,512,discovery in s,0.034579651
1385,4 GB,SCAMPI (4 GB),swtAttack38,1024,discovery in s,39.272468355
1386,4 GB,SCAMPI (4 GB),swtAttack38,2048,discovery in s,52.717621071
1387,4 GB,SCAMPI (4 GB),swtAttack38,4096,discovery in s,24.007640144
1388,0.25 GB,SCAMPI (0.25 GB),Challenge2009TestSetA_101a,512,discovery in s,9.736909431
1389,0.25 GB,SCAMPI (0.25 GB),Challenge2009TestSetA_101a,1024,discovery in s,7.911311619
1390,0.25 GB,SCAMPI (0.25 GB),Challenge2009TestSetA_101a,2048,discovery in s,7.467084981
1391,0.25 GB,SCAMPI (0.25 GB),Challenge2009TestSetA_101a,4096,discovery in s,7.587564664
1392,0.5 GB,SCAMPI (0.5 GB),swtAttack38,512,discovery in s,0.035889402
1393,0.5 GB,SCAMPI (0.5 GB),swtAttack38,1024,discovery in s,12.23439866
1394,0.5 GB,SCAMPI (0.5 GB),swtAttack38,2048,discovery in s,16.408064869
1395,0.5 GB,SCAMPI (0.5 GB),swtAttack38,4096,discovery in s,13.31902507
1396,8 GB,SCAMPI (8 GB),Bird12-Week3_2018_1_10,512,discovery in s,1.2200663680000001
1397,8 GB,SCAMPI (8 GB),Bird12-Week3_2018_1_10,1024,discovery in s,49.469249528
1398,8 GB,SCAMPI (8 GB),Bird12-Week3_2018_1_10,2048,discovery in s,56.466281352
1399,8 GB,SCAMPI (8 GB),Bird12-Week3_2018_1_10,4096,discovery in s,81.392087182
1400,32 GB,SCAMPI (32 GB),Challenge2009Respiration500HZ,512,discovery in s,1.575737695
1401,32 GB,SCAMPI (32 GB),Challenge2009Respiration500HZ,1024,discovery in s,0.3507878
1402,32 GB,SCAMPI (32 GB),Challenge2009Respiration500HZ,2048,discovery in s,166.14569049
1403,32 GB,SCAMPI (32 GB),Challenge2009Respiration500HZ,4096,discovery in s,161.682616514
1404,32 GB,SCAMPI (32 GB),EOG_one_hour_400_Hz,512,discovery in s,153.016223775
1405,32 GB,SCAMPI (32 GB),EOG_one_hour_400_Hz,1024,discovery in s,71.135380772
1406,32 GB,SCAMPI (32 GB),EOG_one_hour_400_Hz,2048,discovery in s,80.79365603
1407,32 GB,SCAMPI (32 GB),EOG_one_hour_400_Hz,4096,discovery in s,149.935859518
1408,4 GB,SCAMPI (4 GB),EOG_one_hour_50_Hz,512,discovery in s,18.405516045
1409,4 GB,SCAMPI (4 GB),EOG_one_hour_50_Hz,1024,discovery in s,13.091815465
1410,4 GB,SCAMPI (4 GB),EOG_one_hour_50_Hz,2048,discovery in s,19.446499219
1411,4 GB,SCAMPI (4 GB),EOG_one_hour_50_Hz,4096,discovery in s,31.115938295
1412,32 GB,SCAMPI (32 GB),EOG_one_hour_50_Hz,512,discovery in s,16.530532856
1413,32 GB,SCAMPI (32 GB),EOG_one_hour_50_Hz,1024,discovery in s,12.478290101
1414,32 GB,SCAMPI (32 GB),EOG_one_hour_50_Hz,2048,discovery in s,18.838080771
1415,32 GB,SCAMPI (32 GB),EOG_one_hour_50_Hz,4096,discovery in s,29.659548919
1416,4 GB,SCAMPI (4 GB),Challenge2009TestSetA_101a,512,discovery in s,63.604405831
1417,4 GB,SCAMPI (4 GB),Challenge2009TestSetA_101a,1024,discovery in s,45.306712656
1418,4 GB,SCAMPI (4 GB),Challenge2009TestSetA_101a,2048,discovery in s,58.160834242
1419,4 GB,SCAMPI (4 GB),Challenge2009TestSetA_101a,4096,discovery in s,42.170012995
1420,4 GB,SCAMPI (4 GB),lorenzAttractorsLONG,512,discovery in s,17.35701177
1421,4 GB,SCAMPI (4 GB),lorenzAttractorsLONG,1024,discovery in s,42.344178434
1422,4 GB,SCAMPI (4 GB),lorenzAttractorsLONG,2048,discovery in s,1.00823772
1423,4 GB,SCAMPI (4 GB),lorenzAttractorsLONG,4096,discovery in s,118.858006907
1424,1 GB,SCAMPI (1 GB),EOG_one_hour_400_Hz,512,discovery in s,13.990409848
1425,1 GB,SCAMPI (1 GB),EOG_one_hour_400_Hz,1024,discovery in s,11.5157683
1426,1 GB,SCAMPI (1 GB),EOG_one_hour_400_Hz,2048,discovery in s,11.174395274
1427,1 GB,SCAMPI (1 GB),EOG_one_hour_400_Hz,4096,discovery in s,22.867185839
1428,32 GB,SCAMPI (32 GB),HAR_Ambient_Sensor_Data,512,discovery in s,1.7846838040000002
1429,32 GB,SCAMPI (32 GB),HAR_Ambient_Sensor_Data,1024,discovery in s,1.8792562590000002
1430,32 GB,SCAMPI (32 GB),HAR_Ambient_Sensor_Data,2048,discovery in s,3.474126278
1431,32 GB,SCAMPI (32 GB),HAR_Ambient_Sensor_Data,4096,discovery in s,128.319430803
1432,2 GB,SCAMPI (2 GB),Lab_K_060314,512,discovery in s,13.272754552
1433,2 GB,SCAMPI (2 GB),Lab_K_060314,1024,discovery in s,12.517273769
1434,2 GB,SCAMPI (2 GB),Lab_K_060314,2048,discovery in s,15.032628099
1435,2 GB,SCAMPI (2 GB),Lab_K_060314,4096,discovery in s,25.814502435
1436,0.5 GB,SCAMPI (0.5 GB),SpainishEnergyDataset,512,discovery in s,0.843696274
1437,0.5 GB,SCAMPI (0.5 GB),SpainishEnergyDataset,1024,discovery in s,0.907608755
1438,0.5 GB,SCAMPI (0.5 GB),SpainishEnergyDataset,2048,discovery in s,4.369352941
1439,0.5 GB,SCAMPI (0.5 GB),SpainishEnergyDataset,4096,discovery in s,1.56683682
1440,32 GB,SCAMPI (32 GB),SpainishEnergyDataset,512,discovery in s,0.8781371280000001
1441,32 GB,SCAMPI (32 GB),SpainishEnergyDataset,1024,discovery in s,2.854820065
1442,32 GB,SCAMPI (32 GB),SpainishEnergyDataset,2048,discovery in s,4.125298513
1443,32 GB,SCAMPI (32 GB),SpainishEnergyDataset,4096,discovery in s,1.327810712
1444,2 GB,SCAMPI (2 GB),recorddata,512,discovery in s,14.06583449
1445,2 GB,SCAMPI (2 GB),recorddata,1024,discovery in s,14.472197345
1446,2 GB,SCAMPI (2 GB),recorddata,2048,discovery in s,27.362757396
1447,2 GB,SCAMPI (2 GB),recorddata,4096,discovery in s,27.520200512
1448,8 GB,SCAMPI (8 GB),Lab_FD_061014,512,discovery in s,43.271442814
1449,8 GB,SCAMPI (8 GB),Lab_FD_061014,1024,discovery in s,52.513203034
1450,8 GB,SCAMPI (8 GB),Lab_FD_061014,2048,discovery in s,68.612095292
1451,8 GB,SCAMPI (8 GB),Lab_FD_061014,4096,discovery in s,88.285759665
1452,1 GB,SCAMPI (1 GB),FingerFlexionECoG,512,discovery in s,25.442089805
1453,1 GB,SCAMPI (1 GB),FingerFlexionECoG,1024,discovery in s,53.561429281
1454,1 GB,SCAMPI (1 GB),FingerFlexionECoG,2048,discovery in s,45.523625853
1455,1 GB,SCAMPI (1 GB),FingerFlexionECoG,4096,discovery in s,6.561274376
1456,0.5 GB,SCAMPI (0.5 GB),Bird12-Week3_2018_1_10,512,discovery in s,1.217085781
1457,0.5 GB,SCAMPI (0.5 GB),Bird12-Week3_2018_1_10,1024,discovery in s,6.471898232
1458,0.5 GB,SCAMPI (0.5 GB),Bird12-Week3_2018_1_10,2048,discovery in s,9.08739606
1459,0.5 GB,SCAMPI (0.5 GB),Bird12-Week3_2018_1_10,4096,discovery in s,15.342972892
1460,0.5 GB,SCAMPI (0.5 GB),EOG_one_hour_50_Hz,512,discovery in s,10.128793374
1461,0.5 GB,SCAMPI (0.5 GB),EOG_one_hour_50_Hz,1024,discovery in s,9.351467597
1462,0.5 GB,SCAMPI (0.5 GB),EOG_one_hour_50_Hz,2048,discovery in s,9.479186261
1463,0.5 GB,SCAMPI (0.5 GB),EOG_one_hour_50_Hz,4096,discovery in s,14.511340643
1464,2 GB,SCAMPI (2 GB),SpainishEnergyDataset,512,discovery in s,0.843297574
1465,2 GB,SCAMPI (2 GB),SpainishEnergyDataset,1024,discovery in s,0.9036664010000001
1466,2 GB,SCAMPI (2 GB),SpainishEnergyDataset,2048,discovery in s,4.317587101
1467,2 GB,SCAMPI (2 GB),SpainishEnergyDataset,4096,discovery in s,1.508310428
1468,16 GB,SCAMPI (16 GB),house,512,discovery in s,5.062153432
1469,16 GB,SCAMPI (16 GB),house,1024,discovery in s,5.442772905
1470,16 GB,SCAMPI (16 GB),house,2048,discovery in s,7.9304673260000005
1471,16 GB,SCAMPI (16 GB),house,4096,discovery in s,175.541328959
1472,16 GB,SCAMPI (16 GB),BlackLeggedKittiwake,512,discovery in s,73.308430875
1473,16 GB,SCAMPI (16 GB),BlackLeggedKittiwake,1024,discovery in s,55.379356188
1474,16 GB,SCAMPI (16 GB),BlackLeggedKittiwake,2048,discovery in s,153.703121823
1475,16 GB,SCAMPI (16 GB),BlackLeggedKittiwake,4096,discovery in s,116.82712856
1476,0.25 GB,SCAMPI (0.25 GB),SynchrophasorEventsLarge,512,discovery in s,31.072750272
1477,0.25 GB,SCAMPI (0.25 GB),SynchrophasorEventsLarge,1024,discovery in s,31.341996668
1478,0.25 GB,SCAMPI (0.25 GB),SynchrophasorEventsLarge,2048,discovery in s,39.065071898
1479,0.25 GB,SCAMPI (0.25 GB),SynchrophasorEventsLarge,4096,discovery in s,314.717701058
1480,32 GB,SCAMPI (32 GB),swtAttack38,512,discovery in s,0.031810328
1481,32 GB,SCAMPI (32 GB),swtAttack38,1024,discovery in s,41.465908055
1482,32 GB,SCAMPI (32 GB),swtAttack38,2048,discovery in s,56.779051725
1483,32 GB,SCAMPI (32 GB),swtAttack38,4096,discovery in s,21.787117796
1484,8 GB,SCAMPI (8 GB),EOG_one_hour_400_Hz,512,discovery in s,71.716273884
1485,8 GB,SCAMPI (8 GB),EOG_one_hour_400_Hz,1024,discovery in s,45.400618568
1486,8 GB,SCAMPI (8 GB),EOG_one_hour_400_Hz,2048,discovery in s,42.694708826
1487,8 GB,SCAMPI (8 GB),EOG_one_hour_400_Hz,4096,discovery in s,57.842908401
1488,2 GB,SCAMPI (2 GB),WindTurbine,512,discovery in s,0.665670144
1489,2 GB,SCAMPI (2 GB),WindTurbine,1024,discovery in s,0.9316658470000001
1490,2 GB,SCAMPI (2 GB),WindTurbine,2048,discovery in s,1.857440385
1491,2 GB,SCAMPI (2 GB),WindTurbine,4096,discovery in s,2.307063987
1492,0.25 GB,SCAMPI (0.25 GB),FingerFlexionECoG,512,discovery in s,24.946381099
1493,0.25 GB,SCAMPI (0.25 GB),FingerFlexionECoG,1024,discovery in s,53.403366476
1494,0.25 GB,SCAMPI (0.25 GB),FingerFlexionECoG,2048,discovery in s,45.356174434
1495,0.25 GB,SCAMPI (0.25 GB),FingerFlexionECoG,4096,discovery in s,6.511844188
1496,1 GB,SCAMPI (1 GB),Lab_FD_061014,512,discovery in s,8.202230631
1497,1 GB,SCAMPI (1 GB),Lab_FD_061014,1024,discovery in s,10.590686953
1498,1 GB,SCAMPI (1 GB),Lab_FD_061014,2048,discovery in s,14.841791263
1499,1 GB,SCAMPI (1 GB),Lab_FD_061014,4096,discovery in s,18.969589393
1500,0.25 GB,SCAMPI (0.25 GB),Lab_FD_061014,512,discovery in s,3.265340662
1501,0.25 GB,SCAMPI (0.25 GB),Lab_FD_061014,1024,discovery in s,3.7895186720000003
1502,0.25 GB,SCAMPI (0.25 GB),Lab_FD_061014,2048,discovery in s,5.377994468
1503,0.25 GB,SCAMPI (0.25 GB),Lab_FD_061014,4096,discovery in s,8.042946699
1504,4 GB,SCAMPI (4 GB),MGHSleepElectromyography,512,discovery in s,38.619882507
1505,4 GB,SCAMPI (4 GB),MGHSleepElectromyography,1024,discovery in s,34.556505012
1506,4 GB,SCAMPI (4 GB),MGHSleepElectromyography,2048,discovery in s,31.794262537
1507,4 GB,SCAMPI (4 GB),MGHSleepElectromyography,4096,discovery in s,35.21267382
1508,8 GB,SCAMPI (8 GB),FingerFlexionECoG,512,discovery in s,24.611231085
1509,8 GB,SCAMPI (8 GB),FingerFlexionECoG,1024,discovery in s,54.150953486
1510,8 GB,SCAMPI (8 GB),FingerFlexionECoG,2048,discovery in s,46.027521178
1511,8 GB,SCAMPI (8 GB),FingerFlexionECoG,4096,discovery in s,6.520212649
1512,0.5 GB,SCAMPI (0.5 GB),HAR_Ambient_Sensor_Data,512,discovery in s,1.674296223
1513,0.5 GB,SCAMPI (0.5 GB),HAR_Ambient_Sensor_Data,1024,discovery in s,1.92407113
1514,0.5 GB,SCAMPI (0.5 GB),HAR_Ambient_Sensor_Data,2048,discovery in s,3.320883696
1515,0.5 GB,SCAMPI (0.5 GB),HAR_Ambient_Sensor_Data,4096,discovery in s,10.117807646
1516,32 GB,SCAMPI (32 GB),MGHSleepElectromyography,512,discovery in s,29.122735085
1517,32 GB,SCAMPI (32 GB),MGHSleepElectromyography,1024,discovery in s,217.075692501
1518,32 GB,SCAMPI (32 GB),MGHSleepElectromyography,2048,discovery in s,161.268958625
1519,32 GB,SCAMPI (32 GB),MGHSleepElectromyography,4096,discovery in s,163.001572842
1520,16 GB,SCAMPI (16 GB),swtAttack7,512,discovery in s,0.228219954
1521,16 GB,SCAMPI (16 GB),swtAttack7,1024,discovery in s,68.362931949
1522,16 GB,SCAMPI (16 GB),swtAttack7,2048,discovery in s,35.80308941
1523,16 GB,SCAMPI (16 GB),swtAttack7,4096,discovery in s,41.98258618
1524,32 GB,SCAMPI (32 GB),solarwind,512,discovery in s,185.484110818
1525,32 GB,SCAMPI (32 GB),solarwind,1024,discovery in s,206.649376509
1526,32 GB,SCAMPI (32 GB),solarwind,2048,discovery in s,210.971171491
1527,32 GB,SCAMPI (32 GB),solarwind,4096,discovery in s,223.03255076
1528,2 GB,SCAMPI (2 GB),HAR_Ambient_Sensor_Data,512,discovery in s,1.614891594
1529,2 GB,SCAMPI (2 GB),HAR_Ambient_Sensor_Data,1024,discovery in s,1.917333749
1530,2 GB,SCAMPI (2 GB),HAR_Ambient_Sensor_Data,2048,discovery in s,3.396096563
1531,2 GB,SCAMPI (2 GB),HAR_Ambient_Sensor_Data,4096,discovery in s,21.333094281
1532,0.5 GB,SCAMPI (0.5 GB),Lab_K_060314,512,discovery in s,4.556390509
1533,0.5 GB,SCAMPI (0.5 GB),Lab_K_060314,1024,discovery in s,4.817717691
1534,0.5 GB,SCAMPI (0.5 GB),Lab_K_060314,2048,discovery in s,5.5062212090000004
1535,0.5 GB,SCAMPI (0.5 GB),Lab_K_060314,4096,discovery in s,9.401356292000001
1536,4 GB,SCAMPI (4 GB),Lab_FD_061014,512,extent@k,3.308143672363702
1537,4 GB,SCAMPI (4 GB),Lab_FD_061014,1024,extent@k,4.85957671546607
1538,4 GB,SCAMPI (4 GB),Lab_FD_061014,2048,extent@k,6.93194786627828
1539,4 GB,SCAMPI (4 GB),Lab_FD_061014,4096,extent@k,11.353016874637332
1540,1 GB,SCAMPI (1 GB),MGHSleepElectromyography,512,extent@k,1.4770129661583882
1541,1 GB,SCAMPI (1 GB),MGHSleepElectromyography,1024,extent@k,4.648581127494711
1542,1 GB,SCAMPI (1 GB),MGHSleepElectromyography,2048,extent@k,12.316544188245338
1543,1 GB,SCAMPI (1 GB),MGHSleepElectromyography,4096,extent@k,76.49723690844199
1544,8 GB,SCAMPI (8 GB),lorenzAttractorsLONG,512,extent@k,7.937253933193772e-05
1545,8 GB,SCAMPI (8 GB),lorenzAttractorsLONG,1024,extent@k,0.0014220407870381214
1546,8 GB,SCAMPI (8 GB),lorenzAttractorsLONG,2048,extent@k,0.011633361509039424
1547,8 GB,SCAMPI (8 GB),lorenzAttractorsLONG,4096,extent@k,0.028326521141855736
1548,8 GB,SCAMPI (8 GB),Challenge2009TestSetA_101a,512,extent@k,0.9734554029332828
1549,8 GB,SCAMPI (8 GB),Challenge2009TestSetA_101a,1024,extent@k,5.69526444335116
1550,8 GB,SCAMPI (8 GB),Challenge2009TestSetA_101a,2048,extent@k,15.12029524406187
1551,8 GB,SCAMPI (8 GB),Challenge2009TestSetA_101a,4096,extent@k,45.7348716776772
1552,0.25 GB,SCAMPI (0.25 GB),lorenzAttractorsLONG,512,extent@k,7.937253933193772e-05
1553,0.25 GB,SCAMPI (0.25 GB),lorenzAttractorsLONG,1024,extent@k,0.0014220407870381214
1554,0.25 GB,SCAMPI (0.25 GB),lorenzAttractorsLONG,2048,extent@k,0.011633361509039424
1555,0.25 GB,SCAMPI (0.25 GB),lorenzAttractorsLONG,4096,extent@k,0.028326521141855736
1556,2 GB,SCAMPI (2 GB),Challenge2009Respiration500HZ,512,extent@k,1.5215908161526213
1557,2 GB,SCAMPI (2 GB),Challenge2009Respiration500HZ,1024,extent@k,0.05807684133972852
1558,2 GB,SCAMPI (2 GB),Challenge2009Respiration500HZ,2048,extent@k,6.384409011874161
1559,2 GB,SCAMPI (2 GB),Challenge2009Respiration500HZ,4096,extent@k,17.376825927122017
1560,16 GB,SCAMPI (16 GB),stator_winding,512,extent@k,0.467400756203924
1561,16 GB,SCAMPI (16 GB),stator_winding,1024,extent@k,0.601676715520885
1562,16 GB,SCAMPI (16 GB),stator_winding,2048,extent@k,0.950744917157068
1563,16 GB,SCAMPI (16 GB),stator_winding,4096,extent@k,1.4676080512180356
1564,4 GB,SCAMPI (4 GB),FingerFlexionECoG,512,extent@k,6.133426536610674e-11
1565,4 GB,SCAMPI (4 GB),FingerFlexionECoG,1024,extent@k,6.884870204295793e-10
1566,4 GB,SCAMPI (4 GB),FingerFlexionECoG,2048,extent@k,1.4969894545386751e-09
1567,4 GB,SCAMPI (4 GB),FingerFlexionECoG,4096,extent@k,0.0005514526271584895
1568,8 GB,SCAMPI (8 GB),MGHSleepElectromyography,512,extent@k,1.4788401425779596
1569,8 GB,SCAMPI (8 GB),MGHSleepElectromyography,1024,extent@k,4.587360743957248
1570,8 GB,SCAMPI (8 GB),MGHSleepElectromyography,2048,extent@k,11.62689936867091
1571,8 GB,SCAMPI (8 GB),MGHSleepElectromyography,4096,extent@k,21.243574937444027
1572,32 GB,SCAMPI (32 GB),SynchrophasorEventsLarge,512,extent@k,0.012529413394089925
1573,32 GB,SCAMPI (32 GB),SynchrophasorEventsLarge,1024,extent@k,0.04874407758897485
1574,32 GB,SCAMPI (32 GB),SynchrophasorEventsLarge,2048,extent@k,0.17132497891434278
1575,32 GB,SCAMPI (32 GB),SynchrophasorEventsLarge,4096,extent@k,0.5693090362887279
1576,0.25 GB,SCAMPI (0.25 GB),BlackLeggedKittiwake,512,extent@k,1.166876857299004
1577,0.25 GB,SCAMPI (0.25 GB),BlackLeggedKittiwake,1024,extent@k,2.133429690709305
1578,0.25 GB,SCAMPI (0.25 GB),BlackLeggedKittiwake,2048,extent@k,4.85076587569427
1579,0.25 GB,SCAMPI (0.25 GB),BlackLeggedKittiwake,4096,extent@k,12.327548059589953
1580,0.5 GB,SCAMPI (0.5 GB),WindTurbine,512,extent@k,1.1030641964545853
1581,0.5 GB,SCAMPI (0.5 GB),WindTurbine,1024,extent@k,2.0787837008933856
1582,0.5 GB,SCAMPI (0.5 GB),WindTurbine,2048,extent@k,6.177818308213669
1583,0.5 GB,SCAMPI (0.5 GB),WindTurbine,4096,extent@k,33.22200743753754
1584,1 GB,SCAMPI (1 GB),lorenzAttractorsLONG,512,extent@k,7.937253933193772e-05
1585,1 GB,SCAMPI (1 GB),lorenzAttractorsLONG,1024,extent@k,0.0014220407870381214
1586,1 GB,SCAMPI (1 GB),lorenzAttractorsLONG,2048,extent@k,0.011633361509039424
1587,1 GB,SCAMPI (1 GB),lorenzAttractorsLONG,4096,extent@k,0.028326521141855736
1588,1 GB,SCAMPI (1 GB),Challenge2009TestSetA_101a,512,extent@k,0.9734554029332828
1589,1 GB,SCAMPI (1 GB),Challenge2009TestSetA_101a,1024,extent@k,5.652343587486522
1590,1 GB,SCAMPI (1 GB),Challenge2009TestSetA_101a,2048,extent@k,15.531780419868161
1591,1 GB,SCAMPI (1 GB),Challenge2009TestSetA_101a,4096,extent@k,49.39488275636455
1592,2 GB,SCAMPI (2 GB),solarwind,512,extent@k,0.7203352635405267
1593,2 GB,SCAMPI (2 GB),solarwind,1024,extent@k,1.8446758330395072
1594,2 GB,SCAMPI (2 GB),solarwind,2048,extent@k,6.649032952445039
1595,2 GB,SCAMPI (2 GB),solarwind,4096,extent@k,33.70289074579805
1596,32 GB,SCAMPI (32 GB),Lab_FD_061014,512,extent@k,3.290637066754704
1597,32 GB,SCAMPI (32 GB),Lab_FD_061014,1024,extent@k,4.869390584446887
1598,32 GB,SCAMPI (32 GB),Lab_FD_061014,2048,extent@k,6.944705686622004
1599,32 GB,SCAMPI (32 GB),Lab_FD_061014,4096,extent@k,11.342953168818074
1600,4 GB,SCAMPI (4 GB),EOG_one_hour_400_Hz,512,extent@k,2.3598737565598715
1601,4 GB,SCAMPI (4 GB),EOG_one_hour_400_Hz,1024,extent@k,7.3939893060918065
1602,4 GB,SCAMPI (4 GB),EOG_one_hour_400_Hz,2048,extent@k,19.70742746495595
1603,4 GB,SCAMPI (4 GB),EOG_one_hour_400_Hz,4096,extent@k,53.99095789509851
1604,2 GB,SCAMPI (2 GB),swtAttack7,512,extent@k,0.0017529974329701685
1605,2 GB,SCAMPI (2 GB),swtAttack7,1024,extent@k,1.6131443186832355
1606,2 GB,SCAMPI (2 GB),swtAttack7,2048,extent@k,4.000508193667399
1607,2 GB,SCAMPI (2 GB),swtAttack7,4096,extent@k,15.319748367336194
1608,0.5 GB,SCAMPI (0.5 GB),CinC_Challenge,512,extent@k,0.0
1609,0.5 GB,SCAMPI (0.5 GB),CinC_Challenge,1024,extent@k,0.0
1610,0.5 GB,SCAMPI (0.5 GB),CinC_Challenge,2048,extent@k,0.0
1611,0.5 GB,SCAMPI (0.5 GB),CinC_Challenge,4096,extent@k,0.0
1612,0.5 GB,SCAMPI (0.5 GB),water,512,extent@k,0.0
1613,0.5 GB,SCAMPI (0.5 GB),water,1024,extent@k,0.0003333166662499792
1614,0.5 GB,SCAMPI (0.5 GB),water,2048,extent@k,4.8595267437169225
1615,0.5 GB,SCAMPI (0.5 GB),water,4096,extent@k,16.188457823674867
1616,32 GB,SCAMPI (32 GB),WindTurbine,512,extent@k,0.6274325047365653
1617,32 GB,SCAMPI (32 GB),WindTurbine,1024,extent@k,2.956596163242454
1618,32 GB,SCAMPI (32 GB),WindTurbine,2048,extent@k,27.956483369379633
1619,32 GB,SCAMPI (32 GB),WindTurbine,4096,extent@k,26.094640243268348
1620,0.5 GB,SCAMPI (0.5 GB),recorddata,512,extent@k,12.088996156505303
1621,0.5 GB,SCAMPI (0.5 GB),recorddata,1024,extent@k,17.20195927684402
1622,0.5 GB,SCAMPI (0.5 GB),recorddata,2048,extent@k,34.44832806929823
1623,0.5 GB,SCAMPI (0.5 GB),recorddata,4096,extent@k,78.97771137290191
1624,1 GB,SCAMPI (1 GB),EOG_one_hour_50_Hz,512,extent@k,9.529402057327626
1625,1 GB,SCAMPI (1 GB),EOG_one_hour_50_Hz,1024,extent@k,22.03196400024519
1626,1 GB,SCAMPI (1 GB),EOG_one_hour_50_Hz,2048,extent@k,50.84101895672234
1627,1 GB,SCAMPI (1 GB),EOG_one_hour_50_Hz,4096,extent@k,88.01878246652075
1628,16 GB,SCAMPI (16 GB),FingerFlexionECoG,512,extent@k,6.133426536610674e-11
1629,16 GB,SCAMPI (16 GB),FingerFlexionECoG,1024,extent@k,6.884870204295793e-10
1630,16 GB,SCAMPI (16 GB),FingerFlexionECoG,2048,extent@k,1.4969894545386751e-09
1631,16 GB,SCAMPI (16 GB),FingerFlexionECoG,4096,extent@k,0.0005514526271584895
1632,0.25 GB,SCAMPI (0.25 GB),swtAttack7,512,extent@k,0.0017529974329701685
1633,0.25 GB,SCAMPI (0.25 GB),swtAttack7,1024,extent@k,1.612607806597748
1634,0.25 GB,SCAMPI (0.25 GB),swtAttack7,2048,extent@k,4.076729176594884
1635,0.25 GB,SCAMPI (0.25 GB),swtAttack7,4096,extent@k,15.33770751651628
1636,32 GB,SCAMPI (32 GB),Challenge2009TestSetA_101a,512,extent@k,0.9734554029332828
1637,32 GB,SCAMPI (32 GB),Challenge2009TestSetA_101a,1024,extent@k,5.69526444335116
1638,32 GB,SCAMPI (32 GB),Challenge2009TestSetA_101a,2048,extent@k,15.12029524406187
1639,32 GB,SCAMPI (32 GB),Challenge2009TestSetA_101a,4096,extent@k,45.96366038960018
1640,16 GB,SCAMPI (16 GB),Bird12-Week3_2018_1_10,512,extent@k,0.0
1641,16 GB,SCAMPI (16 GB),Bird12-Week3_2018_1_10,1024,extent@k,7.152369028259098
1642,16 GB,SCAMPI (16 GB),Bird12-Week3_2018_1_10,2048,extent@k,14.543628066926766
1643,16 GB,SCAMPI (16 GB),Bird12-Week3_2018_1_10,4096,extent@k,21.991046014046262
1644,0.5 GB,SCAMPI (0.5 GB),SpainishEnergyDataset5sec,512,extent@k,0.01884264843380569
1645,0.5 GB,SCAMPI (0.5 GB),SpainishEnergyDataset5sec,1024,extent@k,0.026108822263748322
1646,0.5 GB,SCAMPI (0.5 GB),SpainishEnergyDataset5sec,2048,extent@k,0.04654808588975491
1647,0.5 GB,SCAMPI (0.5 GB),SpainishEnergyDataset5sec,4096,extent@k,0.09875509556473529
1648,8 GB,SCAMPI (8 GB),water,512,extent@k,0.0
1649,8 GB,SCAMPI (8 GB),water,1024,extent@k,0.0003333166662499792
1650,8 GB,SCAMPI (8 GB),water,2048,extent@k,4.747492382668981
1651,8 GB,SCAMPI (8 GB),water,4096,extent@k,14.03431472751698
1652,1 GB,SCAMPI (1 GB),swtAttack38,512,extent@k,0.0
1653,1 GB,SCAMPI (1 GB),swtAttack38,1024,extent@k,1.5816976329248267
1654,1 GB,SCAMPI (1 GB),swtAttack38,2048,extent@k,2.6287464680908275
1655,1 GB,SCAMPI (1 GB),swtAttack38,4096,extent@k,4.821636619904075
1656,8 GB,SCAMPI (8 GB),SpainishEnergyDataset5sec,512,extent@k,0.01884264843380569
1657,8 GB,SCAMPI (8 GB),SpainishEnergyDataset5sec,1024,extent@k,0.026108822263748322
1658,8 GB,SCAMPI (8 GB),SpainishEnergyDataset5sec,2048,extent@k,0.04657167272065714
1659,8 GB,SCAMPI (8 GB),SpainishEnergyDataset5sec,4096,extent@k,0.09875509556473529
1660,8 GB,SCAMPI (8 GB),stator_winding,512,extent@k,0.467400756203924
1661,8 GB,SCAMPI (8 GB),stator_winding,1024,extent@k,0.601676715520885
1662,8 GB,SCAMPI (8 GB),stator_winding,2048,extent@k,0.950744917157068
1663,8 GB,SCAMPI (8 GB),stator_winding,4096,extent@k,1.4676080512180356
1664,0.5 GB,SCAMPI (0.5 GB),stator_winding,512,extent@k,0.467400756203924
1665,0.5 GB,SCAMPI (0.5 GB),stator_winding,1024,extent@k,0.601676715520885
1666,0.5 GB,SCAMPI (0.5 GB),stator_winding,2048,extent@k,0.9519713125404567
1667,0.5 GB,SCAMPI (0.5 GB),stator_winding,4096,extent@k,1.4676515894448519
1668,32 GB,SCAMPI (32 GB),water,512,extent@k,3.95460452192125
1669,32 GB,SCAMPI (32 GB),water,1024,extent@k,5.0307562391056075
1670,32 GB,SCAMPI (32 GB),water,2048,extent@k,4.591705433169684
1671,32 GB,SCAMPI (32 GB),water,4096,extent@k,14.035009954324934
1672,0.5 GB,SCAMPI (0.5 GB),solarwind,512,extent@k,0.7870683456981357
1673,0.5 GB,SCAMPI (0.5 GB),solarwind,1024,extent@k,1.8813040273172223
1674,0.5 GB,SCAMPI (0.5 GB),solarwind,2048,extent@k,7.607124215142014
1675,0.5 GB,SCAMPI (0.5 GB),solarwind,4096,extent@k,40.20405307448865
1676,16 GB,SCAMPI (16 GB),CinC_Challenge,512,extent@k,0.0
1677,16 GB,SCAMPI (16 GB),CinC_Challenge,1024,extent@k,0.0
1678,16 GB,SCAMPI (16 GB),CinC_Challenge,2048,extent@k,0.0
1679,16 GB,SCAMPI (16 GB),CinC_Challenge,4096,extent@k,0.0
1680,2 GB,SCAMPI (2 GB),house,512,extent@k,0.02513076998422452
1681,2 GB,SCAMPI (2 GB),house,1024,extent@k,4.871524759159087
1682,2 GB,SCAMPI (2 GB),house,2048,extent@k,0.268064357198043
1683,2 GB,SCAMPI (2 GB),house,4096,extent@k,3.137260096166717
1684,4 GB,SCAMPI (4 GB),Bird12-Week3_2018_1_10,512,extent@k,0.0
1685,4 GB,SCAMPI (4 GB),Bird12-Week3_2018_1_10,1024,extent@k,7.151835239384364
1686,4 GB,SCAMPI (4 GB),Bird12-Week3_2018_1_10,2048,extent@k,14.65672718442627
1687,4 GB,SCAMPI (4 GB),Bird12-Week3_2018_1_10,4096,extent@k,22.135423833466575
1688,2 GB,SCAMPI (2 GB),BlackLeggedKittiwake,512,extent@k,1.148049058315889
1689,2 GB,SCAMPI (2 GB),BlackLeggedKittiwake,1024,extent@k,2.1223182326644605
1690,2 GB,SCAMPI (2 GB),BlackLeggedKittiwake,2048,extent@k,4.832756731142175
1691,2 GB,SCAMPI (2 GB),BlackLeggedKittiwake,4096,extent@k,11.732324302477323
1692,8 GB,SCAMPI (8 GB),EOG_one_hour_50_Hz,512,extent@k,9.529402057327626
1693,8 GB,SCAMPI (8 GB),EOG_one_hour_50_Hz,1024,extent@k,22.03196400024519
1694,8 GB,SCAMPI (8 GB),EOG_one_hour_50_Hz,2048,extent@k,48.16535560191059
1695,8 GB,SCAMPI (8 GB),EOG_one_hour_50_Hz,4096,extent@k,88.01878246652075
1696,8 GB,SCAMPI (8 GB),swtAttack38,512,extent@k,0.0
1697,8 GB,SCAMPI (8 GB),swtAttack38,1024,extent@k,1.5646801344683838
1698,8 GB,SCAMPI (8 GB),swtAttack38,2048,extent@k,2.6249118089947325
1699,8 GB,SCAMPI (8 GB),swtAttack38,4096,extent@k,4.821636619904075
1700,0.5 GB,SCAMPI (0.5 GB),Challenge2009Respiration500HZ,512,extent@k,1.5215908161526213
1701,0.5 GB,SCAMPI (0.5 GB),Challenge2009Respiration500HZ,1024,extent@k,0.05807684133972852
1702,0.5 GB,SCAMPI (0.5 GB),Challenge2009Respiration500HZ,2048,extent@k,7.056386408112866
1703,0.5 GB,SCAMPI (0.5 GB),Challenge2009Respiration500HZ,4096,extent@k,19.573477933384755
1704,1 GB,SCAMPI (1 GB),SpainishEnergyDataset5sec,512,extent@k,0.01884264843380569
1705,1 GB,SCAMPI (1 GB),SpainishEnergyDataset5sec,1024,extent@k,0.026108822263748322
1706,1 GB,SCAMPI (1 GB),SpainishEnergyDataset5sec,2048,extent@k,0.04657167272065714
1707,1 GB,SCAMPI (1 GB),SpainishEnergyDataset5sec,4096,extent@k,0.09875509556473529
1708,0.5 GB,SCAMPI (0.5 GB),MGHSleepElectromyography,512,extent@k,1.4770129661583882
1709,0.5 GB,SCAMPI (0.5 GB),MGHSleepElectromyography,1024,extent@k,7.961240979099929
1710,0.5 GB,SCAMPI (0.5 GB),MGHSleepElectromyography,2048,extent@k,13.530349045076406
1711,0.5 GB,SCAMPI (0.5 GB),MGHSleepElectromyography,4096,extent@k,76.49723690844199
1712,32 GB,SCAMPI (32 GB),Lab_K_060314,512,extent@k,3.3744262837258723
1713,32 GB,SCAMPI (32 GB),Lab_K_060314,1024,extent@k,5.582869677388144
1714,32 GB,SCAMPI (32 GB),Lab_K_060314,2048,extent@k,10.977067373829861
1715,32 GB,SCAMPI (32 GB),Lab_K_060314,4096,extent@k,16.383213762311716
1716,1 GB,SCAMPI (1 GB),stator_winding,512,extent@k,0.467400756203924
1717,1 GB,SCAMPI (1 GB),stator_winding,1024,extent@k,0.60257686082358
1718,1 GB,SCAMPI (1 GB),stator_winding,2048,extent@k,0.9509539956801275
1719,1 GB,SCAMPI (1 GB),stator_winding,4096,extent@k,1.4676515894448519
1720,4 GB,SCAMPI (4 GB),CinC_Challenge,512,extent@k,0.0
1721,4 GB,SCAMPI (4 GB),CinC_Challenge,1024,extent@k,0.0
1722,4 GB,SCAMPI (4 GB),CinC_Challenge,2048,extent@k,0.0
1723,4 GB,SCAMPI (4 GB),CinC_Challenge,4096,extent@k,0.0
1724,1 GB,SCAMPI (1 GB),water,512,extent@k,0.0
1725,1 GB,SCAMPI (1 GB),water,1024,extent@k,0.0003333166662499792
1726,1 GB,SCAMPI (1 GB),water,2048,extent@k,4.620239249735883
1727,1 GB,SCAMPI (1 GB),water,4096,extent@k,14.660005919265517
1728,16 GB,SCAMPI (16 GB),Lab_K_060314,512,extent@k,3.3744262837258723
1729,16 GB,SCAMPI (16 GB),Lab_K_060314,1024,extent@k,5.582869677388144
1730,16 GB,SCAMPI (16 GB),Lab_K_060314,2048,extent@k,9.641569047701728
1731,16 GB,SCAMPI (16 GB),Lab_K_060314,4096,extent@k,16.383213762311716
1732,4 GB,SCAMPI (4 GB),SpainishEnergyDataset,512,extent@k,0.022200038288255272
1733,4 GB,SCAMPI (4 GB),SpainishEnergyDataset,1024,extent@k,0.0534216014361232
1734,4 GB,SCAMPI (4 GB),SpainishEnergyDataset,2048,extent@k,0.13132244438785018
1735,4 GB,SCAMPI (4 GB),SpainishEnergyDataset,4096,extent@k,0.3383981838012728
1736,0.25 GB,SCAMPI (0.25 GB),stator_winding,512,extent@k,0.46754187106611106
1737,0.25 GB,SCAMPI (0.25 GB),stator_winding,1024,extent@k,0.60257686082358
1738,0.25 GB,SCAMPI (0.25 GB),stator_winding,2048,extent@k,0.9636833029579791
1739,0.25 GB,SCAMPI (0.25 GB),stator_winding,4096,extent@k,1.4676080512180356
1740,1 GB,SCAMPI (1 GB),Challenge2009Respiration500HZ,512,extent@k,1.5215908161526213
1741,1 GB,SCAMPI (1 GB),Challenge2009Respiration500HZ,1024,extent@k,0.05807684133972852
1742,1 GB,SCAMPI (1 GB),Challenge2009Respiration500HZ,2048,extent@k,6.564315201991751
1743,1 GB,SCAMPI (1 GB),Challenge2009Respiration500HZ,4096,extent@k,19.431963255906492
1744,0.25 GB,SCAMPI (0.25 GB),solarwind,512,extent@k,0.8311425006579798
1745,0.25 GB,SCAMPI (0.25 GB),solarwind,1024,extent@k,2.0667089028936805
1746,0.25 GB,SCAMPI (0.25 GB),solarwind,2048,extent@k,8.679860593926609
1747,0.25 GB,SCAMPI (0.25 GB),solarwind,4096,extent@k,41.5850912674783
1748,4 GB,SCAMPI (4 GB),recorddata,512,extent@k,12.088996156505303
1749,4 GB,SCAMPI (4 GB),recorddata,1024,extent@k,17.20195927684402
1750,4 GB,SCAMPI (4 GB),recorddata,2048,extent@k,34.44832806929823
1751,4 GB,SCAMPI (4 GB),recorddata,4096,extent@k,78.97771137290191
1752,4 GB,SCAMPI (4 GB),Lab_K_060314,512,extent@k,3.3744262837258723
1753,4 GB,SCAMPI (4 GB),Lab_K_060314,1024,extent@k,7.79618098974748
1754,4 GB,SCAMPI (4 GB),Lab_K_060314,2048,extent@k,11.413924898114583
1755,4 GB,SCAMPI (4 GB),Lab_K_060314,4096,extent@k,16.388556590468852
1756,16 GB,SCAMPI (16 GB),water,512,extent@k,0.0
1757,16 GB,SCAMPI (16 GB),water,1024,extent@k,0.0003333166662499792
1758,16 GB,SCAMPI (16 GB),water,2048,extent@k,4.633316778367307
1759,16 GB,SCAMPI (16 GB),water,4096,extent@k,14.03431472751698
1760,1 GB,SCAMPI (1 GB),swtAttack7,512,extent@k,0.0017529974329701685
1761,1 GB,SCAMPI (1 GB),swtAttack7,1024,extent@k,1.6112328224995915
1762,1 GB,SCAMPI (1 GB),swtAttack7,2048,extent@k,4.00301358393898
1763,1 GB,SCAMPI (1 GB),swtAttack7,4096,extent@k,15.32665390959488
1764,0.25 GB,SCAMPI (0.25 GB),Challenge2009Respiration500HZ,512,extent@k,1.5215908161526213
1765,0.25 GB,SCAMPI (0.25 GB),Challenge2009Respiration500HZ,1024,extent@k,0.05807684133972852
1766,0.25 GB,SCAMPI (0.25 GB),Challenge2009Respiration500HZ,2048,extent@k,7.115822747244341
1767,0.25 GB,SCAMPI (0.25 GB),Challenge2009Respiration500HZ,4096,extent@k,19.783792912055564
1768,0.25 GB,SCAMPI (0.25 GB),MGHSleepElectromyography,512,extent@k,1.5749112366416083
1769,0.25 GB,SCAMPI (0.25 GB),MGHSleepElectromyography,1024,extent@k,10.639341730008487
1770,0.25 GB,SCAMPI (0.25 GB),MGHSleepElectromyography,2048,extent@k,17.333327947111023
1771,0.25 GB,SCAMPI (0.25 GB),MGHSleepElectromyography,4096,extent@k,73.91970078381812
1772,2 GB,SCAMPI (2 GB),Challenge2009TestSetA_101a,512,extent@k,0.9894456421653491
1773,2 GB,SCAMPI (2 GB),Challenge2009TestSetA_101a,1024,extent@k,5.668925224299576
1774,2 GB,SCAMPI (2 GB),Challenge2009TestSetA_101a,2048,extent@k,15.164551406461056
1775,2 GB,SCAMPI (2 GB),Challenge2009TestSetA_101a,4096,extent@k,48.77001187006212
1776,1 GB,SCAMPI (1 GB),solarwind,512,extent@k,0.7677966734103503
1777,1 GB,SCAMPI (1 GB),solarwind,1024,extent@k,1.91251695720587
1778,1 GB,SCAMPI (1 GB),solarwind,2048,extent@k,7.366801446374132
1779,1 GB,SCAMPI (1 GB),solarwind,4096,extent@k,34.8940491175974
1780,32 GB,SCAMPI (32 GB),CinC_Challenge,512,extent@k,0.0
1781,32 GB,SCAMPI (32 GB),CinC_Challenge,1024,extent@k,0.0
1782,32 GB,SCAMPI (32 GB),CinC_Challenge,2048,extent@k,0.0
1783,32 GB,SCAMPI (32 GB),CinC_Challenge,4096,extent@k,0.0
1784,2 GB,SCAMPI (2 GB),lorenzAttractorsLONG,512,extent@k,7.937253933193772e-05
1785,2 GB,SCAMPI (2 GB),lorenzAttractorsLONG,1024,extent@k,0.0014220407870381214
1786,2 GB,SCAMPI (2 GB),lorenzAttractorsLONG,2048,extent@k,0.011633361509039424
1787,2 GB,SCAMPI (2 GB),lorenzAttractorsLONG,4096,extent@k,0.028326521141855736
1788,4 GB,SCAMPI (4 GB),HAR_Ambient_Sensor_Data,512,extent@k,0.07602034596080184
1789,4 GB,SCAMPI (4 GB),HAR_Ambient_Sensor_Data,1024,extent@k,14.855583664373473
1790,4 GB,SCAMPI (4 GB),HAR_Ambient_Sensor_Data,2048,extent@k,31.654892099648674
1791,4 GB,SCAMPI (4 GB),HAR_Ambient_Sensor_Data,4096,extent@k,37.64910510531824
1792,0.5 GB,SCAMPI (0.5 GB),swtAttack7,512,extent@k,0.0017529974329701685
1793,0.5 GB,SCAMPI (0.5 GB),swtAttack7,1024,extent@k,1.6112328224995915
1794,0.5 GB,SCAMPI (0.5 GB),swtAttack7,2048,extent@k,4.011339560296535
1795,0.5 GB,SCAMPI (0.5 GB),swtAttack7,4096,extent@k,15.340002065319286
1796,8 GB,SCAMPI (8 GB),Challenge2009Respiration500HZ,512,extent@k,1.5215908161526213
1797,8 GB,SCAMPI (8 GB),Challenge2009Respiration500HZ,1024,extent@k,0.05807684133972852
1798,8 GB,SCAMPI (8 GB),Challenge2009Respiration500HZ,2048,extent@k,6.043839446527348
1799,8 GB,SCAMPI (8 GB),Challenge2009Respiration500HZ,4096,extent@k,16.988693616938296
1800,0.25 GB,SCAMPI (0.25 GB),recorddata,512,extent@k,12.088996156505303
1801,0.25 GB,SCAMPI (0.25 GB),recorddata,1024,extent@k,17.20195927684402
1802,0.25 GB,SCAMPI (0.25 GB),recorddata,2048,extent@k,34.44832806929823
1803,0.25 GB,SCAMPI (0.25 GB),recorddata,4096,extent@k,78.97771137290191
1804,2 GB,SCAMPI (2 GB),MGHSleepElectromyography,512,extent@k,1.4770129661583882
1805,2 GB,SCAMPI (2 GB),MGHSleepElectromyography,1024,extent@k,4.618427237859226
1806,2 GB,SCAMPI (2 GB),MGHSleepElectromyography,2048,extent@k,12.316544188245338
1807,2 GB,SCAMPI (2 GB),MGHSleepElectromyography,4096,extent@k,21.322610129951258
1808,4 GB,SCAMPI (4 GB),WindTurbine,512,extent@k,1.1030641964545853
1809,4 GB,SCAMPI (4 GB),WindTurbine,1024,extent@k,2.0787837008933856
1810,4 GB,SCAMPI (4 GB),WindTurbine,2048,extent@k,6.177818308213669
1811,4 GB,SCAMPI (4 GB),WindTurbine,4096,extent@k,33.22200743753754
1812,8 GB,SCAMPI (8 GB),swtAttack7,512,extent@k,0.0017529974329701685
1813,8 GB,SCAMPI (8 GB),swtAttack7,1024,extent@k,1.6131443186832355
1814,8 GB,SCAMPI (8 GB),swtAttack7,2048,extent@k,4.000508193667399
1815,8 GB,SCAMPI (8 GB),swtAttack7,4096,extent@k,15.327886148530071
1816,8 GB,SCAMPI (8 GB),solarwind,512,extent@k,0.7357908411362566
1817,8 GB,SCAMPI (8 GB),solarwind,1024,extent@k,1.8414562826469707
1818,8 GB,SCAMPI (8 GB),solarwind,2048,extent@k,6.34822177397734
1819,8 GB,SCAMPI (8 GB),solarwind,4096,extent@k,24.181500118466595
1820,32 GB,SCAMPI (32 GB),FingerFlexionECoG,512,extent@k,4.242640687119285e-05
1821,32 GB,SCAMPI (32 GB),FingerFlexionECoG,1024,extent@k,0.006781128224713053
1822,32 GB,SCAMPI (32 GB),FingerFlexionECoG,2048,extent@k,6.296287637298664
1823,32 GB,SCAMPI (32 GB),FingerFlexionECoG,4096,extent@k,0.0005514526271584895
1824,32 GB,SCAMPI (32 GB),Bird12-Week3_2018_1_10,512,extent@k,0.0
1825,32 GB,SCAMPI (32 GB),Bird12-Week3_2018_1_10,1024,extent@k,7.148956409413894
1826,32 GB,SCAMPI (32 GB),Bird12-Week3_2018_1_10,2048,extent@k,14.41735214448201
1827,32 GB,SCAMPI (32 GB),Bird12-Week3_2018_1_10,4096,extent@k,21.89648303577312
1828,16 GB,SCAMPI (16 GB),Challenge2009TestSetA_101a,512,extent@k,0.9734554029332828
1829,16 GB,SCAMPI (16 GB),Challenge2009TestSetA_101a,1024,extent@k,5.69526444335116
1830,16 GB,SCAMPI (16 GB),Challenge2009TestSetA_101a,2048,extent@k,15.144591924419753
1831,16 GB,SCAMPI (16 GB),Challenge2009TestSetA_101a,4096,extent@k,45.96366038960018
1832,0.25 GB,SCAMPI (0.25 GB),SpainishEnergyDataset5sec,512,extent@k,0.01944687892696409
1833,0.25 GB,SCAMPI (0.25 GB),SpainishEnergyDataset5sec,1024,extent@k,0.026108822263748322
1834,0.25 GB,SCAMPI (0.25 GB),SpainishEnergyDataset5sec,2048,extent@k,0.04654808588975491
1835,0.25 GB,SCAMPI (0.25 GB),SpainishEnergyDataset5sec,4096,extent@k,0.09877132174877483
1836,4 GB,SCAMPI (4 GB),SynchrophasorEventsLarge,512,extent@k,0.012526196549631496
1837,4 GB,SCAMPI (4 GB),SynchrophasorEventsLarge,1024,extent@k,0.04848449442863151
1838,4 GB,SCAMPI (4 GB),SynchrophasorEventsLarge,2048,extent@k,0.13372644652423843
1839,4 GB,SCAMPI (4 GB),SynchrophasorEventsLarge,4096,extent@k,0.5986643993089952
1840,16 GB,SCAMPI (16 GB),Lab_FD_061014,512,extent@k,3.290637066754704
1841,16 GB,SCAMPI (16 GB),Lab_FD_061014,1024,extent@k,4.866828608118433
1842,16 GB,SCAMPI (16 GB),Lab_FD_061014,2048,extent@k,6.932437090179759
1843,16 GB,SCAMPI (16 GB),Lab_FD_061014,4096,extent@k,11.303120494376763
1844,16 GB,SCAMPI (16 GB),WindTurbine,512,extent@k,1.1030641964545853
1845,16 GB,SCAMPI (16 GB),WindTurbine,1024,extent@k,2.0787837008933856
1846,16 GB,SCAMPI (16 GB),WindTurbine,2048,extent@k,6.177818308213669
1847,16 GB,SCAMPI (16 GB),WindTurbine,4096,extent@k,33.22200743753754
1848,1 GB,SCAMPI (1 GB),house,512,extent@k,0.02513076998422452
1849,1 GB,SCAMPI (1 GB),house,1024,extent@k,4.871524759159087
1850,1 GB,SCAMPI (1 GB),house,2048,extent@k,0.268064357198043
1851,1 GB,SCAMPI (1 GB),house,4096,extent@k,3.161648961981706
1852,1 GB,SCAMPI (1 GB),BlackLeggedKittiwake,512,extent@k,1.156798094526439
1853,1 GB,SCAMPI (1 GB),BlackLeggedKittiwake,1024,extent@k,2.1278206841038085
1854,1 GB,SCAMPI (1 GB),BlackLeggedKittiwake,2048,extent@k,4.832756731142175
1855,1 GB,SCAMPI (1 GB),BlackLeggedKittiwake,4096,extent@k,11.742447319145187
1856,0.5 GB,SCAMPI (0.5 GB),lorenzAttractorsLONG,512,extent@k,7.937253933193772e-05
1857,0.5 GB,SCAMPI (0.5 GB),lorenzAttractorsLONG,1024,extent@k,0.0014220407870381214
1858,0.5 GB,SCAMPI (0.5 GB),lorenzAttractorsLONG,2048,extent@k,0.011633361509039424
1859,0.5 GB,SCAMPI (0.5 GB),lorenzAttractorsLONG,4096,extent@k,0.028326521141855736
1860,2 GB,SCAMPI (2 GB),water,512,extent@k,0.0
1861,2 GB,SCAMPI (2 GB),water,1024,extent@k,0.0003333166662499792
1862,2 GB,SCAMPI (2 GB),water,2048,extent@k,4.620239249735883
1863,2 GB,SCAMPI (2 GB),water,4096,extent@k,15.18398796106609
1864,2 GB,SCAMPI (2 GB),stator_winding,512,extent@k,0.467400756203924
1865,2 GB,SCAMPI (2 GB),stator_winding,1024,extent@k,0.60257686082358
1866,2 GB,SCAMPI (2 GB),stator_winding,2048,extent@k,0.9506249449178156
1867,2 GB,SCAMPI (2 GB),stator_winding,4096,extent@k,1.4676515894448519
1868,0.25 GB,SCAMPI (0.25 GB),water,512,extent@k,0.0
1869,0.25 GB,SCAMPI (0.25 GB),water,1024,extent@k,0.0003333166662499792
1870,0.25 GB,SCAMPI (0.25 GB),water,2048,extent@k,4.860140672953819
1871,0.25 GB,SCAMPI (0.25 GB),water,4096,extent@k,16.612226251005612
1872,0.25 GB,SCAMPI (0.25 GB),CinC_Challenge,512,extent@k,0.0
1873,0.25 GB,SCAMPI (0.25 GB),CinC_Challenge,1024,extent@k,0.0
1874,0.25 GB,SCAMPI (0.25 GB),CinC_Challenge,2048,extent@k,0.0
1875,0.25 GB,SCAMPI (0.25 GB),CinC_Challenge,4096,extent@k,0.0
1876,32 GB,SCAMPI (32 GB),stator_winding,512,extent@k,0.467400756203924
1877,32 GB,SCAMPI (32 GB),stator_winding,1024,extent@k,0.60257686082358
1878,32 GB,SCAMPI (32 GB),stator_winding,2048,extent@k,0.9505199532361223
1879,32 GB,SCAMPI (32 GB),stator_winding,4096,extent@k,1.4676080512180356
1880,0.25 GB,SCAMPI (0.25 GB),WindTurbine,512,extent@k,1.1030641964545853
1881,0.25 GB,SCAMPI (0.25 GB),WindTurbine,1024,extent@k,2.0787837008933856
1882,0.25 GB,SCAMPI (0.25 GB),WindTurbine,2048,extent@k,6.177818308213669
1883,0.25 GB,SCAMPI (0.25 GB),WindTurbine,4096,extent@k,33.22200743753754
1884,0.5 GB,SCAMPI (0.5 GB),BlackLeggedKittiwake,512,extent@k,1.166876857299004
1885,0.5 GB,SCAMPI (0.5 GB),BlackLeggedKittiwake,1024,extent@k,2.1278206841038085
1886,0.5 GB,SCAMPI (0.5 GB),BlackLeggedKittiwake,2048,extent@k,4.832756731142175
1887,0.5 GB,SCAMPI (0.5 GB),BlackLeggedKittiwake,4096,extent@k,11.76481899235173
1888,16 GB,SCAMPI (16 GB),SynchrophasorEventsLarge,512,extent@k,0.012526196549631496
1889,16 GB,SCAMPI (16 GB),SynchrophasorEventsLarge,1024,extent@k,0.04848449442863151
1890,16 GB,SCAMPI (16 GB),SynchrophasorEventsLarge,2048,extent@k,0.13372644652423843
1891,16 GB,SCAMPI (16 GB),SynchrophasorEventsLarge,4096,extent@k,0.5986643993089952
1892,2 GB,SCAMPI (2 GB),SpainishEnergyDataset5sec,512,extent@k,0.01884264843380569
1893,2 GB,SCAMPI (2 GB),SpainishEnergyDataset5sec,1024,extent@k,0.026108822263748322
1894,2 GB,SCAMPI (2 GB),SpainishEnergyDataset5sec,2048,extent@k,0.04657167272065714
1895,2 GB,SCAMPI (2 GB),SpainishEnergyDataset5sec,4096,extent@k,0.09875509556473529
1896,2 GB,SCAMPI (2 GB),EOG_one_hour_50_Hz,512,extent@k,9.529402057327626
1897,2 GB,SCAMPI (2 GB),EOG_one_hour_50_Hz,1024,extent@k,22.03196400024519
1898,2 GB,SCAMPI (2 GB),EOG_one_hour_50_Hz,2048,extent@k,48.16535560191059
1899,2 GB,SCAMPI (2 GB),EOG_one_hour_50_Hz,4096,extent@k,88.01878246652075
1900,8 GB,SCAMPI (8 GB),house,512,extent@k,0.02513076998422452
1901,8 GB,SCAMPI (8 GB),house,1024,extent@k,4.871524759159087
1902,8 GB,SCAMPI (8 GB),house,2048,extent@k,0.268064357198043
1903,8 GB,SCAMPI (8 GB),house,4096,extent@k,3.000515929786076
1904,8 GB,SCAMPI (8 GB),BlackLeggedKittiwake,512,extent@k,1.1446901325686354
1905,8 GB,SCAMPI (8 GB),BlackLeggedKittiwake,1024,extent@k,2.1223182326644605
1906,8 GB,SCAMPI (8 GB),BlackLeggedKittiwake,2048,extent@k,4.832756731142175
1907,8 GB,SCAMPI (8 GB),BlackLeggedKittiwake,4096,extent@k,11.732324302477323
1908,2 GB,SCAMPI (2 GB),swtAttack38,512,extent@k,0.0
1909,2 GB,SCAMPI (2 GB),swtAttack38,1024,extent@k,1.5782505522254697
1910,2 GB,SCAMPI (2 GB),swtAttack38,2048,extent@k,2.6249118089947325
1911,2 GB,SCAMPI (2 GB),swtAttack38,4096,extent@k,4.821636619904075
1912,32 GB,SCAMPI (32 GB),swtAttack7,512,extent@k,5.113948624204197
1913,32 GB,SCAMPI (32 GB),swtAttack7,1024,extent@k,1.6112328224995915
1914,32 GB,SCAMPI (32 GB),swtAttack7,2048,extent@k,3.983628210752103
1915,32 GB,SCAMPI (32 GB),swtAttack7,4096,extent@k,15.305672511569036
1916,16 GB,SCAMPI (16 GB),MGHSleepElectromyography,512,extent@k,1.4800273000184827
1917,16 GB,SCAMPI (16 GB),MGHSleepElectromyography,1024,extent@k,4.589555511288648
1918,16 GB,SCAMPI (16 GB),MGHSleepElectromyography,2048,extent@k,11.62689936867091
1919,16 GB,SCAMPI (16 GB),MGHSleepElectromyography,4096,extent@k,19.884434035461005
1920,0.5 GB,SCAMPI (0.5 GB),FingerFlexionECoG,512,extent@k,6.133426536610674e-11
1921,0.5 GB,SCAMPI (0.5 GB),FingerFlexionECoG,1024,extent@k,6.884870204295793e-10
1922,0.5 GB,SCAMPI (0.5 GB),FingerFlexionECoG,2048,extent@k,1.4969894545386751e-09
1923,0.5 GB,SCAMPI (0.5 GB),FingerFlexionECoG,4096,extent@k,0.0005514526271584895
1924,16 GB,SCAMPI (16 GB),solarwind,512,extent@k,0.7446437375013638
1925,16 GB,SCAMPI (16 GB),solarwind,1024,extent@k,1.8407857188439942
1926,16 GB,SCAMPI (16 GB),solarwind,2048,extent@k,6.196375956557188
1927,16 GB,SCAMPI (16 GB),solarwind,4096,extent@k,22.953831171296873
1928,0.5 GB,SCAMPI (0.5 GB),SynchrophasorEventsLarge,512,extent@k,0.01252440417744493
1929,0.5 GB,SCAMPI (0.5 GB),SynchrophasorEventsLarge,1024,extent@k,0.04855323573151433
1930,0.5 GB,SCAMPI (0.5 GB),SynchrophasorEventsLarge,2048,extent@k,0.20840761838282207
1931,0.5 GB,SCAMPI (0.5 GB),SynchrophasorEventsLarge,4096,extent@k,0.6347663955346092
1932,0.25 GB,SCAMPI (0.25 GB),Lab_K_060314,512,extent@k,8.055726524721404
1933,0.25 GB,SCAMPI (0.25 GB),Lab_K_060314,1024,extent@k,9.878165801731615
1934,0.25 GB,SCAMPI (0.25 GB),Lab_K_060314,2048,extent@k,11.545857811600662
1935,0.25 GB,SCAMPI (0.25 GB),Lab_K_060314,4096,extent@k,16.562560365224332
1936,32 GB,SCAMPI (32 GB),house,512,extent@k,0.023941737614467332
1937,32 GB,SCAMPI (32 GB),house,1024,extent@k,4.871524759159087
1938,32 GB,SCAMPI (32 GB),house,2048,extent@k,0.268064357198043
1939,32 GB,SCAMPI (32 GB),house,4096,extent@k,3.004627597673296
1940,32 GB,SCAMPI (32 GB),BlackLeggedKittiwake,512,extent@k,1.1446901325686354
1941,32 GB,SCAMPI (32 GB),BlackLeggedKittiwake,1024,extent@k,2.133429690709305
1942,32 GB,SCAMPI (32 GB),BlackLeggedKittiwake,2048,extent@k,4.832756731142175
1943,32 GB,SCAMPI (32 GB),BlackLeggedKittiwake,4096,extent@k,11.732518972705734
1944,16 GB,SCAMPI (16 GB),swtAttack38,512,extent@k,0.0
1945,16 GB,SCAMPI (16 GB),swtAttack38,1024,extent@k,1.5646801344683838
1946,16 GB,SCAMPI (16 GB),swtAttack38,2048,extent@k,2.6249118089947325
1947,16 GB,SCAMPI (16 GB),swtAttack38,4096,extent@k,4.821636619904075
1948,8 GB,SCAMPI (8 GB),SynchrophasorEventsLarge,512,extent@k,0.012526196549631496
1949,8 GB,SCAMPI (8 GB),SynchrophasorEventsLarge,1024,extent@k,0.04848449442863151
1950,8 GB,SCAMPI (8 GB),SynchrophasorEventsLarge,2048,extent@k,0.13372644652423843
1951,8 GB,SCAMPI (8 GB),SynchrophasorEventsLarge,4096,extent@k,0.5986643993089952
1952,0.5 GB,SCAMPI (0.5 GB),Lab_FD_061014,512,extent@k,3.517724577535882
1953,0.5 GB,SCAMPI (0.5 GB),Lab_FD_061014,1024,extent@k,4.927565891878058
1954,0.5 GB,SCAMPI (0.5 GB),Lab_FD_061014,2048,extent@k,7.015202834195174
1955,0.5 GB,SCAMPI (0.5 GB),Lab_FD_061014,4096,extent@k,11.427945863238065
1956,0.25 GB,SCAMPI (0.25 GB),HAR_Ambient_Sensor_Data,512,extent@k,0.07602034596080184
1957,0.25 GB,SCAMPI (0.25 GB),HAR_Ambient_Sensor_Data,1024,extent@k,14.855583664373473
1958,0.25 GB,SCAMPI (0.25 GB),HAR_Ambient_Sensor_Data,2048,extent@k,31.654892099648674
1959,0.25 GB,SCAMPI (0.25 GB),HAR_Ambient_Sensor_Data,4096,extent@k,56.38513424841339
1960,0.25 GB,SCAMPI (0.25 GB),SpainishEnergyDataset,512,extent@k,0.022200038288255272
1961,0.25 GB,SCAMPI (0.25 GB),SpainishEnergyDataset,1024,extent@k,0.0534216014361232
1962,0.25 GB,SCAMPI (0.25 GB),SpainishEnergyDataset,2048,extent@k,0.13132244438785018
1963,0.25 GB,SCAMPI (0.25 GB),SpainishEnergyDataset,4096,extent@k,0.3383981838012728
1964,2 GB,SCAMPI (2 GB),CinC_Challenge,512,extent@k,0.0
1965,2 GB,SCAMPI (2 GB),CinC_Challenge,1024,extent@k,0.0
1966,2 GB,SCAMPI (2 GB),CinC_Challenge,2048,extent@k,0.0
1967,2 GB,SCAMPI (2 GB),CinC_Challenge,4096,extent@k,0.0
1968,16 GB,SCAMPI (16 GB),SpainishEnergyDataset,512,extent@k,0.022200038288255272
1969,16 GB,SCAMPI (16 GB),SpainishEnergyDataset,1024,extent@k,0.0534216014361232
1970,16 GB,SCAMPI (16 GB),SpainishEnergyDataset,2048,extent@k,0.13132244438785018
1971,16 GB,SCAMPI (16 GB),SpainishEnergyDataset,4096,extent@k,0.3383981838012728
1972,1 GB,SCAMPI (1 GB),SynchrophasorEventsLarge,512,extent@k,0.012526196549631496
1973,1 GB,SCAMPI (1 GB),SynchrophasorEventsLarge,1024,extent@k,0.04848449442863151
1974,1 GB,SCAMPI (1 GB),SynchrophasorEventsLarge,2048,extent@k,0.20840761838282207
1975,1 GB,SCAMPI (1 GB),SynchrophasorEventsLarge,4096,extent@k,0.5986643993089952
1976,0.25 GB,SCAMPI (0.25 GB),EOG_one_hour_50_Hz,512,extent@k,9.568950080358869
1977,0.25 GB,SCAMPI (0.25 GB),EOG_one_hour_50_Hz,1024,extent@k,23.49887169753263
1978,0.25 GB,SCAMPI (0.25 GB),EOG_one_hour_50_Hz,2048,extent@k,50.84101895672234
1979,0.25 GB,SCAMPI (0.25 GB),EOG_one_hour_50_Hz,4096,extent@k,88.01878246652075
1980,16 GB,SCAMPI (16 GB),EOG_one_hour_50_Hz,512,extent@k,9.529402057327626
1981,16 GB,SCAMPI (16 GB),EOG_one_hour_50_Hz,1024,extent@k,22.03196400024519
1982,16 GB,SCAMPI (16 GB),EOG_one_hour_50_Hz,2048,extent@k,48.16535560191059
1983,16 GB,SCAMPI (16 GB),EOG_one_hour_50_Hz,4096,extent@k,88.01878246652075
1984,0.25 GB,SCAMPI (0.25 GB),Bird12-Week3_2018_1_10,512,extent@k,0.0
1985,0.25 GB,SCAMPI (0.25 GB),Bird12-Week3_2018_1_10,1024,extent@k,7.27514987190642
1986,0.25 GB,SCAMPI (0.25 GB),Bird12-Week3_2018_1_10,2048,extent@k,15.273001737340305
1987,0.25 GB,SCAMPI (0.25 GB),Bird12-Week3_2018_1_10,4096,extent@k,23.244830208416236
1988,4 GB,SCAMPI (4 GB),house,512,extent@k,0.02513076998422452
1989,4 GB,SCAMPI (4 GB),house,1024,extent@k,4.871524759159087
1990,4 GB,SCAMPI (4 GB),house,2048,extent@k,0.268064357198043
1991,4 GB,SCAMPI (4 GB),house,4096,extent@k,2.9967824962783
1992,4 GB,SCAMPI (4 GB),BlackLeggedKittiwake,512,extent@k,1.1446901325686354
1993,4 GB,SCAMPI (4 GB),BlackLeggedKittiwake,1024,extent@k,2.1223182326644605
1994,4 GB,SCAMPI (4 GB),BlackLeggedKittiwake,2048,extent@k,4.832756731142175
1995,4 GB,SCAMPI (4 GB),BlackLeggedKittiwake,4096,extent@k,11.732324302477323
1996,2 GB,SCAMPI (2 GB),Bird12-Week3_2018_1_10,512,extent@k,0.0
1997,2 GB,SCAMPI (2 GB),Bird12-Week3_2018_1_10,1024,extent@k,7.186388460736032
1998,2 GB,SCAMPI (2 GB),Bird12-Week3_2018_1_10,2048,extent@k,14.801526362838395
1999,2 GB,SCAMPI (2 GB),Bird12-Week3_2018_1_10,4096,extent@k,22.209620085922225
2000,16 GB,SCAMPI (16 GB),HAR_Ambient_Sensor_Data,512,extent@k,0.07602034596080184
2001,16 GB,SCAMPI (16 GB),HAR_Ambient_Sensor_Data,1024,extent@k,14.855583664373473
2002,16 GB,SCAMPI (16 GB),HAR_Ambient_Sensor_Data,2048,extent@k,31.654892099648674
2003,16 GB,SCAMPI (16 GB),HAR_Ambient_Sensor_Data,4096,extent@k,36.1259102570302
2004,0.5 GB,SCAMPI (0.5 GB),Challenge2009TestSetA_101a,512,extent@k,0.9898941984878991
2005,0.5 GB,SCAMPI (0.5 GB),Challenge2009TestSetA_101a,1024,extent@k,5.668925224299576
2006,0.5 GB,SCAMPI (0.5 GB),Challenge2009TestSetA_101a,2048,extent@k,15.82788027920037
2007,0.5 GB,SCAMPI (0.5 GB),Challenge2009TestSetA_101a,4096,extent@k,51.8482654500775
2008,16 GB,SCAMPI (16 GB),EOG_one_hour_400_Hz,512,extent@k,2.3598737565598715
2009,16 GB,SCAMPI (16 GB),EOG_one_hour_400_Hz,1024,extent@k,7.380430266143025
2010,16 GB,SCAMPI (16 GB),EOG_one_hour_400_Hz,2048,extent@k,17.611682862497837
2011,16 GB,SCAMPI (16 GB),EOG_one_hour_400_Hz,4096,extent@k,48.02506197453159
2012,1 GB,SCAMPI (1 GB),WindTurbine,512,extent@k,1.1030641964545853
2013,1 GB,SCAMPI (1 GB),WindTurbine,1024,extent@k,2.0787837008933856
2014,1 GB,SCAMPI (1 GB),WindTurbine,2048,extent@k,6.177818308213669
2015,1 GB,SCAMPI (1 GB),WindTurbine,4096,extent@k,33.22200743753754
2016,16 GB,SCAMPI (16 GB),Challenge2009Respiration500HZ,512,extent@k,1.5215908161526213
2017,16 GB,SCAMPI (16 GB),Challenge2009Respiration500HZ,1024,extent@k,0.05807684133972852
2018,16 GB,SCAMPI (16 GB),Challenge2009Respiration500HZ,2048,extent@k,6.201218503052444
2019,16 GB,SCAMPI (16 GB),Challenge2009Respiration500HZ,4096,extent@k,16.496318091325712
2020,0.25 GB,SCAMPI (0.25 GB),EOG_one_hour_400_Hz,512,extent@k,2.4074580526563696
2021,0.25 GB,SCAMPI (0.25 GB),EOG_one_hour_400_Hz,1024,extent@k,8.67337786045898
2022,0.25 GB,SCAMPI (0.25 GB),EOG_one_hour_400_Hz,2048,extent@k,31.28701384752786
2023,0.25 GB,SCAMPI (0.25 GB),EOG_one_hour_400_Hz,4096,extent@k,77.36113143636214
2024,8 GB,SCAMPI (8 GB),Lab_K_060314,512,extent@k,3.3744262837258723
2025,8 GB,SCAMPI (8 GB),Lab_K_060314,1024,extent@k,6.94549840418958
2026,8 GB,SCAMPI (8 GB),Lab_K_060314,2048,extent@k,11.413924898114583
2027,8 GB,SCAMPI (8 GB),Lab_K_060314,4096,extent@k,16.383661324679537
2028,32 GB,SCAMPI (32 GB),lorenzAttractorsLONG,512,extent@k,4.898979485566356e-05
2029,32 GB,SCAMPI (32 GB),lorenzAttractorsLONG,1024,extent@k,0.0017114905784140328
2030,32 GB,SCAMPI (32 GB),lorenzAttractorsLONG,2048,extent@k,0.0063251245047034445
2031,32 GB,SCAMPI (32 GB),lorenzAttractorsLONG,4096,extent@k,0.033633834155504784
2032,8 GB,SCAMPI (8 GB),recorddata,512,extent@k,12.088996156505303
2033,8 GB,SCAMPI (8 GB),recorddata,1024,extent@k,17.20195927684402
2034,8 GB,SCAMPI (8 GB),recorddata,2048,extent@k,34.44832806929823
2035,8 GB,SCAMPI (8 GB),recorddata,4096,extent@k,78.97771137290191
2036,1 GB,SCAMPI (1 GB),HAR_Ambient_Sensor_Data,512,extent@k,0.07602034596080184
2037,1 GB,SCAMPI (1 GB),HAR_Ambient_Sensor_Data,1024,extent@k,14.855583664373473
2038,1 GB,SCAMPI (1 GB),HAR_Ambient_Sensor_Data,2048,extent@k,31.654892099648674
2039,1 GB,SCAMPI (1 GB),HAR_Ambient_Sensor_Data,4096,extent@k,46.68379306446617
2040,8 GB,SCAMPI (8 GB),SpainishEnergyDataset,512,extent@k,0.022200038288255272
2041,8 GB,SCAMPI (8 GB),SpainishEnergyDataset,1024,extent@k,0.0534216014361232
2042,8 GB,SCAMPI (8 GB),SpainishEnergyDataset,2048,extent@k,0.13132244438785018
2043,8 GB,SCAMPI (8 GB),SpainishEnergyDataset,4096,extent@k,0.3383981838012728
2044,0.25 GB,SCAMPI (0.25 GB),swtAttack38,512,extent@k,0.0
2045,0.25 GB,SCAMPI (0.25 GB),swtAttack38,1024,extent@k,1.5815384226126155
2046,0.25 GB,SCAMPI (0.25 GB),swtAttack38,2048,extent@k,2.626652906780795
2047,0.25 GB,SCAMPI (0.25 GB),swtAttack38,4096,extent@k,4.81916996195403
2048,2 GB,SCAMPI (2 GB),Lab_FD_061014,512,extent@k,3.3594196112721613
2049,2 GB,SCAMPI (2 GB),Lab_FD_061014,1024,extent@k,4.890158589964133
2050,2 GB,SCAMPI (2 GB),Lab_FD_061014,2048,extent@k,6.945264768509549
2051,2 GB,SCAMPI (2 GB),Lab_FD_061014,4096,extent@k,11.360039809366867
2052,1 GB,SCAMPI (1 GB),Lab_K_060314,512,extent@k,4.311810262534751
2053,1 GB,SCAMPI (1 GB),Lab_K_060314,1024,extent@k,9.741176937942356
2054,1 GB,SCAMPI (1 GB),Lab_K_060314,2048,extent@k,11.41056860744021
2055,1 GB,SCAMPI (1 GB),Lab_K_060314,4096,extent@k,16.420537589025518
2056,8 GB,SCAMPI (8 GB),WindTurbine,512,extent@k,1.1030641964545853
2057,8 GB,SCAMPI (8 GB),WindTurbine,1024,extent@k,2.0787837008933856
2058,8 GB,SCAMPI (8 GB),WindTurbine,2048,extent@k,6.177818308213669
2059,8 GB,SCAMPI (8 GB),WindTurbine,4096,extent@k,33.22200743753754
2060,4 GB,SCAMPI (4 GB),swtAttack7,512,extent@k,0.0017529974329701685
2061,4 GB,SCAMPI (4 GB),swtAttack7,1024,extent@k,1.6131443186832355
2062,4 GB,SCAMPI (4 GB),swtAttack7,2048,extent@k,4.000508193667399
2063,4 GB,SCAMPI (4 GB),swtAttack7,4096,extent@k,15.327886148530071
2064,2 GB,SCAMPI (2 GB),EOG_one_hour_400_Hz,512,extent@k,2.392976061016909
2065,2 GB,SCAMPI (2 GB),EOG_one_hour_400_Hz,1024,extent@k,7.3691246368276335
2066,2 GB,SCAMPI (2 GB),EOG_one_hour_400_Hz,2048,extent@k,20.65327385327566
2067,2 GB,SCAMPI (2 GB),EOG_one_hour_400_Hz,4096,extent@k,69.34156039070436
2068,32 GB,SCAMPI (32 GB),recorddata,512,extent@k,12.95471902899866
2069,32 GB,SCAMPI (32 GB),recorddata,1024,extent@k,25.05307978214455
2070,32 GB,SCAMPI (32 GB),recorddata,2048,extent@k,39.18714032140008
2071,32 GB,SCAMPI (32 GB),recorddata,4096,extent@k,77.89290331723937
2072,0.5 GB,SCAMPI (0.5 GB),house,512,extent@k,0.02513076998422452
2073,0.5 GB,SCAMPI (0.5 GB),house,1024,extent@k,4.871524759159087
2074,0.5 GB,SCAMPI (0.5 GB),house,2048,extent@k,0.2669443702346989
2075,0.5 GB,SCAMPI (0.5 GB),house,4096,extent@k,3.2039618710434117
2076,4 GB,SCAMPI (4 GB),solarwind,512,extent@k,0.7490548255635231
2077,4 GB,SCAMPI (4 GB),solarwind,1024,extent@k,1.8446758330395072
2078,4 GB,SCAMPI (4 GB),solarwind,2048,extent@k,6.40345823188533
2079,4 GB,SCAMPI (4 GB),solarwind,4096,extent@k,33.70289074579805
2080,1 GB,SCAMPI (1 GB),SpainishEnergyDataset,512,extent@k,0.022200038288255272
2081,1 GB,SCAMPI (1 GB),SpainishEnergyDataset,1024,extent@k,0.0534216014361232
2082,1 GB,SCAMPI (1 GB),SpainishEnergyDataset,2048,extent@k,0.13132244438785018
2083,1 GB,SCAMPI (1 GB),SpainishEnergyDataset,4096,extent@k,0.3383981838012728
2084,2 GB,SCAMPI (2 GB),FingerFlexionECoG,512,extent@k,6.133426536610674e-11
2085,2 GB,SCAMPI (2 GB),FingerFlexionECoG,1024,extent@k,6.884870204295793e-10
2086,2 GB,SCAMPI (2 GB),FingerFlexionECoG,2048,extent@k,1.4969894545386751e-09
2087,2 GB,SCAMPI (2 GB),FingerFlexionECoG,4096,extent@k,0.0005514526271584895
2088,32 GB,SCAMPI (32 GB),SpainishEnergyDataset5sec,512,extent@k,0.018796917300451157
2089,32 GB,SCAMPI (32 GB),SpainishEnergyDataset5sec,1024,extent@k,0.026108822263748322
2090,32 GB,SCAMPI (32 GB),SpainishEnergyDataset5sec,2048,extent@k,0.04654808588975491
2091,32 GB,SCAMPI (32 GB),SpainishEnergyDataset5sec,4096,extent@k,0.09875509556473529
2092,1 GB,SCAMPI (1 GB),recorddata,512,extent@k,12.088996156505303
2093,1 GB,SCAMPI (1 GB),recorddata,1024,extent@k,17.20195927684402
2094,1 GB,SCAMPI (1 GB),recorddata,2048,extent@k,34.44832806929823
2095,1 GB,SCAMPI (1 GB),recorddata,4096,extent@k,78.97771137290191
2096,8 GB,SCAMPI (8 GB),HAR_Ambient_Sensor_Data,512,extent@k,0.07602034596080184
2097,8 GB,SCAMPI (8 GB),HAR_Ambient_Sensor_Data,1024,extent@k,14.855583664373473
2098,8 GB,SCAMPI (8 GB),HAR_Ambient_Sensor_Data,2048,extent@k,31.654892099648674
2099,8 GB,SCAMPI (8 GB),HAR_Ambient_Sensor_Data,4096,extent@k,36.1259102570302
2100,4 GB,SCAMPI (4 GB),Challenge2009Respiration500HZ,512,extent@k,1.5215908161526213
2101,4 GB,SCAMPI (4 GB),Challenge2009Respiration500HZ,1024,extent@k,0.05807684133972852
2102,4 GB,SCAMPI (4 GB),Challenge2009Respiration500HZ,2048,extent@k,6.432754204747761
2103,4 GB,SCAMPI (4 GB),Challenge2009Respiration500HZ,4096,extent@k,16.939003653166854
2104,0.25 GB,SCAMPI (0.25 GB),house,512,extent@k,0.02513076998422452
2105,0.25 GB,SCAMPI (0.25 GB),house,1024,extent@k,4.871524759159087
2106,0.25 GB,SCAMPI (0.25 GB),house,2048,extent@k,0.2669443702346989
2107,0.25 GB,SCAMPI (0.25 GB),house,4096,extent@k,3.4481077300455683
2108,16 GB,SCAMPI (16 GB),SpainishEnergyDataset5sec,512,extent@k,0.01884264843380569
2109,16 GB,SCAMPI (16 GB),SpainishEnergyDataset5sec,1024,extent@k,0.026108822263748322
2110,16 GB,SCAMPI (16 GB),SpainishEnergyDataset5sec,2048,extent@k,0.04657167272065714
2111,16 GB,SCAMPI (16 GB),SpainishEnergyDataset5sec,4096,extent@k,0.09875509556473529
2112,4 GB,SCAMPI (4 GB),SpainishEnergyDataset5sec,512,extent@k,0.01884264843380569
2113,4 GB,SCAMPI (4 GB),SpainishEnergyDataset5sec,1024,extent@k,0.026108822263748322
2114,4 GB,SCAMPI (4 GB),SpainishEnergyDataset5sec,2048,extent@k,0.04657167272065714
2115,4 GB,SCAMPI (4 GB),SpainishEnergyDataset5sec,4096,extent@k,0.09875509556473529
2116,4 GB,SCAMPI (4 GB),stator_winding,512,extent@k,0.467400756203924
2117,4 GB,SCAMPI (4 GB),stator_winding,1024,extent@k,0.601676715520885
2118,4 GB,SCAMPI (4 GB),stator_winding,2048,extent@k,0.9513430514803796
2119,4 GB,SCAMPI (4 GB),stator_winding,4096,extent@k,1.4676080512180356
2120,1 GB,SCAMPI (1 GB),CinC_Challenge,512,extent@k,0.0
2121,1 GB,SCAMPI (1 GB),CinC_Challenge,1024,extent@k,0.0
2122,1 GB,SCAMPI (1 GB),CinC_Challenge,2048,extent@k,0.0
2123,1 GB,SCAMPI (1 GB),CinC_Challenge,4096,extent@k,0.0
2124,4 GB,SCAMPI (4 GB),water,512,extent@k,0.0
2125,4 GB,SCAMPI (4 GB),water,1024,extent@k,0.0003333166662499792
2126,4 GB,SCAMPI (4 GB),water,2048,extent@k,4.669159050578594
2127,4 GB,SCAMPI (4 GB),water,4096,extent@k,14.618940635709551
2128,1 GB,SCAMPI (1 GB),Bird12-Week3_2018_1_10,512,extent@k,0.0
2129,1 GB,SCAMPI (1 GB),Bird12-Week3_2018_1_10,1024,extent@k,7.258798226297519
2130,1 GB,SCAMPI (1 GB),Bird12-Week3_2018_1_10,2048,extent@k,15.24098355081456
2131,1 GB,SCAMPI (1 GB),Bird12-Week3_2018_1_10,4096,extent@k,22.315787154873117
2132,16 GB,SCAMPI (16 GB),recorddata,512,extent@k,12.088996156505303
2133,16 GB,SCAMPI (16 GB),recorddata,1024,extent@k,17.20195927684402
2134,16 GB,SCAMPI (16 GB),recorddata,2048,extent@k,34.44832806929823
2135,16 GB,SCAMPI (16 GB),recorddata,4096,extent@k,78.97771137290191
2136,2 GB,SCAMPI (2 GB),SynchrophasorEventsLarge,512,extent@k,0.012526196549631496
2137,2 GB,SCAMPI (2 GB),SynchrophasorEventsLarge,1024,extent@k,0.04848449442863151
2138,2 GB,SCAMPI (2 GB),SynchrophasorEventsLarge,2048,extent@k,0.20840761838282207
2139,2 GB,SCAMPI (2 GB),SynchrophasorEventsLarge,4096,extent@k,0.5986643993089952
2140,8 GB,SCAMPI (8 GB),CinC_Challenge,512,extent@k,0.0
2141,8 GB,SCAMPI (8 GB),CinC_Challenge,1024,extent@k,0.0
2142,8 GB,SCAMPI (8 GB),CinC_Challenge,2048,extent@k,0.0
2143,8 GB,SCAMPI (8 GB),CinC_Challenge,4096,extent@k,0.0
2144,0.5 GB,SCAMPI (0.5 GB),EOG_one_hour_400_Hz,512,extent@k,2.395926084377396
2145,0.5 GB,SCAMPI (0.5 GB),EOG_one_hour_400_Hz,1024,extent@k,8.125788109968164
2146,0.5 GB,SCAMPI (0.5 GB),EOG_one_hour_400_Hz,2048,extent@k,22.32606620944675
2147,0.5 GB,SCAMPI (0.5 GB),EOG_one_hour_400_Hz,4096,extent@k,78.76290011890814
2148,16 GB,SCAMPI (16 GB),lorenzAttractorsLONG,512,extent@k,7.937253933193772e-05
2149,16 GB,SCAMPI (16 GB),lorenzAttractorsLONG,1024,extent@k,0.0014220407870381214
2150,16 GB,SCAMPI (16 GB),lorenzAttractorsLONG,2048,extent@k,0.011633361509039424
2151,16 GB,SCAMPI (16 GB),lorenzAttractorsLONG,4096,extent@k,0.028326521141855736
2152,4 GB,SCAMPI (4 GB),swtAttack38,512,extent@k,0.0
2153,4 GB,SCAMPI (4 GB),swtAttack38,1024,extent@k,1.5646801344683838
2154,4 GB,SCAMPI (4 GB),swtAttack38,2048,extent@k,2.6249118089947325
2155,4 GB,SCAMPI (4 GB),swtAttack38,4096,extent@k,4.821636619904075
2156,0.25 GB,SCAMPI (0.25 GB),Challenge2009TestSetA_101a,512,extent@k,0.9898941984878991
2157,0.25 GB,SCAMPI (0.25 GB),Challenge2009TestSetA_101a,1024,extent@k,5.71096943823901
2158,0.25 GB,SCAMPI (0.25 GB),Challenge2009TestSetA_101a,2048,extent@k,15.432174622933088
2159,0.25 GB,SCAMPI (0.25 GB),Challenge2009TestSetA_101a,4096,extent@k,51.8482654500775
2160,0.5 GB,SCAMPI (0.5 GB),swtAttack38,512,extent@k,0.0
2161,0.5 GB,SCAMPI (0.5 GB),swtAttack38,1024,extent@k,1.5928086933778332
2162,0.5 GB,SCAMPI (0.5 GB),swtAttack38,2048,extent@k,2.6259788802273336
2163,0.5 GB,SCAMPI (0.5 GB),swtAttack38,4096,extent@k,4.821636619904075
2164,8 GB,SCAMPI (8 GB),Bird12-Week3_2018_1_10,512,extent@k,0.0
2165,8 GB,SCAMPI (8 GB),Bird12-Week3_2018_1_10,1024,extent@k,7.159316829349013
2166,8 GB,SCAMPI (8 GB),Bird12-Week3_2018_1_10,2048,extent@k,14.65672718442627
2167,8 GB,SCAMPI (8 GB),Bird12-Week3_2018_1_10,4096,extent@k,21.996538172876203
2168,32 GB,SCAMPI (32 GB),Challenge2009Respiration500HZ,512,extent@k,1.5215908161526213
2169,32 GB,SCAMPI (32 GB),Challenge2009Respiration500HZ,1024,extent@k,0.05807684133972852
2170,32 GB,SCAMPI (32 GB),Challenge2009Respiration500HZ,2048,extent@k,5.9400005332659696
2171,32 GB,SCAMPI (32 GB),Challenge2009Respiration500HZ,4096,extent@k,16.096958756886345
2172,32 GB,SCAMPI (32 GB),EOG_one_hour_400_Hz,512,extent@k,2.3620081258750996
2173,32 GB,SCAMPI (32 GB),EOG_one_hour_400_Hz,1024,extent@k,7.451746035272539
2174,32 GB,SCAMPI (32 GB),EOG_one_hour_400_Hz,2048,extent@k,18.644650022843013
2175,32 GB,SCAMPI (32 GB),EOG_one_hour_400_Hz,4096,extent@k,42.128326036325014
2176,4 GB,SCAMPI (4 GB),EOG_one_hour_50_Hz,512,extent@k,9.529402057327626
2177,4 GB,SCAMPI (4 GB),EOG_one_hour_50_Hz,1024,extent@k,22.03196400024519
2178,4 GB,SCAMPI (4 GB),EOG_one_hour_50_Hz,2048,extent@k,48.16535560191059
2179,4 GB,SCAMPI (4 GB),EOG_one_hour_50_Hz,4096,extent@k,88.01878246652075
2180,32 GB,SCAMPI (32 GB),EOG_one_hour_50_Hz,512,extent@k,9.441151486571963
2181,32 GB,SCAMPI (32 GB),EOG_one_hour_50_Hz,1024,extent@k,23.309678984035795
2182,32 GB,SCAMPI (32 GB),EOG_one_hour_50_Hz,2048,extent@k,49.739767505892104
2183,32 GB,SCAMPI (32 GB),EOG_one_hour_50_Hz,4096,extent@k,88.01878246652075
2184,4 GB,SCAMPI (4 GB),Challenge2009TestSetA_101a,512,extent@k,0.9894456421653491
2185,4 GB,SCAMPI (4 GB),Challenge2009TestSetA_101a,1024,extent@k,5.69526444335116
2186,4 GB,SCAMPI (4 GB),Challenge2009TestSetA_101a,2048,extent@k,15.12029524406187
2187,4 GB,SCAMPI (4 GB),Challenge2009TestSetA_101a,4096,extent@k,47.25002335402386
2188,4 GB,SCAMPI (4 GB),lorenzAttractorsLONG,512,extent@k,7.937253933193772e-05
2189,4 GB,SCAMPI (4 GB),lorenzAttractorsLONG,1024,extent@k,0.0014220407870381214
2190,4 GB,SCAMPI (4 GB),lorenzAttractorsLONG,2048,extent@k,0.011633361509039424
2191,4 GB,SCAMPI (4 GB),lorenzAttractorsLONG,4096,extent@k,0.028326521141855736
2192,1 GB,SCAMPI (1 GB),EOG_one_hour_400_Hz,512,extent@k,2.395926084377396
2193,1 GB,SCAMPI (1 GB),EOG_one_hour_400_Hz,1024,extent@k,7.9636506664657265
2194,1 GB,SCAMPI (1 GB),EOG_one_hour_400_Hz,2048,extent@k,21.92340312070642
2195,1 GB,SCAMPI (1 GB),EOG_one_hour_400_Hz,4096,extent@k,78.76290011890814
2196,32 GB,SCAMPI (32 GB),HAR_Ambient_Sensor_Data,512,extent@k,0.08053065254920018
2197,32 GB,SCAMPI (32 GB),HAR_Ambient_Sensor_Data,1024,extent@k,14.855583664373473
2198,32 GB,SCAMPI (32 GB),HAR_Ambient_Sensor_Data,2048,extent@k,31.654892099648674
2199,32 GB,SCAMPI (32 GB),HAR_Ambient_Sensor_Data,4096,extent@k,35.49000394368955
2200,2 GB,SCAMPI (2 GB),Lab_K_060314,512,extent@k,4.311810262534751
2201,2 GB,SCAMPI (2 GB),Lab_K_060314,1024,extent@k,9.249659597293297
2202,2 GB,SCAMPI (2 GB),Lab_K_060314,2048,extent@k,11.404372563889694
2203,2 GB,SCAMPI (2 GB),Lab_K_060314,4096,extent@k,16.402281078505514
2204,0.5 GB,SCAMPI (0.5 GB),SpainishEnergyDataset,512,extent@k,0.022200038288255272
2205,0.5 GB,SCAMPI (0.5 GB),SpainishEnergyDataset,1024,extent@k,0.0534216014361232
2206,0.5 GB,SCAMPI (0.5 GB),SpainishEnergyDataset,2048,extent@k,0.13132244438785018
2207,0.5 GB,SCAMPI (0.5 GB),SpainishEnergyDataset,4096,extent@k,0.3383981838012728
2208,32 GB,SCAMPI (32 GB),SpainishEnergyDataset,512,extent@k,0.02218573640878301
2209,32 GB,SCAMPI (32 GB),SpainishEnergyDataset,1024,extent@k,0.0534216014361232
2210,32 GB,SCAMPI (32 GB),SpainishEnergyDataset,2048,extent@k,0.1309312288951723
2211,32 GB,SCAMPI (32 GB),SpainishEnergyDataset,4096,extent@k,0.3383981838012728
2212,2 GB,SCAMPI (2 GB),recorddata,512,extent@k,12.088996156505303
2213,2 GB,SCAMPI (2 GB),recorddata,1024,extent@k,17.20195927684402
2214,2 GB,SCAMPI (2 GB),recorddata,2048,extent@k,34.44832806929823
2215,2 GB,SCAMPI (2 GB),recorddata,4096,extent@k,78.97771137290191
2216,8 GB,SCAMPI (8 GB),Lab_FD_061014,512,extent@k,3.308003598955116
2217,8 GB,SCAMPI (8 GB),Lab_FD_061014,1024,extent@k,4.85957671546607
2218,8 GB,SCAMPI (8 GB),Lab_FD_061014,2048,extent@k,6.945264768509549
2219,8 GB,SCAMPI (8 GB),Lab_FD_061014,4096,extent@k,11.250762959084152
2220,1 GB,SCAMPI (1 GB),FingerFlexionECoG,512,extent@k,6.133426536610674e-11
2221,1 GB,SCAMPI (1 GB),FingerFlexionECoG,1024,extent@k,6.884870204295793e-10
2222,1 GB,SCAMPI (1 GB),FingerFlexionECoG,2048,extent@k,1.4969894545386751e-09
2223,1 GB,SCAMPI (1 GB),FingerFlexionECoG,4096,extent@k,0.0005514526271584895
2224,0.5 GB,SCAMPI (0.5 GB),Bird12-Week3_2018_1_10,512,extent@k,0.0
2225,0.5 GB,SCAMPI (0.5 GB),Bird12-Week3_2018_1_10,1024,extent@k,7.27514987190642
2226,0.5 GB,SCAMPI (0.5 GB),Bird12-Week3_2018_1_10,2048,extent@k,15.248663221171224
2227,0.5 GB,SCAMPI (0.5 GB),Bird12-Week3_2018_1_10,4096,extent@k,22.315787154873117
2228,0.5 GB,SCAMPI (0.5 GB),EOG_one_hour_50_Hz,512,extent@k,9.568950080358869
2229,0.5 GB,SCAMPI (0.5 GB),EOG_one_hour_50_Hz,1024,extent@k,23.68400079838497
2230,0.5 GB,SCAMPI (0.5 GB),EOG_one_hour_50_Hz,2048,extent@k,50.84101895672234
2231,0.5 GB,SCAMPI (0.5 GB),EOG_one_hour_50_Hz,4096,extent@k,88.01878246652075
2232,2 GB,SCAMPI (2 GB),SpainishEnergyDataset,512,extent@k,0.022200038288255272
2233,2 GB,SCAMPI (2 GB),SpainishEnergyDataset,1024,extent@k,0.0534216014361232
2234,2 GB,SCAMPI (2 GB),SpainishEnergyDataset,2048,extent@k,0.13132244438785018
2235,2 GB,SCAMPI (2 GB),SpainishEnergyDataset,4096,extent@k,0.3383981838012728
2236,16 GB,SCAMPI (16 GB),house,512,extent@k,0.02513076998422452
2237,16 GB,SCAMPI (16 GB),house,1024,extent@k,4.871524759159087
2238,16 GB,SCAMPI (16 GB),house,2048,extent@k,0.268064357198043
2239,16 GB,SCAMPI (16 GB),house,4096,extent@k,3.000515929786076
2240,16 GB,SCAMPI (16 GB),BlackLeggedKittiwake,512,extent@k,1.1446901325686354
2241,16 GB,SCAMPI (16 GB),BlackLeggedKittiwake,1024,extent@k,2.1223182326644605
2242,16 GB,SCAMPI (16 GB),BlackLeggedKittiwake,2048,extent@k,4.832756731142175
2243,16 GB,SCAMPI (16 GB),BlackLeggedKittiwake,4096,extent@k,11.732324302477323
2244,0.25 GB,SCAMPI (0.25 GB),SynchrophasorEventsLarge,512,extent@k,0.01252440417744493
2245,0.25 GB,SCAMPI (0.25 GB),SynchrophasorEventsLarge,1024,extent@k,0.04855323573151433
2246,0.25 GB,SCAMPI (0.25 GB),SynchrophasorEventsLarge,2048,extent@k,0.20840761838282207
2247,0.25 GB,SCAMPI (0.25 GB),SynchrophasorEventsLarge,4096,extent@k,0.6347663955346092
2248,32 GB,SCAMPI (32 GB),swtAttack38,512,extent@k,0.0
2249,32 GB,SCAMPI (32 GB),swtAttack38,1024,extent@k,1.5819163927654332
2250,32 GB,SCAMPI (32 GB),swtAttack38,2048,extent@k,2.628520312552292
2251,32 GB,SCAMPI (32 GB),swtAttack38,4096,extent@k,4.830628944350829
2252,8 GB,SCAMPI (8 GB),EOG_one_hour_400_Hz,512,extent@k,2.3598737565598715
2253,8 GB,SCAMPI (8 GB),EOG_one_hour_400_Hz,1024,extent@k,7.3939893060918065
2254,8 GB,SCAMPI (8 GB),EOG_one_hour_400_Hz,2048,extent@k,18.93865585189456
2255,8 GB,SCAMPI (8 GB),EOG_one_hour_400_Hz,4096,extent@k,53.99095789509851
2256,2 GB,SCAMPI (2 GB),WindTurbine,512,extent@k,1.1030641964545853
2257,2 GB,SCAMPI (2 GB),WindTurbine,1024,extent@k,2.0787837008933856
2258,2 GB,SCAMPI (2 GB),WindTurbine,2048,extent@k,6.177818308213669
2259,2 GB,SCAMPI (2 GB),WindTurbine,4096,extent@k,33.22200743753754
2260,0.25 GB,SCAMPI (0.25 GB),FingerFlexionECoG,512,extent@k,6.133426536610674e-11
2261,0.25 GB,SCAMPI (0.25 GB),FingerFlexionECoG,1024,extent@k,6.884870204295793e-10
2262,0.25 GB,SCAMPI (0.25 GB),FingerFlexionECoG,2048,extent@k,1.4969894545386751e-09
2263,0.25 GB,SCAMPI (0.25 GB),FingerFlexionECoG,4096,extent@k,0.0005514526271584895
2264,1 GB,SCAMPI (1 GB),Lab_FD_061014,512,extent@k,3.4454534284764318
2265,1 GB,SCAMPI (1 GB),Lab_FD_061014,1024,extent@k,4.914383898241976
2266,1 GB,SCAMPI (1 GB),Lab_FD_061014,2048,extent@k,7.020952037081581
2267,1 GB,SCAMPI (1 GB),Lab_FD_061014,4096,extent@k,11.427945863238065
2268,0.25 GB,SCAMPI (0.25 GB),Lab_FD_061014,512,extent@k,3.5357670242112955
2269,0.25 GB,SCAMPI (0.25 GB),Lab_FD_061014,1024,extent@k,4.9206220420694775
2270,0.25 GB,SCAMPI (0.25 GB),Lab_FD_061014,2048,extent@k,7.015202834195174
2271,0.25 GB,SCAMPI (0.25 GB),Lab_FD_061014,4096,extent@k,11.556282599417512
2272,4 GB,SCAMPI (4 GB),MGHSleepElectromyography,512,extent@k,1.4788401425779596
2273,4 GB,SCAMPI (4 GB),MGHSleepElectromyography,1024,extent@k,4.600294406861369
2274,4 GB,SCAMPI (4 GB),MGHSleepElectromyography,2048,extent@k,12.453464119111597
2275,4 GB,SCAMPI (4 GB),MGHSleepElectromyography,4096,extent@k,21.322610129951258
2276,8 GB,SCAMPI (8 GB),FingerFlexionECoG,512,extent@k,6.133426536610674e-11
2277,8 GB,SCAMPI (8 GB),FingerFlexionECoG,1024,extent@k,6.884870204295793e-10
2278,8 GB,SCAMPI (8 GB),FingerFlexionECoG,2048,extent@k,1.4969894545386751e-09
2279,8 GB,SCAMPI (8 GB),FingerFlexionECoG,4096,extent@k,0.0005514526271584895
2280,0.5 GB,SCAMPI (0.5 GB),HAR_Ambient_Sensor_Data,512,extent@k,0.07602034596080184
2281,0.5 GB,SCAMPI (0.5 GB),HAR_Ambient_Sensor_Data,1024,extent@k,14.855583664373473
2282,0.5 GB,SCAMPI (0.5 GB),HAR_Ambient_Sensor_Data,2048,extent@k,31.654892099648674
2283,0.5 GB,SCAMPI (0.5 GB),HAR_Ambient_Sensor_Data,4096,extent@k,46.305948521256965
2284,32 GB,SCAMPI (32 GB),MGHSleepElectromyography,512,extent@k,1.4800273000184827
2285,32 GB,SCAMPI (32 GB),MGHSleepElectromyography,1024,extent@k,4.587360743957248
2286,32 GB,SCAMPI (32 GB),MGHSleepElectromyography,2048,extent@k,11.53038074459816
2287,32 GB,SCAMPI (32 GB),MGHSleepElectromyography,4096,extent@k,19.818633747879797
2288,16 GB,SCAMPI (16 GB),swtAttack7,512,extent@k,0.0017529974329701685
2289,16 GB,SCAMPI (16 GB),swtAttack7,1024,extent@k,1.6131443186832355
2290,16 GB,SCAMPI (16 GB),swtAttack7,2048,extent@k,4.000508193667399
2291,16 GB,SCAMPI (16 GB),swtAttack7,4096,extent@k,15.327886148530071
2292,32 GB,SCAMPI (32 GB),solarwind,512,extent@k,0.7435737079805875
2293,32 GB,SCAMPI (32 GB),solarwind,1024,extent@k,1.839554767002059
2294,32 GB,SCAMPI (32 GB),solarwind,2048,extent@k,6.036425775821318
2295,32 GB,SCAMPI (32 GB),solarwind,4096,extent@k,21.448246865807004
2296,2 GB,SCAMPI (2 GB),HAR_Ambient_Sensor_Data,512,extent@k,0.07602034596080184
2297,2 GB,SCAMPI (2 GB),HAR_Ambient_Sensor_Data,1024,extent@k,14.855583664373473
2298,2 GB,SCAMPI (2 GB),HAR_Ambient_Sensor_Data,2048,extent@k,31.654892099648674
2299,2 GB,SCAMPI (2 GB),HAR_Ambient_Sensor_Data,4096,extent@k,42.97761307492425
2300,0.5 GB,SCAMPI (0.5 GB),Lab_K_060314,512,extent@k,6.229025936910201
2301,0.5 GB,SCAMPI (0.5 GB),Lab_K_060314,1024,extent@k,9.760829460148354
2302,0.5 GB,SCAMPI (0.5 GB),Lab_K_060314,2048,extent@k,11.44072825275559
2303,0.5 GB,SCAMPI (0.5 GB),Lab_K_060314,4096,extent@k,16.441275065848757
2304,4 GB,SCAMPI (4 GB),Lab_FD_061014,512,lower_bound,1.953759151
2305,4 GB,SCAMPI (4 GB),Lab_FD_061014,1024,lower_bound,2.23943034
2306,4 GB,SCAMPI (4 GB),Lab_FD_061014,2048,lower_bound,2.6626086991
2307,4 GB,SCAMPI (4 GB),Lab_FD_061014,4096,lower_bound,5.0323687031
2308,1 GB,SCAMPI (1 GB),MGHSleepElectromyography,512,lower_bound,0.6715736648
2309,1 GB,SCAMPI (1 GB),MGHSleepElectromyography,1024,lower_bound,1.5188099039
2310,1 GB,SCAMPI (1 GB),MGHSleepElectromyography,2048,lower_bound,2.7399714552
2311,1 GB,SCAMPI (1 GB),MGHSleepElectromyography,4096,lower_bound,3.8865297134
2312,8 GB,SCAMPI (8 GB),lorenzAttractorsLONG,512,lower_bound,7.93426e-05
2313,8 GB,SCAMPI (8 GB),lorenzAttractorsLONG,1024,lower_bound,0.0014220438
2314,8 GB,SCAMPI (8 GB),lorenzAttractorsLONG,2048,lower_bound,0.0116333613
2315,8 GB,SCAMPI (8 GB),lorenzAttractorsLONG,4096,lower_bound,0.0095394438
2316,8 GB,SCAMPI (8 GB),Challenge2009TestSetA_101a,512,lower_bound,0.8231826029
2317,8 GB,SCAMPI (8 GB),Challenge2009TestSetA_101a,1024,lower_bound,3.6790353249
2318,8 GB,SCAMPI (8 GB),Challenge2009TestSetA_101a,2048,lower_bound,7.5635553493
2319,8 GB,SCAMPI (8 GB),Challenge2009TestSetA_101a,4096,lower_bound,13.7489950735
2320,0.25 GB,SCAMPI (0.25 GB),lorenzAttractorsLONG,512,lower_bound,7.93426e-05
2321,0.25 GB,SCAMPI (0.25 GB),lorenzAttractorsLONG,1024,lower_bound,0.0014220438
2322,0.25 GB,SCAMPI (0.25 GB),lorenzAttractorsLONG,2048,lower_bound,0.0116333613
2323,0.25 GB,SCAMPI (0.25 GB),lorenzAttractorsLONG,4096,lower_bound,0.0095394438
2324,2 GB,SCAMPI (2 GB),Challenge2009Respiration500HZ,512,lower_bound,0.0073315315
2325,2 GB,SCAMPI (2 GB),Challenge2009Respiration500HZ,1024,lower_bound,0.0051774690000000005
2326,2 GB,SCAMPI (2 GB),Challenge2009Respiration500HZ,2048,lower_bound,1.835800761
2327,2 GB,SCAMPI (2 GB),Challenge2009Respiration500HZ,4096,lower_bound,4.7718659283000004
2328,16 GB,SCAMPI (16 GB),stator_winding,512,lower_bound,0.4582928378
2329,16 GB,SCAMPI (16 GB),stator_winding,1024,lower_bound,0.4378771039
2330,16 GB,SCAMPI (16 GB),stator_winding,2048,lower_bound,0.845196249
2331,16 GB,SCAMPI (16 GB),stator_winding,4096,lower_bound,1.1697467982
2332,4 GB,SCAMPI (4 GB),FingerFlexionECoG,512,lower_bound,1e-10
2333,4 GB,SCAMPI (4 GB),FingerFlexionECoG,1024,lower_bound,7.000000000000001e-10
2334,4 GB,SCAMPI (4 GB),FingerFlexionECoG,2048,lower_bound,1.5e-09
2335,4 GB,SCAMPI (4 GB),FingerFlexionECoG,4096,lower_bound,0.0005514135
2336,8 GB,SCAMPI (8 GB),MGHSleepElectromyography,512,lower_bound,1.1038509663
2337,8 GB,SCAMPI (8 GB),MGHSleepElectromyography,1024,lower_bound,2.5386605975
2338,8 GB,SCAMPI (8 GB),MGHSleepElectromyography,2048,lower_bound,4.6649372368
2339,8 GB,SCAMPI (8 GB),MGHSleepElectromyography,4096,lower_bound,6.6539593817
2340,32 GB,SCAMPI (32 GB),SynchrophasorEventsLarge,512,lower_bound,0.0060076873
2341,32 GB,SCAMPI (32 GB),SynchrophasorEventsLarge,1024,lower_bound,0.008981960800000001
2342,32 GB,SCAMPI (32 GB),SynchrophasorEventsLarge,2048,lower_bound,0.0068497919
2343,32 GB,SCAMPI (32 GB),SynchrophasorEventsLarge,4096,lower_bound,0.005204693000000001
2344,0.25 GB,SCAMPI (0.25 GB),BlackLeggedKittiwake,512,lower_bound,0.6140398066
2345,0.25 GB,SCAMPI (0.25 GB),BlackLeggedKittiwake,1024,lower_bound,1.2728341168
2346,0.25 GB,SCAMPI (0.25 GB),BlackLeggedKittiwake,2048,lower_bound,1.9144931254
2347,0.25 GB,SCAMPI (0.25 GB),BlackLeggedKittiwake,4096,lower_bound,3.4637836785
2348,0.5 GB,SCAMPI (0.5 GB),WindTurbine,512,lower_bound,0.0074398178
2349,0.5 GB,SCAMPI (0.5 GB),WindTurbine,1024,lower_bound,0.0051931386
2350,0.5 GB,SCAMPI (0.5 GB),WindTurbine,2048,lower_bound,0.0071114803
2351,0.5 GB,SCAMPI (0.5 GB),WindTurbine,4096,lower_bound,0.009305759700000001
2352,1 GB,SCAMPI (1 GB),lorenzAttractorsLONG,512,lower_bound,7.93426e-05
2353,1 GB,SCAMPI (1 GB),lorenzAttractorsLONG,1024,lower_bound,0.0014220438
2354,1 GB,SCAMPI (1 GB),lorenzAttractorsLONG,2048,lower_bound,0.0116333613
2355,1 GB,SCAMPI (1 GB),lorenzAttractorsLONG,4096,lower_bound,0.0095394438
2356,1 GB,SCAMPI (1 GB),Challenge2009TestSetA_101a,512,lower_bound,0.8382868708000001
2357,1 GB,SCAMPI (1 GB),Challenge2009TestSetA_101a,1024,lower_bound,3.2102989724
2358,1 GB,SCAMPI (1 GB),Challenge2009TestSetA_101a,2048,lower_bound,6.0088677133
2359,1 GB,SCAMPI (1 GB),Challenge2009TestSetA_101a,4096,lower_bound,10.7756441165
2360,2 GB,SCAMPI (2 GB),solarwind,512,lower_bound,0.3112137977
2361,2 GB,SCAMPI (2 GB),solarwind,1024,lower_bound,0.7041142960000001
2362,2 GB,SCAMPI (2 GB),solarwind,2048,lower_bound,1.7908007778000001
2363,2 GB,SCAMPI (2 GB),solarwind,4096,lower_bound,3.3958252059
2364,32 GB,SCAMPI (32 GB),Lab_FD_061014,512,lower_bound,2.7877749151
2365,32 GB,SCAMPI (32 GB),Lab_FD_061014,1024,lower_bound,3.1968280775
2366,32 GB,SCAMPI (32 GB),Lab_FD_061014,2048,lower_bound,3.8735910812
2367,32 GB,SCAMPI (32 GB),Lab_FD_061014,4096,lower_bound,7.0563158974
2368,4 GB,SCAMPI (4 GB),EOG_one_hour_400_Hz,512,lower_bound,1.5135005311
2369,4 GB,SCAMPI (4 GB),EOG_one_hour_400_Hz,1024,lower_bound,3.7509422764
2370,4 GB,SCAMPI (4 GB),EOG_one_hour_400_Hz,2048,lower_bound,6.6833437466
2371,4 GB,SCAMPI (4 GB),EOG_one_hour_400_Hz,4096,lower_bound,9.6616028394
2372,2 GB,SCAMPI (2 GB),swtAttack7,512,lower_bound,0.0017530025
2373,2 GB,SCAMPI (2 GB),swtAttack7,1024,lower_bound,1.3267836081
2374,2 GB,SCAMPI (2 GB),swtAttack7,2048,lower_bound,2.7285794241
2375,2 GB,SCAMPI (2 GB),swtAttack7,4096,lower_bound,4.8312532465
2376,0.5 GB,SCAMPI (0.5 GB),CinC_Challenge,512,lower_bound,0.0
2377,0.5 GB,SCAMPI (0.5 GB),CinC_Challenge,1024,lower_bound,0.0
2378,0.5 GB,SCAMPI (0.5 GB),CinC_Challenge,2048,lower_bound,0.0
2379,0.5 GB,SCAMPI (0.5 GB),CinC_Challenge,4096,lower_bound,0.0
2380,0.5 GB,SCAMPI (0.5 GB),water,512,lower_bound,4.5500000000000004e-08
2381,0.5 GB,SCAMPI (0.5 GB),water,1024,lower_bound,0.000333317
2382,0.5 GB,SCAMPI (0.5 GB),water,2048,lower_bound,1.7342290202000001
2383,0.5 GB,SCAMPI (0.5 GB),water,4096,lower_bound,3.3476944433
2384,32 GB,SCAMPI (32 GB),WindTurbine,512,lower_bound,0.0074398178
2385,32 GB,SCAMPI (32 GB),WindTurbine,1024,lower_bound,0.0051931386
2386,32 GB,SCAMPI (32 GB),WindTurbine,2048,lower_bound,0.0071114803
2387,32 GB,SCAMPI (32 GB),WindTurbine,4096,lower_bound,0.009305759700000001
2388,0.5 GB,SCAMPI (0.5 GB),recorddata,512,lower_bound,0.0077470763
2389,0.5 GB,SCAMPI (0.5 GB),recorddata,1024,lower_bound,0.0055157631
2390,0.5 GB,SCAMPI (0.5 GB),recorddata,2048,lower_bound,0.0078113246
2391,0.5 GB,SCAMPI (0.5 GB),recorddata,4096,lower_bound,0.005526114
2392,1 GB,SCAMPI (1 GB),EOG_one_hour_50_Hz,512,lower_bound,4.5148867368
2393,1 GB,SCAMPI (1 GB),EOG_one_hour_50_Hz,1024,lower_bound,6.9860032469
2394,1 GB,SCAMPI (1 GB),EOG_one_hour_50_Hz,2048,lower_bound,10.3411611267
2395,1 GB,SCAMPI (1 GB),EOG_one_hour_50_Hz,4096,lower_bound,14.6835272809
2396,16 GB,SCAMPI (16 GB),FingerFlexionECoG,512,lower_bound,1e-10
2397,16 GB,SCAMPI (16 GB),FingerFlexionECoG,1024,lower_bound,7.000000000000001e-10
2398,16 GB,SCAMPI (16 GB),FingerFlexionECoG,2048,lower_bound,1.5e-09
2399,16 GB,SCAMPI (16 GB),FingerFlexionECoG,4096,lower_bound,0.0005514135
2400,0.25 GB,SCAMPI (0.25 GB),swtAttack7,512,lower_bound,0.0017530025
2401,0.25 GB,SCAMPI (0.25 GB),swtAttack7,1024,lower_bound,1.2948129188
2402,0.25 GB,SCAMPI (0.25 GB),swtAttack7,2048,lower_bound,2.1635330039
2403,0.25 GB,SCAMPI (0.25 GB),swtAttack7,4096,lower_bound,3.8875234225
2404,32 GB,SCAMPI (32 GB),Challenge2009TestSetA_101a,512,lower_bound,0.8231826029
2405,32 GB,SCAMPI (32 GB),Challenge2009TestSetA_101a,1024,lower_bound,3.6790353249
2406,32 GB,SCAMPI (32 GB),Challenge2009TestSetA_101a,2048,lower_bound,8.0455085165
2407,32 GB,SCAMPI (32 GB),Challenge2009TestSetA_101a,4096,lower_bound,14.0132929363
2408,16 GB,SCAMPI (16 GB),Bird12-Week3_2018_1_10,512,lower_bound,0.0
2409,16 GB,SCAMPI (16 GB),Bird12-Week3_2018_1_10,1024,lower_bound,3.2521513966
2410,16 GB,SCAMPI (16 GB),Bird12-Week3_2018_1_10,2048,lower_bound,4.5702294393
2411,16 GB,SCAMPI (16 GB),Bird12-Week3_2018_1_10,4096,lower_bound,6.2206732111
2412,0.5 GB,SCAMPI (0.5 GB),SpainishEnergyDataset5sec,512,lower_bound,0.0077772817
2413,0.5 GB,SCAMPI (0.5 GB),SpainishEnergyDataset5sec,1024,lower_bound,0.0054484326
2414,0.5 GB,SCAMPI (0.5 GB),SpainishEnergyDataset5sec,2048,lower_bound,0.0465480857
2415,0.5 GB,SCAMPI (0.5 GB),SpainishEnergyDataset5sec,4096,lower_bound,0.0158550373
2416,8 GB,SCAMPI (8 GB),water,512,lower_bound,4.5500000000000004e-08
2417,8 GB,SCAMPI (8 GB),water,1024,lower_bound,0.000333317
2418,8 GB,SCAMPI (8 GB),water,2048,lower_bound,2.8398946838
2419,8 GB,SCAMPI (8 GB),water,4096,lower_bound,5.5615790511
2420,1 GB,SCAMPI (1 GB),swtAttack38,512,lower_bound,5.777e-07
2421,1 GB,SCAMPI (1 GB),swtAttack38,1024,lower_bound,0.7895824921
2422,1 GB,SCAMPI (1 GB),swtAttack38,2048,lower_bound,1.4588981614
2423,1 GB,SCAMPI (1 GB),swtAttack38,4096,lower_bound,3.4593034127
2424,8 GB,SCAMPI (8 GB),SpainishEnergyDataset5sec,512,lower_bound,0.0077772817
2425,8 GB,SCAMPI (8 GB),SpainishEnergyDataset5sec,1024,lower_bound,0.0054484326
2426,8 GB,SCAMPI (8 GB),SpainishEnergyDataset5sec,2048,lower_bound,0.0075892367
2427,8 GB,SCAMPI (8 GB),SpainishEnergyDataset5sec,4096,lower_bound,0.0158550373
2428,8 GB,SCAMPI (8 GB),stator_winding,512,lower_bound,0.4291948799
2429,8 GB,SCAMPI (8 GB),stator_winding,1024,lower_bound,0.5924219641
2430,8 GB,SCAMPI (8 GB),stator_winding,2048,lower_bound,0.8157981186000001
2431,8 GB,SCAMPI (8 GB),stator_winding,4096,lower_bound,1.1485749105
2432,0.5 GB,SCAMPI (0.5 GB),stator_winding,512,lower_bound,0.2982540691
2433,0.5 GB,SCAMPI (0.5 GB),stator_winding,1024,lower_bound,0.4172711226
2434,0.5 GB,SCAMPI (0.5 GB),stator_winding,2048,lower_bound,0.5953121406
2435,0.5 GB,SCAMPI (0.5 GB),stator_winding,4096,lower_bound,0.8945122575000001
2436,32 GB,SCAMPI (32 GB),water,512,lower_bound,0.007340015
2437,32 GB,SCAMPI (32 GB),water,1024,lower_bound,0.0052182939000000005
2438,32 GB,SCAMPI (32 GB),water,2048,lower_bound,3.2034012033
2439,32 GB,SCAMPI (32 GB),water,4096,lower_bound,6.4750751271
2440,0.5 GB,SCAMPI (0.5 GB),solarwind,512,lower_bound,0.1954133149
2441,0.5 GB,SCAMPI (0.5 GB),solarwind,1024,lower_bound,0.4120372547
2442,0.5 GB,SCAMPI (0.5 GB),solarwind,2048,lower_bound,1.0805253638
2443,0.5 GB,SCAMPI (0.5 GB),solarwind,4096,lower_bound,2.0222329878
2444,16 GB,SCAMPI (16 GB),CinC_Challenge,512,lower_bound,0.0
2445,16 GB,SCAMPI (16 GB),CinC_Challenge,1024,lower_bound,0.0
2446,16 GB,SCAMPI (16 GB),CinC_Challenge,2048,lower_bound,0.0
2447,16 GB,SCAMPI (16 GB),CinC_Challenge,4096,lower_bound,0.0
2448,2 GB,SCAMPI (2 GB),house,512,lower_bound,0.0069767261
2449,2 GB,SCAMPI (2 GB),house,1024,lower_bound,0.0099982121
2450,2 GB,SCAMPI (2 GB),house,2048,lower_bound,0.2091871134
2451,2 GB,SCAMPI (2 GB),house,4096,lower_bound,1.1317572781
2452,4 GB,SCAMPI (4 GB),Bird12-Week3_2018_1_10,512,lower_bound,0.0
2453,4 GB,SCAMPI (4 GB),Bird12-Week3_2018_1_10,1024,lower_bound,2.5634605126
2454,4 GB,SCAMPI (4 GB),Bird12-Week3_2018_1_10,2048,lower_bound,3.580399713
2455,4 GB,SCAMPI (4 GB),Bird12-Week3_2018_1_10,4096,lower_bound,4.8334467004
2456,2 GB,SCAMPI (2 GB),BlackLeggedKittiwake,512,lower_bound,0.8951664651000001
2457,2 GB,SCAMPI (2 GB),BlackLeggedKittiwake,1024,lower_bound,1.848006019
2458,2 GB,SCAMPI (2 GB),BlackLeggedKittiwake,2048,lower_bound,3.0041651018
2459,2 GB,SCAMPI (2 GB),BlackLeggedKittiwake,4096,lower_bound,5.3718460492
2460,8 GB,SCAMPI (8 GB),EOG_one_hour_50_Hz,512,lower_bound,4.5610354939
2461,8 GB,SCAMPI (8 GB),EOG_one_hour_50_Hz,1024,lower_bound,6.9860032469
2462,8 GB,SCAMPI (8 GB),EOG_one_hour_50_Hz,2048,lower_bound,10.6364008884
2463,8 GB,SCAMPI (8 GB),EOG_one_hour_50_Hz,4096,lower_bound,15.5235333579
2464,8 GB,SCAMPI (8 GB),swtAttack38,512,lower_bound,5.777e-07
2465,8 GB,SCAMPI (8 GB),swtAttack38,1024,lower_bound,0.9016522652000001
2466,8 GB,SCAMPI (8 GB),swtAttack38,2048,lower_bound,1.6384548582
2467,8 GB,SCAMPI (8 GB),swtAttack38,4096,lower_bound,3.5780314549
2468,0.5 GB,SCAMPI (0.5 GB),Challenge2009Respiration500HZ,512,lower_bound,0.0073315315
2469,0.5 GB,SCAMPI (0.5 GB),Challenge2009Respiration500HZ,1024,lower_bound,0.0051774690000000005
2470,0.5 GB,SCAMPI (0.5 GB),Challenge2009Respiration500HZ,2048,lower_bound,1.3898572563
2471,0.5 GB,SCAMPI (0.5 GB),Challenge2009Respiration500HZ,4096,lower_bound,3.4787062926
2472,1 GB,SCAMPI (1 GB),SpainishEnergyDataset5sec,512,lower_bound,0.0077772817
2473,1 GB,SCAMPI (1 GB),SpainishEnergyDataset5sec,1024,lower_bound,0.0054484326
2474,1 GB,SCAMPI (1 GB),SpainishEnergyDataset5sec,2048,lower_bound,0.0075892367
2475,1 GB,SCAMPI (1 GB),SpainishEnergyDataset5sec,4096,lower_bound,0.0158550373
2476,0.5 GB,SCAMPI (0.5 GB),MGHSleepElectromyography,512,lower_bound,0.5017504392000001
2477,0.5 GB,SCAMPI (0.5 GB),MGHSleepElectromyography,1024,lower_bound,1.1349951268
2478,0.5 GB,SCAMPI (0.5 GB),MGHSleepElectromyography,2048,lower_bound,2.0879669163
2479,0.5 GB,SCAMPI (0.5 GB),MGHSleepElectromyography,4096,lower_bound,3.0044804167
2480,32 GB,SCAMPI (32 GB),Lab_K_060314,512,lower_bound,3.1748944441
2481,32 GB,SCAMPI (32 GB),Lab_K_060314,1024,lower_bound,4.4917317468
2482,32 GB,SCAMPI (32 GB),Lab_K_060314,2048,lower_bound,6.2643055044
2483,32 GB,SCAMPI (32 GB),Lab_K_060314,4096,lower_bound,8.6734677234
2484,1 GB,SCAMPI (1 GB),stator_winding,512,lower_bound,0.356449985
2485,1 GB,SCAMPI (1 GB),stator_winding,1024,lower_bound,0.46878607600000005
2486,1 GB,SCAMPI (1 GB),stator_winding,2048,lower_bound,0.6835065318
2487,1 GB,SCAMPI (1 GB),stator_winding,4096,lower_bound,1.0003716962
2488,4 GB,SCAMPI (4 GB),CinC_Challenge,512,lower_bound,0.0
2489,4 GB,SCAMPI (4 GB),CinC_Challenge,1024,lower_bound,0.0
2490,4 GB,SCAMPI (4 GB),CinC_Challenge,2048,lower_bound,0.0
2491,4 GB,SCAMPI (4 GB),CinC_Challenge,4096,lower_bound,0.0
2492,1 GB,SCAMPI (1 GB),water,512,lower_bound,4.5500000000000004e-08
2493,1 GB,SCAMPI (1 GB),water,1024,lower_bound,0.000333317
2494,1 GB,SCAMPI (1 GB),water,2048,lower_bound,2.0674433298
2495,1 GB,SCAMPI (1 GB),water,4096,lower_bound,3.9280331269
2496,16 GB,SCAMPI (16 GB),Lab_K_060314,512,lower_bound,2.9252712937
2497,16 GB,SCAMPI (16 GB),Lab_K_060314,1024,lower_bound,4.1270893172
2498,16 GB,SCAMPI (16 GB),Lab_K_060314,2048,lower_bound,5.7026243135
2499,16 GB,SCAMPI (16 GB),Lab_K_060314,4096,lower_bound,7.9125404851
2500,4 GB,SCAMPI (4 GB),SpainishEnergyDataset,512,lower_bound,0.0074098734
2501,4 GB,SCAMPI (4 GB),SpainishEnergyDataset,1024,lower_bound,0.0052568936000000005
2502,4 GB,SCAMPI (4 GB),SpainishEnergyDataset,2048,lower_bound,0.0990781372
2503,4 GB,SCAMPI (4 GB),SpainishEnergyDataset,4096,lower_bound,0.15601928680000002
2504,0.25 GB,SCAMPI (0.25 GB),stator_winding,512,lower_bound,0.2546071321
2505,0.25 GB,SCAMPI (0.25 GB),stator_winding,1024,lower_bound,0.3554531785
2506,0.25 GB,SCAMPI (0.25 GB),stator_winding,2048,lower_bound,0.5071177494
2507,0.25 GB,SCAMPI (0.25 GB),stator_winding,4096,lower_bound,0.7780668748
2508,1 GB,SCAMPI (1 GB),Challenge2009Respiration500HZ,512,lower_bound,0.0073315315
2509,1 GB,SCAMPI (1 GB),Challenge2009Respiration500HZ,1024,lower_bound,0.0051774690000000005
2510,1 GB,SCAMPI (1 GB),Challenge2009Respiration500HZ,2048,lower_bound,1.6276937921
2511,1 GB,SCAMPI (1 GB),Challenge2009Respiration500HZ,4096,lower_bound,4.141317015
2512,0.25 GB,SCAMPI (0.25 GB),solarwind,512,lower_bound,0.12303801310000001
2513,0.25 GB,SCAMPI (0.25 GB),solarwind,1024,lower_bound,0.2555674112
2514,0.25 GB,SCAMPI (0.25 GB),solarwind,2048,lower_bound,0.6271580783
2515,0.25 GB,SCAMPI (0.25 GB),solarwind,4096,lower_bound,1.1610124701
2516,4 GB,SCAMPI (4 GB),recorddata,512,lower_bound,0.0077470763
2517,4 GB,SCAMPI (4 GB),recorddata,1024,lower_bound,0.0055157631
2518,4 GB,SCAMPI (4 GB),recorddata,2048,lower_bound,0.0078113246
2519,4 GB,SCAMPI (4 GB),recorddata,4096,lower_bound,0.005526114
2520,4 GB,SCAMPI (4 GB),Lab_K_060314,512,lower_bound,2.1920032894
2521,4 GB,SCAMPI (4 GB),Lab_K_060314,1024,lower_bound,3.0994606519
2522,4 GB,SCAMPI (4 GB),Lab_K_060314,2048,lower_bound,4.2828190808
2523,4 GB,SCAMPI (4 GB),Lab_K_060314,4096,lower_bound,6.0047084239
2524,16 GB,SCAMPI (16 GB),water,512,lower_bound,4.5500000000000004e-08
2525,16 GB,SCAMPI (16 GB),water,1024,lower_bound,0.000333317
2526,16 GB,SCAMPI (16 GB),water,2048,lower_bound,3.0065018386
2527,16 GB,SCAMPI (16 GB),water,4096,lower_bound,6.1096766967
2528,1 GB,SCAMPI (1 GB),swtAttack7,512,lower_bound,0.0017530025
2529,1 GB,SCAMPI (1 GB),swtAttack7,1024,lower_bound,1.1243025755
2530,1 GB,SCAMPI (1 GB),swtAttack7,2048,lower_bound,2.5798829978
2531,1 GB,SCAMPI (1 GB),swtAttack7,4096,lower_bound,4.5953207905
2532,0.25 GB,SCAMPI (0.25 GB),Challenge2009Respiration500HZ,512,lower_bound,0.0073315315
2533,0.25 GB,SCAMPI (0.25 GB),Challenge2009Respiration500HZ,1024,lower_bound,0.0051774690000000005
2534,0.25 GB,SCAMPI (0.25 GB),Challenge2009Respiration500HZ,2048,lower_bound,1.10742637
2535,0.25 GB,SCAMPI (0.25 GB),Challenge2009Respiration500HZ,4096,lower_bound,2.8909064582
2536,0.25 GB,SCAMPI (0.25 GB),MGHSleepElectromyography,512,lower_bound,0.3164887386
2537,0.25 GB,SCAMPI (0.25 GB),MGHSleepElectromyography,1024,lower_bound,0.7511803496
2538,0.25 GB,SCAMPI (0.25 GB),MGHSleepElectromyography,2048,lower_bound,1.451486295
2539,0.25 GB,SCAMPI (0.25 GB),MGHSleepElectromyography,4096,lower_bound,2.0342261904
2540,2 GB,SCAMPI (2 GB),Challenge2009TestSetA_101a,512,lower_bound,0.7023484593
2541,2 GB,SCAMPI (2 GB),Challenge2009TestSetA_101a,1024,lower_bound,3.4719192622
2542,2 GB,SCAMPI (2 GB),Challenge2009TestSetA_101a,2048,lower_bound,6.599649015
2543,2 GB,SCAMPI (2 GB),Challenge2009TestSetA_101a,4096,lower_bound,11.7116990474
2544,1 GB,SCAMPI (1 GB),solarwind,512,lower_bound,0.26778861670000004
2545,1 GB,SCAMPI (1 GB),solarwind,1024,lower_bound,0.5685070983
2546,1 GB,SCAMPI (1 GB),solarwind,2048,lower_bound,1.4583314351
2547,1 GB,SCAMPI (1 GB),solarwind,4096,lower_bound,2.7853397756000002
2548,32 GB,SCAMPI (32 GB),CinC_Challenge,512,lower_bound,0.0
2549,32 GB,SCAMPI (32 GB),CinC_Challenge,1024,lower_bound,0.0
2550,32 GB,SCAMPI (32 GB),CinC_Challenge,2048,lower_bound,0.0
2551,32 GB,SCAMPI (32 GB),CinC_Challenge,4096,lower_bound,0.0
2552,2 GB,SCAMPI (2 GB),lorenzAttractorsLONG,512,lower_bound,7.93426e-05
2553,2 GB,SCAMPI (2 GB),lorenzAttractorsLONG,1024,lower_bound,0.0014220438
2554,2 GB,SCAMPI (2 GB),lorenzAttractorsLONG,2048,lower_bound,0.0116333613
2555,2 GB,SCAMPI (2 GB),lorenzAttractorsLONG,4096,lower_bound,0.0095394438
2556,4 GB,SCAMPI (4 GB),HAR_Ambient_Sensor_Data,512,lower_bound,0.0072233809000000005
2557,4 GB,SCAMPI (4 GB),HAR_Ambient_Sensor_Data,1024,lower_bound,0.0370647426
2558,4 GB,SCAMPI (4 GB),HAR_Ambient_Sensor_Data,2048,lower_bound,0.1927807476
2559,4 GB,SCAMPI (4 GB),HAR_Ambient_Sensor_Data,4096,lower_bound,8.8466774423
2560,0.5 GB,SCAMPI (0.5 GB),swtAttack7,512,lower_bound,0.0017530025
2561,0.5 GB,SCAMPI (0.5 GB),swtAttack7,1024,lower_bound,1.4759801584
2562,0.5 GB,SCAMPI (0.5 GB),swtAttack7,2048,lower_bound,2.4163169287
2563,0.5 GB,SCAMPI (0.5 GB),swtAttack7,4096,lower_bound,4.2735947141
2564,8 GB,SCAMPI (8 GB),Challenge2009Respiration500HZ,512,lower_bound,0.0073315315
2565,8 GB,SCAMPI (8 GB),Challenge2009Respiration500HZ,1024,lower_bound,0.0051774690000000005
2566,8 GB,SCAMPI (8 GB),Challenge2009Respiration500HZ,2048,lower_bound,2.2966090491
2567,8 GB,SCAMPI (8 GB),Challenge2009Respiration500HZ,4096,lower_bound,5.7550947422
2568,0.25 GB,SCAMPI (0.25 GB),recorddata,512,lower_bound,0.0077470763
2569,0.25 GB,SCAMPI (0.25 GB),recorddata,1024,lower_bound,0.0055157631
2570,0.25 GB,SCAMPI (0.25 GB),recorddata,2048,lower_bound,0.0078113246
2571,0.25 GB,SCAMPI (0.25 GB),recorddata,4096,lower_bound,0.005526114
2572,2 GB,SCAMPI (2 GB),MGHSleepElectromyography,512,lower_bound,0.7950814652
2573,2 GB,SCAMPI (2 GB),MGHSleepElectromyography,1024,lower_bound,1.9574553635
2574,2 GB,SCAMPI (2 GB),MGHSleepElectromyography,2048,lower_bound,3.4074999118
2575,2 GB,SCAMPI (2 GB),MGHSleepElectromyography,4096,lower_bound,4.8567839397
2576,4 GB,SCAMPI (4 GB),WindTurbine,512,lower_bound,0.0074398178
2577,4 GB,SCAMPI (4 GB),WindTurbine,1024,lower_bound,0.0051931386
2578,4 GB,SCAMPI (4 GB),WindTurbine,2048,lower_bound,0.0071114803
2579,4 GB,SCAMPI (4 GB),WindTurbine,4096,lower_bound,0.009305759700000001
2580,8 GB,SCAMPI (8 GB),swtAttack7,512,lower_bound,0.0017530025
2581,8 GB,SCAMPI (8 GB),swtAttack7,1024,lower_bound,1.3054698152
2582,8 GB,SCAMPI (8 GB),swtAttack7,2048,lower_bound,2.8624062079
2583,8 GB,SCAMPI (8 GB),swtAttack7,4096,lower_bound,5.0135646897
2584,8 GB,SCAMPI (8 GB),solarwind,512,lower_bound,0.4270142806
2585,8 GB,SCAMPI (8 GB),solarwind,1024,lower_bound,0.923172077
2586,8 GB,SCAMPI (8 GB),solarwind,2048,lower_bound,2.4708517061
2587,8 GB,SCAMPI (8 GB),solarwind,4096,lower_bound,4.7803189496
2588,32 GB,SCAMPI (32 GB),FingerFlexionECoG,512,lower_bound,4.19901e-05
2589,32 GB,SCAMPI (32 GB),FingerFlexionECoG,1024,lower_bound,0.0067811262
2590,32 GB,SCAMPI (32 GB),FingerFlexionECoG,2048,lower_bound,0.0072044018
2591,32 GB,SCAMPI (32 GB),FingerFlexionECoG,4096,lower_bound,0.0005514135
2592,32 GB,SCAMPI (32 GB),Bird12-Week3_2018_1_10,512,lower_bound,0.0
2593,32 GB,SCAMPI (32 GB),Bird12-Week3_2018_1_10,1024,lower_bound,3.6675522472
2594,32 GB,SCAMPI (32 GB),Bird12-Week3_2018_1_10,2048,lower_bound,5.1579408393
2595,32 GB,SCAMPI (32 GB),Bird12-Week3_2018_1_10,4096,lower_bound,7.7826684159
2596,16 GB,SCAMPI (16 GB),Challenge2009TestSetA_101a,512,lower_bound,0.8231826029
2597,16 GB,SCAMPI (16 GB),Challenge2009TestSetA_101a,1024,lower_bound,3.6790353249
2598,16 GB,SCAMPI (16 GB),Challenge2009TestSetA_101a,2048,lower_bound,8.0144147638
2599,16 GB,SCAMPI (16 GB),Challenge2009TestSetA_101a,4096,lower_bound,14.0132929363
2600,0.25 GB,SCAMPI (0.25 GB),SpainishEnergyDataset5sec,512,lower_bound,0.0077772817
2601,0.25 GB,SCAMPI (0.25 GB),SpainishEnergyDataset5sec,1024,lower_bound,0.0054484326
2602,0.25 GB,SCAMPI (0.25 GB),SpainishEnergyDataset5sec,2048,lower_bound,0.0075892367
2603,0.25 GB,SCAMPI (0.25 GB),SpainishEnergyDataset5sec,4096,lower_bound,0.036995087100000004
2604,4 GB,SCAMPI (4 GB),SynchrophasorEventsLarge,512,lower_bound,0.0060076873
2605,4 GB,SCAMPI (4 GB),SynchrophasorEventsLarge,1024,lower_bound,0.008981960800000001
2606,4 GB,SCAMPI (4 GB),SynchrophasorEventsLarge,2048,lower_bound,0.0616481269
2607,4 GB,SCAMPI (4 GB),SynchrophasorEventsLarge,4096,lower_bound,0.0156140791
2608,16 GB,SCAMPI (16 GB),Lab_FD_061014,512,lower_bound,2.4788801877
2609,16 GB,SCAMPI (16 GB),Lab_FD_061014,1024,lower_bound,2.9327183568
2610,16 GB,SCAMPI (16 GB),Lab_FD_061014,2048,lower_bound,3.4233540417
2611,16 GB,SCAMPI (16 GB),Lab_FD_061014,4096,lower_bound,6.3853334037
2612,16 GB,SCAMPI (16 GB),WindTurbine,512,lower_bound,0.0074398178
2613,16 GB,SCAMPI (16 GB),WindTurbine,1024,lower_bound,0.0051931386
2614,16 GB,SCAMPI (16 GB),WindTurbine,2048,lower_bound,0.0071114803
2615,16 GB,SCAMPI (16 GB),WindTurbine,4096,lower_bound,0.009305759700000001
2616,1 GB,SCAMPI (1 GB),house,512,lower_bound,0.0069767261
2617,1 GB,SCAMPI (1 GB),house,1024,lower_bound,0.0099982121
2618,1 GB,SCAMPI (1 GB),house,2048,lower_bound,0.2091871134
2619,1 GB,SCAMPI (1 GB),house,4096,lower_bound,0.9511011868
2620,1 GB,SCAMPI (1 GB),BlackLeggedKittiwake,512,lower_bound,0.8211857655
2621,1 GB,SCAMPI (1 GB),BlackLeggedKittiwake,1024,lower_bound,1.7095387092
2622,1 GB,SCAMPI (1 GB),BlackLeggedKittiwake,2048,lower_bound,2.7468814407
2623,1 GB,SCAMPI (1 GB),BlackLeggedKittiwake,4096,lower_bound,4.7972590853
2624,0.5 GB,SCAMPI (0.5 GB),lorenzAttractorsLONG,512,lower_bound,7.93426e-05
2625,0.5 GB,SCAMPI (0.5 GB),lorenzAttractorsLONG,1024,lower_bound,0.0014220438
2626,0.5 GB,SCAMPI (0.5 GB),lorenzAttractorsLONG,2048,lower_bound,0.0116333613
2627,0.5 GB,SCAMPI (0.5 GB),lorenzAttractorsLONG,4096,lower_bound,0.0095394438
2628,2 GB,SCAMPI (2 GB),water,512,lower_bound,4.5500000000000004e-08
2629,2 GB,SCAMPI (2 GB),water,1024,lower_bound,0.000333317
2630,2 GB,SCAMPI (2 GB),water,2048,lower_bound,2.3400732194
2631,2 GB,SCAMPI (2 GB),water,4096,lower_bound,4.5728538864
2632,2 GB,SCAMPI (2 GB),stator_winding,512,lower_bound,0.3855479429
2633,2 GB,SCAMPI (2 GB),stator_winding,1024,lower_bound,0.5203010294
2634,2 GB,SCAMPI (2 GB),stator_winding,2048,lower_bound,0.7276037274
2635,2 GB,SCAMPI (2 GB),stator_winding,4096,lower_bound,1.0638873595
2636,0.25 GB,SCAMPI (0.25 GB),water,512,lower_bound,4.5500000000000004e-08
2637,0.25 GB,SCAMPI (0.25 GB),water,1024,lower_bound,0.000333317
2638,0.25 GB,SCAMPI (0.25 GB),water,2048,lower_bound,1.4010147107
2639,0.25 GB,SCAMPI (0.25 GB),water,4096,lower_bound,2.7028736838
2640,0.25 GB,SCAMPI (0.25 GB),CinC_Challenge,512,lower_bound,0.0
2641,0.25 GB,SCAMPI (0.25 GB),CinC_Challenge,1024,lower_bound,0.0
2642,0.25 GB,SCAMPI (0.25 GB),CinC_Challenge,2048,lower_bound,0.0
2643,0.25 GB,SCAMPI (0.25 GB),CinC_Challenge,4096,lower_bound,0.0
2644,32 GB,SCAMPI (32 GB),stator_winding,512,lower_bound,0.2546071321
2645,32 GB,SCAMPI (32 GB),stator_winding,1024,lower_bound,0.4893920573
2646,32 GB,SCAMPI (32 GB),stator_winding,2048,lower_bound,0.845196249
2647,32 GB,SCAMPI (32 GB),stator_winding,4096,lower_bound,1.1697467982
2648,0.25 GB,SCAMPI (0.25 GB),WindTurbine,512,lower_bound,0.0074398178
2649,0.25 GB,SCAMPI (0.25 GB),WindTurbine,1024,lower_bound,0.0051931386
2650,0.25 GB,SCAMPI (0.25 GB),WindTurbine,2048,lower_bound,0.0071114803
2651,0.25 GB,SCAMPI (0.25 GB),WindTurbine,4096,lower_bound,0.009305759700000001
2652,0.5 GB,SCAMPI (0.5 GB),BlackLeggedKittiwake,512,lower_bound,0.7176127861
2653,0.5 GB,SCAMPI (0.5 GB),BlackLeggedKittiwake,1024,lower_bound,1.4752094157
2654,0.5 GB,SCAMPI (0.5 GB),BlackLeggedKittiwake,2048,lower_bound,2.3231201165
2655,0.5 GB,SCAMPI (0.5 GB),BlackLeggedKittiwake,4096,lower_bound,4.2443546483
2656,16 GB,SCAMPI (16 GB),SynchrophasorEventsLarge,512,lower_bound,0.0060076873
2657,16 GB,SCAMPI (16 GB),SynchrophasorEventsLarge,1024,lower_bound,0.008981960800000001
2658,16 GB,SCAMPI (16 GB),SynchrophasorEventsLarge,2048,lower_bound,0.0616481269
2659,16 GB,SCAMPI (16 GB),SynchrophasorEventsLarge,4096,lower_bound,0.0156140791
2660,2 GB,SCAMPI (2 GB),SpainishEnergyDataset5sec,512,lower_bound,0.0077772817
2661,2 GB,SCAMPI (2 GB),SpainishEnergyDataset5sec,1024,lower_bound,0.0054484326
2662,2 GB,SCAMPI (2 GB),SpainishEnergyDataset5sec,2048,lower_bound,0.0075892367
2663,2 GB,SCAMPI (2 GB),SpainishEnergyDataset5sec,4096,lower_bound,0.0158550373
2664,2 GB,SCAMPI (2 GB),EOG_one_hour_50_Hz,512,lower_bound,4.5610354939
2665,2 GB,SCAMPI (2 GB),EOG_one_hour_50_Hz,1024,lower_bound,6.9860032469
2666,2 GB,SCAMPI (2 GB),EOG_one_hour_50_Hz,2048,lower_bound,10.6364008884
2667,2 GB,SCAMPI (2 GB),EOG_one_hour_50_Hz,4096,lower_bound,15.5235333579
2668,8 GB,SCAMPI (8 GB),house,512,lower_bound,0.0069767261
2669,8 GB,SCAMPI (8 GB),house,1024,lower_bound,0.0099982121
2670,8 GB,SCAMPI (8 GB),house,2048,lower_bound,0.2091871134
2671,8 GB,SCAMPI (8 GB),house,4096,lower_bound,1.4611889741
2672,8 GB,SCAMPI (8 GB),BlackLeggedKittiwake,512,lower_bound,1.0135355844
2673,8 GB,SCAMPI (8 GB),BlackLeggedKittiwake,1024,lower_bound,2.0610326494
2674,8 GB,SCAMPI (8 GB),BlackLeggedKittiwake,2048,lower_bound,3.5944040891
2675,8 GB,SCAMPI (8 GB),BlackLeggedKittiwake,4096,lower_bound,6.1632582825
2676,2 GB,SCAMPI (2 GB),swtAttack38,512,lower_bound,5.777e-07
2677,2 GB,SCAMPI (2 GB),swtAttack38,1024,lower_bound,0.8405232981
2678,2 GB,SCAMPI (2 GB),swtAttack38,2048,lower_bound,1.5337134517
2679,2 GB,SCAMPI (2 GB),swtAttack38,4096,lower_bound,3.5780314549
2680,32 GB,SCAMPI (32 GB),swtAttack7,512,lower_bound,0.0075740331000000004
2681,32 GB,SCAMPI (32 GB),swtAttack7,1024,lower_bound,1.5505784336
2682,32 GB,SCAMPI (32 GB),swtAttack7,2048,lower_bound,2.8475365652
2683,32 GB,SCAMPI (32 GB),swtAttack7,4096,lower_bound,5.0242888923
2684,16 GB,SCAMPI (16 GB),MGHSleepElectromyography,512,lower_bound,1.2736741919
2685,16 GB,SCAMPI (16 GB),MGHSleepElectromyography,1024,lower_bound,2.8895769652
2686,16 GB,SCAMPI (16 GB),MGHSleepElectromyography,2048,lower_bound,5.1772265174
2687,16 GB,SCAMPI (16 GB),MGHSleepElectromyography,4096,lower_bound,7.3706244352
2688,0.5 GB,SCAMPI (0.5 GB),FingerFlexionECoG,512,lower_bound,1e-10
2689,0.5 GB,SCAMPI (0.5 GB),FingerFlexionECoG,1024,lower_bound,7.000000000000001e-10
2690,0.5 GB,SCAMPI (0.5 GB),FingerFlexionECoG,2048,lower_bound,1.5e-09
2691,0.5 GB,SCAMPI (0.5 GB),FingerFlexionECoG,4096,lower_bound,0.0005514135
2692,16 GB,SCAMPI (16 GB),solarwind,512,lower_bound,0.4849145221
2693,16 GB,SCAMPI (16 GB),solarwind,1024,lower_bound,1.0483479519
2694,16 GB,SCAMPI (16 GB),solarwind,2048,lower_bound,2.7277598345
2695,16 GB,SCAMPI (16 GB),solarwind,4096,lower_bound,5.4126074309
2696,0.5 GB,SCAMPI (0.5 GB),SynchrophasorEventsLarge,512,lower_bound,0.0060076873
2697,0.5 GB,SCAMPI (0.5 GB),SynchrophasorEventsLarge,1024,lower_bound,0.0269458824
2698,0.5 GB,SCAMPI (0.5 GB),SynchrophasorEventsLarge,2048,lower_bound,0.0205493756
2699,0.5 GB,SCAMPI (0.5 GB),SynchrophasorEventsLarge,4096,lower_bound,0.0156140791
2700,0.25 GB,SCAMPI (0.25 GB),Lab_K_060314,512,lower_bound,0.5850542587
2701,0.25 GB,SCAMPI (0.25 GB),Lab_K_060314,1024,lower_bound,0.8232079093
2702,0.25 GB,SCAMPI (0.25 GB),Lab_K_060314,2048,lower_bound,1.1935725307
2703,0.25 GB,SCAMPI (0.25 GB),Lab_K_060314,4096,lower_bound,1.6597036139
2704,32 GB,SCAMPI (32 GB),house,512,lower_bound,0.0069767261
2705,32 GB,SCAMPI (32 GB),house,1024,lower_bound,0.0099982121
2706,32 GB,SCAMPI (32 GB),house,2048,lower_bound,0.1803337184
2707,32 GB,SCAMPI (32 GB),house,4096,lower_bound,1.7056060389
2708,32 GB,SCAMPI (32 GB),BlackLeggedKittiwake,512,lower_bound,1.0283317244
2709,32 GB,SCAMPI (32 GB),BlackLeggedKittiwake,1024,lower_bound,2.114289307
2710,32 GB,SCAMPI (32 GB),BlackLeggedKittiwake,2048,lower_bound,3.8819564162
2711,32 GB,SCAMPI (32 GB),BlackLeggedKittiwake,4096,lower_bound,6.49933745
2712,16 GB,SCAMPI (16 GB),swtAttack38,512,lower_bound,5.777e-07
2713,16 GB,SCAMPI (16 GB),swtAttack38,1024,lower_bound,0.9016522652000001
2714,16 GB,SCAMPI (16 GB),swtAttack38,2048,lower_bound,1.6384548582
2715,16 GB,SCAMPI (16 GB),swtAttack38,4096,lower_bound,3.5780314549
2716,8 GB,SCAMPI (8 GB),SynchrophasorEventsLarge,512,lower_bound,0.0060076873
2717,8 GB,SCAMPI (8 GB),SynchrophasorEventsLarge,1024,lower_bound,0.008981960800000001
2718,8 GB,SCAMPI (8 GB),SynchrophasorEventsLarge,2048,lower_bound,0.0616481269
2719,8 GB,SCAMPI (8 GB),SynchrophasorEventsLarge,4096,lower_bound,0.0156140791
2720,0.5 GB,SCAMPI (0.5 GB),Lab_FD_061014,512,lower_bound,0.9035170778
2721,0.5 GB,SCAMPI (0.5 GB),Lab_FD_061014,1024,lower_bound,1.0949548837
2722,0.5 GB,SCAMPI (0.5 GB),Lab_FD_061014,2048,lower_bound,1.2653213351
2723,0.5 GB,SCAMPI (0.5 GB),Lab_FD_061014,4096,lower_bound,2.4364364322
2724,0.25 GB,SCAMPI (0.25 GB),HAR_Ambient_Sensor_Data,512,lower_bound,0.0072233809000000005
2725,0.25 GB,SCAMPI (0.25 GB),HAR_Ambient_Sensor_Data,1024,lower_bound,0.0370647426
2726,0.25 GB,SCAMPI (0.25 GB),HAR_Ambient_Sensor_Data,2048,lower_bound,0.1927807476
2727,0.25 GB,SCAMPI (0.25 GB),HAR_Ambient_Sensor_Data,4096,lower_bound,4.5140597763
2728,0.25 GB,SCAMPI (0.25 GB),SpainishEnergyDataset,512,lower_bound,0.0074098734
2729,0.25 GB,SCAMPI (0.25 GB),SpainishEnergyDataset,1024,lower_bound,0.0052568936000000005
2730,0.25 GB,SCAMPI (0.25 GB),SpainishEnergyDataset,2048,lower_bound,0.0990781372
2731,0.25 GB,SCAMPI (0.25 GB),SpainishEnergyDataset,4096,lower_bound,0.15601928680000002
2732,2 GB,SCAMPI (2 GB),CinC_Challenge,512,lower_bound,0.0
2733,2 GB,SCAMPI (2 GB),CinC_Challenge,1024,lower_bound,0.0
2734,2 GB,SCAMPI (2 GB),CinC_Challenge,2048,lower_bound,0.0
2735,2 GB,SCAMPI (2 GB),CinC_Challenge,4096,lower_bound,0.0
2736,16 GB,SCAMPI (16 GB),SpainishEnergyDataset,512,lower_bound,0.0074098734
2737,16 GB,SCAMPI (16 GB),SpainishEnergyDataset,1024,lower_bound,0.0052568936000000005
2738,16 GB,SCAMPI (16 GB),SpainishEnergyDataset,2048,lower_bound,0.0990781372
2739,16 GB,SCAMPI (16 GB),SpainishEnergyDataset,4096,lower_bound,0.15601928680000002
2740,1 GB,SCAMPI (1 GB),SynchrophasorEventsLarge,512,lower_bound,0.0060076873
2741,1 GB,SCAMPI (1 GB),SynchrophasorEventsLarge,1024,lower_bound,0.008981960800000001
2742,1 GB,SCAMPI (1 GB),SynchrophasorEventsLarge,2048,lower_bound,0.0890472944
2743,1 GB,SCAMPI (1 GB),SynchrophasorEventsLarge,4096,lower_bound,0.0156140791
2744,0.25 GB,SCAMPI (0.25 GB),EOG_one_hour_50_Hz,512,lower_bound,3.7765066231
2745,0.25 GB,SCAMPI (0.25 GB),EOG_one_hour_50_Hz,1024,lower_bound,5.908696688
2746,0.25 GB,SCAMPI (0.25 GB),EOG_one_hour_50_Hz,2048,lower_bound,8.5541836217
2747,0.25 GB,SCAMPI (0.25 GB),EOG_one_hour_50_Hz,4096,lower_bound,12.2187726075
2748,16 GB,SCAMPI (16 GB),EOG_one_hour_50_Hz,512,lower_bound,4.5610354939
2749,16 GB,SCAMPI (16 GB),EOG_one_hour_50_Hz,1024,lower_bound,6.9860032469
2750,16 GB,SCAMPI (16 GB),EOG_one_hour_50_Hz,2048,lower_bound,10.6364008884
2751,16 GB,SCAMPI (16 GB),EOG_one_hour_50_Hz,4096,lower_bound,15.5235333579
2752,0.25 GB,SCAMPI (0.25 GB),Bird12-Week3_2018_1_10,512,lower_bound,0.0
2753,0.25 GB,SCAMPI (0.25 GB),Bird12-Week3_2018_1_10,1024,lower_bound,0.7160198873
2754,0.25 GB,SCAMPI (0.25 GB),Bird12-Week3_2018_1_10,2048,lower_bound,1.0130288605
2755,0.25 GB,SCAMPI (0.25 GB),Bird12-Week3_2018_1_10,4096,lower_bound,1.4254571625
2756,4 GB,SCAMPI (4 GB),house,512,lower_bound,0.0069767261
2757,4 GB,SCAMPI (4 GB),house,1024,lower_bound,0.0099982121
2758,4 GB,SCAMPI (4 GB),house,2048,lower_bound,0.2091871134
2759,4 GB,SCAMPI (4 GB),house,4096,lower_bound,1.3442938562
2760,4 GB,SCAMPI (4 GB),BlackLeggedKittiwake,512,lower_bound,0.9691471647000001
2761,4 GB,SCAMPI (4 GB),BlackLeggedKittiwake,1024,lower_bound,1.9864733287
2762,4 GB,SCAMPI (4 GB),BlackLeggedKittiwake,2048,lower_bound,3.352254761
2763,4 GB,SCAMPI (4 GB),BlackLeggedKittiwake,4096,lower_bound,5.7729727976
2764,2 GB,SCAMPI (2 GB),Bird12-Week3_2018_1_10,512,lower_bound,0.0
2765,2 GB,SCAMPI (2 GB),Bird12-Week3_2018_1_10,1024,lower_bound,2.0715384526
2766,2 GB,SCAMPI (2 GB),Bird12-Week3_2018_1_10,2048,lower_bound,2.9153578657
2767,2 GB,SCAMPI (2 GB),Bird12-Week3_2018_1_10,4096,lower_bound,3.926834099
2768,16 GB,SCAMPI (16 GB),HAR_Ambient_Sensor_Data,512,lower_bound,0.0072233809000000005
2769,16 GB,SCAMPI (16 GB),HAR_Ambient_Sensor_Data,1024,lower_bound,0.0370647426
2770,16 GB,SCAMPI (16 GB),HAR_Ambient_Sensor_Data,2048,lower_bound,0.1927807476
2771,16 GB,SCAMPI (16 GB),HAR_Ambient_Sensor_Data,4096,lower_bound,10.5291406476
2772,0.5 GB,SCAMPI (0.5 GB),Challenge2009TestSetA_101a,512,lower_bound,0.8987039426000001
2773,0.5 GB,SCAMPI (0.5 GB),Challenge2009TestSetA_101a,1024,lower_bound,2.9922820643
2774,0.5 GB,SCAMPI (0.5 GB),Challenge2009TestSetA_101a,2048,lower_bound,5.5269145461
2775,0.5 GB,SCAMPI (0.5 GB),Challenge2009TestSetA_101a,4096,lower_bound,9.520229268
2776,16 GB,SCAMPI (16 GB),EOG_one_hour_400_Hz,512,lower_bound,1.7243364259
2777,16 GB,SCAMPI (16 GB),EOG_one_hour_400_Hz,1024,lower_bound,4.3246794789
2778,16 GB,SCAMPI (16 GB),EOG_one_hour_400_Hz,2048,lower_bound,8.0246376473
2779,16 GB,SCAMPI (16 GB),EOG_one_hour_400_Hz,4096,lower_bound,11.3347496809
2780,1 GB,SCAMPI (1 GB),WindTurbine,512,lower_bound,0.0074398178
2781,1 GB,SCAMPI (1 GB),WindTurbine,1024,lower_bound,0.0051931386
2782,1 GB,SCAMPI (1 GB),WindTurbine,2048,lower_bound,0.0071114803
2783,1 GB,SCAMPI (1 GB),WindTurbine,4096,lower_bound,0.009305759700000001
2784,16 GB,SCAMPI (16 GB),Challenge2009Respiration500HZ,512,lower_bound,0.0073315315
2785,16 GB,SCAMPI (16 GB),Challenge2009Respiration500HZ,1024,lower_bound,0.0051774690000000005
2786,16 GB,SCAMPI (16 GB),Challenge2009Respiration500HZ,2048,lower_bound,2.445256884
2787,16 GB,SCAMPI (16 GB),Challenge2009Respiration500HZ,4096,lower_bound,6.21464734
2788,0.25 GB,SCAMPI (0.25 GB),EOG_one_hour_400_Hz,512,lower_bound,0.8809928464000001
2789,0.25 GB,SCAMPI (0.25 GB),EOG_one_hour_400_Hz,1024,lower_bound,2.1812838923
2790,0.25 GB,SCAMPI (0.25 GB),EOG_one_hour_400_Hz,2048,lower_bound,3.7694983761
2791,0.25 GB,SCAMPI (0.25 GB),EOG_one_hour_400_Hz,4096,lower_bound,5.2764271308
2792,8 GB,SCAMPI (8 GB),Lab_K_060314,512,lower_bound,2.5508365681
2793,8 GB,SCAMPI (8 GB),Lab_K_060314,1024,lower_bound,3.5967003287
2794,8 GB,SCAMPI (8 GB),Lab_K_060314,2048,lower_bound,4.9693183142
2795,8 GB,SCAMPI (8 GB),Lab_K_060314,4096,lower_bound,6.908998765
2796,32 GB,SCAMPI (32 GB),lorenzAttractorsLONG,512,lower_bound,4.89044e-05
2797,32 GB,SCAMPI (32 GB),lorenzAttractorsLONG,1024,lower_bound,0.0017114998
2798,32 GB,SCAMPI (32 GB),lorenzAttractorsLONG,2048,lower_bound,0.0063251212000000005
2799,32 GB,SCAMPI (32 GB),lorenzAttractorsLONG,4096,lower_bound,0.0095394438
2800,8 GB,SCAMPI (8 GB),recorddata,512,lower_bound,0.0077470763
2801,8 GB,SCAMPI (8 GB),recorddata,1024,lower_bound,0.0055157631
2802,8 GB,SCAMPI (8 GB),recorddata,2048,lower_bound,0.0078113246
2803,8 GB,SCAMPI (8 GB),recorddata,4096,lower_bound,0.005526114
2804,1 GB,SCAMPI (1 GB),HAR_Ambient_Sensor_Data,512,lower_bound,0.0072233809000000005
2805,1 GB,SCAMPI (1 GB),HAR_Ambient_Sensor_Data,1024,lower_bound,0.0370647426
2806,1 GB,SCAMPI (1 GB),HAR_Ambient_Sensor_Data,2048,lower_bound,0.1927807476
2807,1 GB,SCAMPI (1 GB),HAR_Ambient_Sensor_Data,4096,lower_bound,6.8343194909000005
2808,8 GB,SCAMPI (8 GB),SpainishEnergyDataset,512,lower_bound,0.0074098734
2809,8 GB,SCAMPI (8 GB),SpainishEnergyDataset,1024,lower_bound,0.0052568936000000005
2810,8 GB,SCAMPI (8 GB),SpainishEnergyDataset,2048,lower_bound,0.0990781372
2811,8 GB,SCAMPI (8 GB),SpainishEnergyDataset,4096,lower_bound,0.15601928680000002
2812,0.25 GB,SCAMPI (0.25 GB),swtAttack38,512,lower_bound,5.777e-07
2813,0.25 GB,SCAMPI (0.25 GB),swtAttack38,1024,lower_bound,0.6469482355
2814,0.25 GB,SCAMPI (0.25 GB),swtAttack38,2048,lower_bound,1.2194892323
2815,0.25 GB,SCAMPI (0.25 GB),swtAttack38,4096,lower_bound,3.049151994
2816,2 GB,SCAMPI (2 GB),Lab_FD_061014,512,lower_bound,1.6294196872
2817,2 GB,SCAMPI (2 GB),Lab_FD_061014,1024,lower_bound,1.8652749024
2818,2 GB,SCAMPI (2 GB),Lab_FD_061014,2048,lower_bound,2.2434224899
2819,2 GB,SCAMPI (2 GB),Lab_FD_061014,4096,lower_bound,4.1413919491
2820,1 GB,SCAMPI (1 GB),Lab_K_060314,512,lower_bound,1.4899381789
2821,1 GB,SCAMPI (1 GB),Lab_K_060314,1024,lower_bound,2.1049812983
2822,1 GB,SCAMPI (1 GB),Lab_K_060314,2048,lower_bound,2.8942183588
2823,1 GB,SCAMPI (1 GB),Lab_K_060314,4096,lower_bound,3.9976249838
2824,8 GB,SCAMPI (8 GB),WindTurbine,512,lower_bound,0.0074398178
2825,8 GB,SCAMPI (8 GB),WindTurbine,1024,lower_bound,0.0051931386
2826,8 GB,SCAMPI (8 GB),WindTurbine,2048,lower_bound,0.0071114803
2827,8 GB,SCAMPI (8 GB),WindTurbine,4096,lower_bound,0.009305759700000001
2828,4 GB,SCAMPI (4 GB),swtAttack7,512,lower_bound,0.0017530025
2829,4 GB,SCAMPI (4 GB),swtAttack7,1024,lower_bound,1.3054698152
2830,4 GB,SCAMPI (4 GB),swtAttack7,2048,lower_bound,2.8624062079
2831,4 GB,SCAMPI (4 GB),swtAttack7,4096,lower_bound,5.0135646897
2832,2 GB,SCAMPI (2 GB),EOG_one_hour_400_Hz,512,lower_bound,1.4080825836
2833,2 GB,SCAMPI (2 GB),EOG_one_hour_400_Hz,1024,lower_bound,3.4153601391
2834,2 GB,SCAMPI (2 GB),EOG_one_hour_400_Hz,2048,lower_bound,6.1283255808
2835,2 GB,SCAMPI (2 GB),EOG_one_hour_400_Hz,4096,lower_bound,8.5243004112
2836,32 GB,SCAMPI (32 GB),recorddata,512,lower_bound,0.0077470763
2837,32 GB,SCAMPI (32 GB),recorddata,1024,lower_bound,0.0055157631
2838,32 GB,SCAMPI (32 GB),recorddata,2048,lower_bound,0.0078113246
2839,32 GB,SCAMPI (32 GB),recorddata,4096,lower_bound,0.005526114
2840,0.5 GB,SCAMPI (0.5 GB),house,512,lower_bound,0.0069767261
2841,0.5 GB,SCAMPI (0.5 GB),house,1024,lower_bound,0.0099982121
2842,0.5 GB,SCAMPI (0.5 GB),house,2048,lower_bound,0.16590702100000002
2843,0.5 GB,SCAMPI (0.5 GB),house,4096,lower_bound,0.7491914376000001
2844,4 GB,SCAMPI (4 GB),solarwind,512,lower_bound,0.3691140392
2845,4 GB,SCAMPI (4 GB),solarwind,1024,lower_bound,0.8084275251
2846,4 GB,SCAMPI (4 GB),solarwind,2048,lower_bound,2.1534946062
2847,4 GB,SCAMPI (4 GB),solarwind,4096,lower_bound,4.082621315
2848,1 GB,SCAMPI (1 GB),SpainishEnergyDataset,512,lower_bound,0.0074098734
2849,1 GB,SCAMPI (1 GB),SpainishEnergyDataset,1024,lower_bound,0.0052568936000000005
2850,1 GB,SCAMPI (1 GB),SpainishEnergyDataset,2048,lower_bound,0.0990781372
2851,1 GB,SCAMPI (1 GB),SpainishEnergyDataset,4096,lower_bound,0.15601928680000002
2852,2 GB,SCAMPI (2 GB),FingerFlexionECoG,512,lower_bound,1e-10
2853,2 GB,SCAMPI (2 GB),FingerFlexionECoG,1024,lower_bound,7.000000000000001e-10
2854,2 GB,SCAMPI (2 GB),FingerFlexionECoG,2048,lower_bound,1.5e-09
2855,2 GB,SCAMPI (2 GB),FingerFlexionECoG,4096,lower_bound,0.0005514135
2856,32 GB,SCAMPI (32 GB),SpainishEnergyDataset5sec,512,lower_bound,0.0077772817
2857,32 GB,SCAMPI (32 GB),SpainishEnergyDataset5sec,1024,lower_bound,0.0163452979
2858,32 GB,SCAMPI (32 GB),SpainishEnergyDataset5sec,2048,lower_bound,0.0075892367
2859,32 GB,SCAMPI (32 GB),SpainishEnergyDataset5sec,4096,lower_bound,0.026425062200000002
2860,1 GB,SCAMPI (1 GB),recorddata,512,lower_bound,0.0077470763
2861,1 GB,SCAMPI (1 GB),recorddata,1024,lower_bound,0.0055157631
2862,1 GB,SCAMPI (1 GB),recorddata,2048,lower_bound,0.0078113246
2863,1 GB,SCAMPI (1 GB),recorddata,4096,lower_bound,0.005526114
2864,8 GB,SCAMPI (8 GB),HAR_Ambient_Sensor_Data,512,lower_bound,0.0072233809000000005
2865,8 GB,SCAMPI (8 GB),HAR_Ambient_Sensor_Data,1024,lower_bound,0.0370647426
2866,8 GB,SCAMPI (8 GB),HAR_Ambient_Sensor_Data,2048,lower_bound,0.1927807476
2867,8 GB,SCAMPI (8 GB),HAR_Ambient_Sensor_Data,4096,lower_bound,9.8143686977
2868,4 GB,SCAMPI (4 GB),Challenge2009Respiration500HZ,512,lower_bound,0.0073315315
2869,4 GB,SCAMPI (4 GB),Challenge2009Respiration500HZ,1024,lower_bound,0.0051774690000000005
2870,4 GB,SCAMPI (4 GB),Challenge2009Respiration500HZ,2048,lower_bound,2.0885020803
2871,4 GB,SCAMPI (4 GB),Challenge2009Respiration500HZ,4096,lower_bound,5.2314185261
2872,0.25 GB,SCAMPI (0.25 GB),house,512,lower_bound,0.0069767261
2873,0.25 GB,SCAMPI (0.25 GB),house,1024,lower_bound,0.0099982121
2874,0.25 GB,SCAMPI (0.25 GB),house,2048,lower_bound,0.2380405083
2875,0.25 GB,SCAMPI (0.25 GB),house,4096,lower_bound,0.5472816885
2876,16 GB,SCAMPI (16 GB),SpainishEnergyDataset5sec,512,lower_bound,0.0077772817
2877,16 GB,SCAMPI (16 GB),SpainishEnergyDataset5sec,1024,lower_bound,0.0054484326
2878,16 GB,SCAMPI (16 GB),SpainishEnergyDataset5sec,2048,lower_bound,0.0075892367
2879,16 GB,SCAMPI (16 GB),SpainishEnergyDataset5sec,4096,lower_bound,0.0158550373
2880,4 GB,SCAMPI (4 GB),SpainishEnergyDataset5sec,512,lower_bound,0.0077772817
2881,4 GB,SCAMPI (4 GB),SpainishEnergyDataset5sec,1024,lower_bound,0.0054484326
2882,4 GB,SCAMPI (4 GB),SpainishEnergyDataset5sec,2048,lower_bound,0.0075892367
2883,4 GB,SCAMPI (4 GB),SpainishEnergyDataset5sec,4096,lower_bound,0.0158550373
2884,4 GB,SCAMPI (4 GB),stator_winding,512,lower_bound,0.41464590090000003
2885,4 GB,SCAMPI (4 GB),stator_winding,1024,lower_bound,0.5615129921
2886,4 GB,SCAMPI (4 GB),stator_winding,2048,lower_bound,0.7863999882
2887,4 GB,SCAMPI (4 GB),stator_winding,4096,lower_bound,1.106231135
2888,1 GB,SCAMPI (1 GB),CinC_Challenge,512,lower_bound,0.0
2889,1 GB,SCAMPI (1 GB),CinC_Challenge,1024,lower_bound,0.0
2890,1 GB,SCAMPI (1 GB),CinC_Challenge,2048,lower_bound,0.0
2891,1 GB,SCAMPI (1 GB),CinC_Challenge,4096,lower_bound,0.0
2892,4 GB,SCAMPI (4 GB),water,512,lower_bound,4.5500000000000004e-08
2893,4 GB,SCAMPI (4 GB),water,1024,lower_bound,0.000333317
2894,4 GB,SCAMPI (4 GB),water,2048,lower_bound,2.5824108991
2895,4 GB,SCAMPI (4 GB),water,4096,lower_bound,5.0779634814
2896,1 GB,SCAMPI (1 GB),Bird12-Week3_2018_1_10,512,lower_bound,0.0
2897,1 GB,SCAMPI (1 GB),Bird12-Week3_2018_1_10,1024,lower_bound,1.6233427980000001
2898,1 GB,SCAMPI (1 GB),Bird12-Week3_2018_1_10,2048,lower_bound,2.2657821078000002
2899,1 GB,SCAMPI (1 GB),Bird12-Week3_2018_1_10,4096,lower_bound,3.1294519315
2900,16 GB,SCAMPI (16 GB),recorddata,512,lower_bound,0.0077470763
2901,16 GB,SCAMPI (16 GB),recorddata,1024,lower_bound,0.0055157631
2902,16 GB,SCAMPI (16 GB),recorddata,2048,lower_bound,0.0078113246
2903,16 GB,SCAMPI (16 GB),recorddata,4096,lower_bound,0.005526114
2904,2 GB,SCAMPI (2 GB),SynchrophasorEventsLarge,512,lower_bound,0.0060076873
2905,2 GB,SCAMPI (2 GB),SynchrophasorEventsLarge,1024,lower_bound,0.008981960800000001
2906,2 GB,SCAMPI (2 GB),SynchrophasorEventsLarge,2048,lower_bound,0.1438456294
2907,2 GB,SCAMPI (2 GB),SynchrophasorEventsLarge,4096,lower_bound,0.0156140791
2908,8 GB,SCAMPI (8 GB),CinC_Challenge,512,lower_bound,0.0
2909,8 GB,SCAMPI (8 GB),CinC_Challenge,1024,lower_bound,0.0
2910,8 GB,SCAMPI (8 GB),CinC_Challenge,2048,lower_bound,0.0
2911,8 GB,SCAMPI (8 GB),CinC_Challenge,4096,lower_bound,0.0
2912,0.5 GB,SCAMPI (0.5 GB),EOG_one_hour_400_Hz,512,lower_bound,1.0767690345
2913,0.5 GB,SCAMPI (0.5 GB),EOG_one_hour_400_Hz,1024,lower_bound,2.6467687924
2914,0.5 GB,SCAMPI (0.5 GB),EOG_one_hour_400_Hz,2048,lower_bound,4.5403569397
2915,0.5 GB,SCAMPI (0.5 GB),EOG_one_hour_400_Hz,4096,lower_bound,6.6324415644
2916,16 GB,SCAMPI (16 GB),lorenzAttractorsLONG,512,lower_bound,7.93426e-05
2917,16 GB,SCAMPI (16 GB),lorenzAttractorsLONG,1024,lower_bound,0.0014220438
2918,16 GB,SCAMPI (16 GB),lorenzAttractorsLONG,2048,lower_bound,0.0116333613
2919,16 GB,SCAMPI (16 GB),lorenzAttractorsLONG,4096,lower_bound,0.0095394438
2920,4 GB,SCAMPI (4 GB),swtAttack38,512,lower_bound,5.777e-07
2921,4 GB,SCAMPI (4 GB),swtAttack38,1024,lower_bound,0.9016522652000001
2922,4 GB,SCAMPI (4 GB),swtAttack38,2048,lower_bound,1.593565684
2923,4 GB,SCAMPI (4 GB),swtAttack38,4096,lower_bound,3.5780314549
2924,0.25 GB,SCAMPI (0.25 GB),Challenge2009TestSetA_101a,512,lower_bound,0.8080783349
2925,0.25 GB,SCAMPI (0.25 GB),Challenge2009TestSetA_101a,1024,lower_bound,2.6216533204
2926,0.25 GB,SCAMPI (0.25 GB),Challenge2009TestSetA_101a,2048,lower_bound,4.7495707281
2927,0.25 GB,SCAMPI (0.25 GB),Challenge2009TestSetA_101a,4096,lower_bound,8.4300005837
2928,0.5 GB,SCAMPI (0.5 GB),swtAttack38,512,lower_bound,5.777e-07
2929,0.5 GB,SCAMPI (0.5 GB),swtAttack38,1024,lower_bound,0.7080772026000001
2930,0.5 GB,SCAMPI (0.5 GB),swtAttack38,2048,lower_bound,1.3541567549
2931,0.5 GB,SCAMPI (0.5 GB),swtAttack38,4096,lower_bound,3.2866080785
2932,8 GB,SCAMPI (8 GB),Bird12-Week3_2018_1_10,512,lower_bound,0.0
2933,8 GB,SCAMPI (8 GB),Bird12-Week3_2018_1_10,1024,lower_bound,2.8914085526
2934,8 GB,SCAMPI (8 GB),Bird12-Week3_2018_1_10,2048,lower_bound,4.0443823972
2935,8 GB,SCAMPI (8 GB),Bird12-Week3_2018_1_10,4096,lower_bound,5.5980597378
2936,32 GB,SCAMPI (32 GB),Challenge2009Respiration500HZ,512,lower_bound,0.0073315315
2937,32 GB,SCAMPI (32 GB),Challenge2009Respiration500HZ,1024,lower_bound,0.0051774690000000005
2938,32 GB,SCAMPI (32 GB),Challenge2009Respiration500HZ,2048,lower_bound,2.8614708217000002
2939,32 GB,SCAMPI (32 GB),Challenge2009Respiration500HZ,4096,lower_bound,6.5566399709
2940,32 GB,SCAMPI (32 GB),EOG_one_hour_400_Hz,512,lower_bound,1.784575253
2941,32 GB,SCAMPI (32 GB),EOG_one_hour_400_Hz,1024,lower_bound,4.3138542486
2942,32 GB,SCAMPI (32 GB),EOG_one_hour_400_Hz,2048,lower_bound,8.1017235036
2943,32 GB,SCAMPI (32 GB),EOG_one_hour_400_Hz,4096,lower_bound,12.3189537053
2944,4 GB,SCAMPI (4 GB),EOG_one_hour_50_Hz,512,lower_bound,4.5610354939
2945,4 GB,SCAMPI (4 GB),EOG_one_hour_50_Hz,1024,lower_bound,6.9860032469
2946,4 GB,SCAMPI (4 GB),EOG_one_hour_50_Hz,2048,lower_bound,10.6364008884
2947,4 GB,SCAMPI (4 GB),EOG_one_hour_50_Hz,4096,lower_bound,15.5235333579
2948,32 GB,SCAMPI (32 GB),EOG_one_hour_50_Hz,512,lower_bound,4.5302696558
2949,32 GB,SCAMPI (32 GB),EOG_one_hour_50_Hz,1024,lower_bound,6.996996171
2950,32 GB,SCAMPI (32 GB),EOG_one_hour_50_Hz,2048,lower_bound,10.6208619536
2951,32 GB,SCAMPI (32 GB),EOG_one_hour_50_Hz,4096,lower_bound,15.5124806464
2952,4 GB,SCAMPI (4 GB),Challenge2009TestSetA_101a,512,lower_bound,0.7023484593
2953,4 GB,SCAMPI (4 GB),Challenge2009TestSetA_101a,1024,lower_bound,3.5918285617
2954,4 GB,SCAMPI (4 GB),Challenge2009TestSetA_101a,2048,lower_bound,7.1904303167
2955,4 GB,SCAMPI (4 GB),Challenge2009TestSetA_101a,4096,lower_bound,12.6367415674
2956,4 GB,SCAMPI (4 GB),lorenzAttractorsLONG,512,lower_bound,7.93426e-05
2957,4 GB,SCAMPI (4 GB),lorenzAttractorsLONG,1024,lower_bound,0.0014220438
2958,4 GB,SCAMPI (4 GB),lorenzAttractorsLONG,2048,lower_bound,0.0116333613
2959,4 GB,SCAMPI (4 GB),lorenzAttractorsLONG,4096,lower_bound,0.0095394438
2960,1 GB,SCAMPI (1 GB),EOG_one_hour_400_Hz,512,lower_bound,1.2123063955
2961,1 GB,SCAMPI (1 GB),EOG_one_hour_400_Hz,1024,lower_bound,3.0148266204
2962,1 GB,SCAMPI (1 GB),EOG_one_hour_400_Hz,2048,lower_bound,5.2957983321
2963,1 GB,SCAMPI (1 GB),EOG_one_hour_400_Hz,4096,lower_bound,7.5291607866
2964,32 GB,SCAMPI (32 GB),HAR_Ambient_Sensor_Data,512,lower_bound,0.0072233809000000005
2965,32 GB,SCAMPI (32 GB),HAR_Ambient_Sensor_Data,1024,lower_bound,0.047654669000000004
2966,32 GB,SCAMPI (32 GB),HAR_Ambient_Sensor_Data,2048,lower_bound,0.3007379663
2967,32 GB,SCAMPI (32 GB),HAR_Ambient_Sensor_Data,4096,lower_bound,11.4198564622
2968,2 GB,SCAMPI (2 GB),Lab_K_060314,512,lower_bound,1.8331700107
2969,2 GB,SCAMPI (2 GB),Lab_K_060314,1024,lower_bound,2.6022209751
2970,2 GB,SCAMPI (2 GB),Lab_K_060314,2048,lower_bound,3.6431266134
2971,2 GB,SCAMPI (2 GB),Lab_K_060314,4096,lower_bound,5.1445298067
2972,0.5 GB,SCAMPI (0.5 GB),SpainishEnergyDataset,512,lower_bound,0.0074098734
2973,0.5 GB,SCAMPI (0.5 GB),SpainishEnergyDataset,1024,lower_bound,0.0052568936000000005
2974,0.5 GB,SCAMPI (0.5 GB),SpainishEnergyDataset,2048,lower_bound,0.0990781372
2975,0.5 GB,SCAMPI (0.5 GB),SpainishEnergyDataset,4096,lower_bound,0.15601928680000002
2976,32 GB,SCAMPI (32 GB),SpainishEnergyDataset,512,lower_bound,0.0074098734
2977,32 GB,SCAMPI (32 GB),SpainishEnergyDataset,1024,lower_bound,0.0052568936000000005
2978,32 GB,SCAMPI (32 GB),SpainishEnergyDataset,2048,lower_bound,0.022864185500000002
2979,32 GB,SCAMPI (32 GB),SpainishEnergyDataset,4096,lower_bound,0.1022195327
2980,2 GB,SCAMPI (2 GB),recorddata,512,lower_bound,0.0077470763
2981,2 GB,SCAMPI (2 GB),recorddata,1024,lower_bound,0.0055157631
2982,2 GB,SCAMPI (2 GB),recorddata,2048,lower_bound,0.0078113246
2983,2 GB,SCAMPI (2 GB),recorddata,4096,lower_bound,0.005526114
2984,8 GB,SCAMPI (8 GB),Lab_FD_061014,512,lower_bound,2.200874933
2985,8 GB,SCAMPI (8 GB),Lab_FD_061014,1024,lower_bound,2.635594921
2986,8 GB,SCAMPI (8 GB),Lab_FD_061014,2048,lower_bound,3.0196932477
2987,8 GB,SCAMPI (8 GB),Lab_FD_061014,4096,lower_bound,5.791348901
2988,1 GB,SCAMPI (1 GB),FingerFlexionECoG,512,lower_bound,1e-10
2989,1 GB,SCAMPI (1 GB),FingerFlexionECoG,1024,lower_bound,7.000000000000001e-10
2990,1 GB,SCAMPI (1 GB),FingerFlexionECoG,2048,lower_bound,1.5e-09
2991,1 GB,SCAMPI (1 GB),FingerFlexionECoG,4096,lower_bound,0.0005514135
2992,0.5 GB,SCAMPI (0.5 GB),Bird12-Week3_2018_1_10,512,lower_bound,0.0
2993,0.5 GB,SCAMPI (0.5 GB),Bird12-Week3_2018_1_10,1024,lower_bound,1.1970103460000001
2994,0.5 GB,SCAMPI (0.5 GB),Bird12-Week3_2018_1_10,2048,lower_bound,1.6780707078000001
2995,0.5 GB,SCAMPI (0.5 GB),Bird12-Week3_2018_1_10,4096,lower_bound,2.3539158507
2996,0.5 GB,SCAMPI (0.5 GB),EOG_one_hour_50_Hz,512,lower_bound,4.0995479229
2997,0.5 GB,SCAMPI (0.5 GB),EOG_one_hour_50_Hz,1024,lower_bound,6.5902579804
2998,0.5 GB,SCAMPI (0.5 GB),EOG_one_hour_50_Hz,2048,lower_bound,9.3622082327
2999,0.5 GB,SCAMPI (0.5 GB),EOG_one_hour_50_Hz,4096,lower_bound,13.3572018961
3000,2 GB,SCAMPI (2 GB),SpainishEnergyDataset,512,lower_bound,0.0074098734
3001,2 GB,SCAMPI (2 GB),SpainishEnergyDataset,1024,lower_bound,0.0052568936000000005
3002,2 GB,SCAMPI (2 GB),SpainishEnergyDataset,2048,lower_bound,0.0990781372
3003,2 GB,SCAMPI (2 GB),SpainishEnergyDataset,4096,lower_bound,0.15601928680000002
3004,16 GB,SCAMPI (16 GB),house,512,lower_bound,0.0069767261
3005,16 GB,SCAMPI (16 GB),house,1024,lower_bound,0.0099982121
3006,16 GB,SCAMPI (16 GB),house,2048,lower_bound,0.2091871134
3007,16 GB,SCAMPI (16 GB),house,4096,lower_bound,1.5993377499
3008,16 GB,SCAMPI (16 GB),BlackLeggedKittiwake,512,lower_bound,1.0579240042
3009,16 GB,SCAMPI (16 GB),BlackLeggedKittiwake,1024,lower_bound,2.1036379755
3010,16 GB,SCAMPI (16 GB),BlackLeggedKittiwake,2048,lower_bound,3.7608817522
3011,16 GB,SCAMPI (16 GB),BlackLeggedKittiwake,4096,lower_bound,6.3584010249
3012,0.25 GB,SCAMPI (0.25 GB),SynchrophasorEventsLarge,512,lower_bound,0.0060076873
3013,0.25 GB,SCAMPI (0.25 GB),SynchrophasorEventsLarge,1024,lower_bound,0.0269458824
3014,0.25 GB,SCAMPI (0.25 GB),SynchrophasorEventsLarge,2048,lower_bound,0.0205493756
3015,0.25 GB,SCAMPI (0.25 GB),SynchrophasorEventsLarge,4096,lower_bound,0.0156140791
3016,32 GB,SCAMPI (32 GB),swtAttack38,512,lower_bound,5.777e-07
3017,32 GB,SCAMPI (32 GB),swtAttack38,1024,lower_bound,0.9016522652000001
3018,32 GB,SCAMPI (32 GB),swtAttack38,2048,lower_bound,1.6234918001
3019,32 GB,SCAMPI (32 GB),swtAttack38,4096,lower_bound,3.5780314549
3020,8 GB,SCAMPI (8 GB),EOG_one_hour_400_Hz,512,lower_bound,1.6339781853
3021,8 GB,SCAMPI (8 GB),EOG_one_hour_400_Hz,1024,lower_bound,4.0323982625
3022,8 GB,SCAMPI (8 GB),EOG_one_hour_400_Hz,2048,lower_bound,7.3000305975
3023,8 GB,SCAMPI (8 GB),EOG_one_hour_400_Hz,4096,lower_bound,10.5145796606
3024,2 GB,SCAMPI (2 GB),WindTurbine,512,lower_bound,0.0074398178
3025,2 GB,SCAMPI (2 GB),WindTurbine,1024,lower_bound,0.0051931386
3026,2 GB,SCAMPI (2 GB),WindTurbine,2048,lower_bound,0.0071114803
3027,2 GB,SCAMPI (2 GB),WindTurbine,4096,lower_bound,0.009305759700000001
3028,0.25 GB,SCAMPI (0.25 GB),FingerFlexionECoG,512,lower_bound,1e-10
3029,0.25 GB,SCAMPI (0.25 GB),FingerFlexionECoG,1024,lower_bound,7.000000000000001e-10
3030,0.25 GB,SCAMPI (0.25 GB),FingerFlexionECoG,2048,lower_bound,1.5e-09
3031,0.25 GB,SCAMPI (0.25 GB),FingerFlexionECoG,4096,lower_bound,0.0005514135
3032,1 GB,SCAMPI (1 GB),Lab_FD_061014,512,lower_bound,1.2587460143
3033,1 GB,SCAMPI (1 GB),Lab_FD_061014,1024,lower_bound,1.5241331798
3034,1 GB,SCAMPI (1 GB),Lab_FD_061014,2048,lower_bound,1.746609205
3035,1 GB,SCAMPI (1 GB),Lab_FD_061014,4096,lower_bound,3.2614149082
3036,0.25 GB,SCAMPI (0.25 GB),Lab_FD_061014,512,lower_bound,0.5482881412
3037,0.25 GB,SCAMPI (0.25 GB),Lab_FD_061014,1024,lower_bound,0.6327628725000001
3038,0.25 GB,SCAMPI (0.25 GB),Lab_FD_061014,2048,lower_bound,0.7840334653000001
3039,0.25 GB,SCAMPI (0.25 GB),Lab_FD_061014,4096,lower_bound,1.4354625481
3040,4 GB,SCAMPI (4 GB),MGHSleepElectromyography,512,lower_bound,0.9340277407
3041,4 GB,SCAMPI (4 GB),MGHSleepElectromyography,1024,lower_bound,2.2206426393
3042,4 GB,SCAMPI (4 GB),MGHSleepElectromyography,2048,lower_bound,4.1371240387
3043,4 GB,SCAMPI (4 GB),MGHSleepElectromyography,4096,lower_bound,5.8490893985
3044,8 GB,SCAMPI (8 GB),FingerFlexionECoG,512,lower_bound,1e-10
3045,8 GB,SCAMPI (8 GB),FingerFlexionECoG,1024,lower_bound,7.000000000000001e-10
3046,8 GB,SCAMPI (8 GB),FingerFlexionECoG,2048,lower_bound,1.5e-09
3047,8 GB,SCAMPI (8 GB),FingerFlexionECoG,4096,lower_bound,0.0005514135
3048,0.5 GB,SCAMPI (0.5 GB),HAR_Ambient_Sensor_Data,512,lower_bound,0.0072233809000000005
3049,0.5 GB,SCAMPI (0.5 GB),HAR_Ambient_Sensor_Data,1024,lower_bound,0.0370647426
3050,0.5 GB,SCAMPI (0.5 GB),HAR_Ambient_Sensor_Data,2048,lower_bound,0.1927807476
3051,0.5 GB,SCAMPI (0.5 GB),HAR_Ambient_Sensor_Data,4096,lower_bound,5.8226422694
3052,32 GB,SCAMPI (32 GB),MGHSleepElectromyography,512,lower_bound,0.6715736648
3053,32 GB,SCAMPI (32 GB),MGHSleepElectromyography,1024,lower_bound,3.2953240154
3054,32 GB,SCAMPI (32 GB),MGHSleepElectromyography,2048,lower_bound,5.767135386
3055,32 GB,SCAMPI (32 GB),MGHSleepElectromyography,4096,lower_bound,8.1865200346
3056,16 GB,SCAMPI (16 GB),swtAttack7,512,lower_bound,0.0017530025
3057,16 GB,SCAMPI (16 GB),swtAttack7,1024,lower_bound,1.3054698152
3058,16 GB,SCAMPI (16 GB),swtAttack7,2048,lower_bound,2.8624062079
3059,16 GB,SCAMPI (16 GB),swtAttack7,4096,lower_bound,5.0135646897
3060,32 GB,SCAMPI (32 GB),solarwind,512,lower_bound,0.5283397031
3061,32 GB,SCAMPI (32 GB),solarwind,1024,lower_bound,1.1213672122
3062,32 GB,SCAMPI (32 GB),solarwind,2048,lower_bound,3.0300046915
3063,32 GB,SCAMPI (32 GB),solarwind,4096,lower_bound,5.8922745547
3064,2 GB,SCAMPI (2 GB),HAR_Ambient_Sensor_Data,512,lower_bound,0.0072233809000000005
3065,2 GB,SCAMPI (2 GB),HAR_Ambient_Sensor_Data,1024,lower_bound,0.0370647426
3066,2 GB,SCAMPI (2 GB),HAR_Ambient_Sensor_Data,2048,lower_bound,0.1927807476
3067,2 GB,SCAMPI (2 GB),HAR_Ambient_Sensor_Data,4096,lower_bound,7.7800177631
3068,0.5 GB,SCAMPI (0.5 GB),Lab_K_060314,512,lower_bound,1.0218947719
3069,0.5 GB,SCAMPI (0.5 GB),Lab_K_060314,1024,lower_bound,1.4419950626
3070,0.5 GB,SCAMPI (0.5 GB),Lab_K_060314,2048,lower_bound,1.9892875512000001
3071,0.5 GB,SCAMPI (0.5 GB),Lab_K_060314,4096,lower_bound,2.8286642989
