,length,motif length,backend,time in s,setup in s,discovery in s,memory in MB,extent,lower_bound,motiflet,elbows,dataset,memory,version,extent @k,extent @k-lower_bound
0,7583000,512,SCAMPI (4 GB),65.8253598213,23.783497067,29.849776805,5334.0625,"[2.7440502407, 2.7440502407, 2.7440502407, 3.4106006361, 5.1462304277, 6.3153932036, 6.9244630062, 7.6754968439, 10.6172795323, 11.2186790839]",1.6757538963,"[None, None, [6627436, 6805494], [7066566, 6627438, 6805494], [6805495, 6627436, 7066562, 6810548], [2714773, 6868962, 2740767, 3157572, 2814513], [3158517, 2714761, 6868961, 2814514, 2740767, 3157570], [2707729, 2714746, 2740765, 3157573, 3158517, 6868960, 2814496], [6869212, 2714763, 2814512, 3158500, 6868956, 2740821, 2707754, 3157574], [3152993, 2674535, 2951822, 3152327, 2780431, 2669885, 3156439, 2791971, 2590957]]","[3, 7]",Lab_FD_061014,4 GB,SCAMPI (4 GB),3.3494296654654505,1.6736757691654505
1,7583000,1024,SCAMPI (4 GB),70.2075970173,27.385965944,30.73678175,5334.65625,"[8.5426704593, 8.5426704593, 8.5426704593, 11.2761603426, 11.9882139851, 13.5916181136, 15.8038990468, 18.6166599005, 21.16214471, 23.688335421]",2.2504349117,"[None, None, [2740766, 3158511], [2707728, 2740764, 2714744], [2707714, 2714738, 2740759, 3158492], [2714751, 2814496, 2740835, 2707726, 3158499], [2798735, 2714771, 2740795, 3158527, 2707751, 2814501], [2674642, 2740802, 2714757, 2707749, 2814514, 2798735, 3158531], [2707808, 2814528, 2714770, 2740821, 3158536, 2798744, 2674631, 6868944], [2951911, 2740778, 3158518, 2707740, 2714756, 2798736, 7080099, 2674605, 6437610]]",[4],Lab_FD_061014,4 GB,SCAMPI (4 GB),4.867066408114852,2.6166314964148514
2,7583000,2048,SCAMPI (4 GB),83.7749094963,27.554737788,41.623979216,5307.29296875,"[17.3289782368, 17.3289782368, 17.3289782368, 26.1321175873, 29.48156026, 32.8277021206, 35.4578751021, 39.1526546793, 43.5625922105, 48.361936948]",2.7247103597,"[None, None, [2814652, 7147733], [2814969, 2792034, 2817553], [2740902, 2716444, 2791997, 2814903], [2716434, 2740899, 2791991, 2814921, 7147944], [2792015, 2817534, 2716462, 2814926, 2740942, 7148005], [2815041, 2817600, 2792075, 7148112, 2716517, 2741035, 2778194], [2758833, 2792033, 2815024, 2716504, 2740960, 2778199, 7148036, 2817577], [7148395, 2815314, 2792131, 2716618, 2817850, 2778130, 2741088, 6802980, 2717783]]",[2],Lab_FD_061014,4 GB,SCAMPI (4 GB),6.954274724800567,4.2295643651005665
3,7583000,4096,SCAMPI (4 GB),94.4674744606,27.647981371,50.657284632,5337.03125,"[29.6936424467, 29.6936424467, 29.6936424467, 55.6304713671, 71.9648764211, 88.8735957248, 102.1103631725, 114.20776121, 126.9190021392, 130.5706974763]",4.1193925231,"[None, None, [2791974, 2817513], [2758915, 2817956, 2792858], [2791974, 2817513, 2758754, 2665405], [2965293, 2817511, 2791945, 2758733, 2665398], [2965231, 2791971, 2817509, 2758715, 2976228, 2665391], [2965339, 2817543, 2791971, 2665428, 2758788, 2976321, 2806019], [2976241, 2817514, 2758749, 2670072, 2965243, 2791965, 2772365, 2665395], [2817514, 2791978, 2758767, 2665416, 2965271, 2976352, 2806028, 2670082, 2772390]]",[2],Lab_FD_061014,4 GB,SCAMPI (4 GB),11.426753584299437,7.307361061199437
4,5983000,512,SCAMPI (1 GB),24.735758543,8.637159784,11.943027796,4598.3671875,"[0.0114649051, 0.0114649051, 0.0114649051, 0.0579207042, 0.0909013848, 0.48080577100000005, 0.6838865813, 1.1756575692, 2.0033449851, 2.466215438]",0.3628041637,"[None, None, [6703, 5943741], [6772, 5943809, 5889290], [6682, 5943720, 5889205, 1964420], [8636, 5945599, 3640956, 5821156, 2009324], [8637, 5945600, 3640957, 5821157, 2009325, 5145856], [5145892, 5821189, 5922780, 8673, 3640996, 2009360, 5945641], [3640947, 5945589, 8626, 5145845, 2009315, 5821147, 5922734, 3599632], [5945612, 3640970, 8649, 5821168, 2009338, 5145868, 5922755, 3599654, 5948800]]","[4, 6]",MGHSleepElectromyography,1 GB,SCAMPI (1 GB),1.5704188734219924,1.2076147097219923
5,5983000,1024,SCAMPI (1 GB),37.2249715328,9.033724412,22.376298439,4598.3671875,"[0.0406492336, 0.0406492336, 0.0406492336, 0.4350988665, 0.5336747202000001, 6.2660265727, 15.212398413, 52.7691406701, 137.2835048023, 241.5204104257]",0.5647560293,"[None, None, [6687, 5943724], [1964459, 5889244, 5943763], [1964455, 5889240, 5943759, 6722], [8632, 5945593, 2009320, 3640953, 5922736], [8650, 5945610, 2009337, 3640980, 5821169, 5948803], [2009390, 5945664, 8707, 3641021, 5922808, 5145934, 5191127], [2009390, 5945664, 8707, 3641021, 5922808, 5145934, 5191127, 5643511], [2009442, 5945722, 3641082, 8745, 1174608, 3599792, 5776721, 5922920, 5647196]]","[4, 6]",MGHSleepElectromyography,1 GB,SCAMPI (1 GB),15.540926948727995,14.976170919427995
6,5983000,2048,SCAMPI (1 GB),35.1396636963,15.461995887,15.168322632,4598.3671875,"[0.6584113075, 0.6584113075, 0.6584113075, 7.1439931015, 22.6258188997, 46.4064301225, 427.7869327558, 1360.870102139, 2212.6412697813, 2212.6412697813]",1.1565318607,"[None, None, [1964405, 5889190], [8616, 5945578, 2009304], [5945573, 8611, 2009299, 5922716], [5945574, 8616, 2009300, 5922717, 3640934], [5945680, 8729, 5922814, 3641051, 5135676, 3669523], [5945680, 8729, 5922814, 3641051, 5135676, 3669523, 2891626], [4527869, 2882576, 5106110, 2932526, 4627464, 5242585, 4565793, 192435], [4527869, 2882576, 5106110, 2932526, 4627464, 5242585, 4565793, 192435, 1333503]]",[5],MGHSleepElectromyography,1 GB,SCAMPI (1 GB),47.03872096242945,45.88218910172945
7,5983000,4096,SCAMPI (1 GB),35.3284385204,9.704322921,20.798550173,4598.3671875,"[1.5377527307, 1.5377527307, 1.5377527307, 138.2164152521, 448.4117342156, 1812.6554701922, 2304.2033510119, 5129.098913686, 5129.098913686, 5851.8272546263]",1.218330591,"[None, None, [1964402, 5889187], [5922682, 2009264, 5145795], [5145041, 7824, 5947964, 1173733], [5817600, 5919180, 2900733, 2873140, 2248431], [5817600, 5919180, 2900733, 2873140, 2248431, 5132078], [4526318, 74586, 5483236, 1256100, 2902927, 5955857, 5231513], [4526318, 74586, 5483236, 1256100, 2902927, 5955857, 5231513, 5819777], [4526318, 74586, 5483236, 1256100, 2902927, 5955857, 5231513, 5819777, 5588234]]","[4, 6, 8]",MGHSleepElectromyography,1 GB,SCAMPI (1 GB),76.49723690844199,75.278906317442
8,440001,512,SCAMPI (8 GB),198.4878659248,66.670667083,119.372674888,8503.625,"[4e-10, 4e-10, 4e-10, 0.18025940940000001, 0.2846429831, 0.48175502330000003, 0.6180962833, 0.7981133618, 0.9476154215, 0.9798905242]",0.6872441914,"[None, None, [3257, 46009], [148973, 346305, 347411], [184647, 208924, 261122, 364190], [345563, 182103, 344838, 272162, 184297], [261122, 208924, 184647, 186736, 364190, 263543], [200011, 262883, 177701, 193467, 208611, 181765, 179925], [199976, 241679, 177666, 193432, 208576, 157662, 181730, 179890], [200002, 262874, 177692, 193458, 208602, 157688, 181756, 179916, 99232]]",[2],Challenge2009TestSetA_101a,8 GB,SCAMPI (8 GB),0.9898941984878991,0.302650007087899
9,440001,1024,SCAMPI (8 GB),287.566352129,66.288565447,197.283270272,8569.08203125,"[2.6057079368, 2.6057079368, 2.6057079368, 5.9556068911, 9.3102431256, 11.1502696181, 18.985488583, 21.6528774069, 24.3992481519, 34.3068692744]",2.316429649,"[None, None, [353600, 354438], [436629, 421334, 435783], [358040, 354410, 437473, 353572], [411602, 418037, 419657, 417222, 354843], [419670, 417235, 354858, 411615, 352337, 418050], [419671, 417236, 354859, 411616, 352337, 418051, 438350], [419663, 417228, 411608, 354851, 352330, 418043, 355650, 438341], [354822, 417200, 419634, 353986, 411580, 418016, 358036, 438314, 437469]]",[8],Challenge2009TestSetA_101a,8 GB,SCAMPI (8 GB),5.857206610185439,3.540776961185439
10,440001,2048,SCAMPI (8 GB),273.3816962242,63.691773067,184.460367702,8697.54296875,"[32.2209170673, 32.2209170673, 32.2209170673, 69.5788289085, 101.7407005915, 148.8775510904, 174.407278039, 223.6846587393, 233.1129695646, 356.5894322463]",3.4591799902,"[None, None, [352985, 416197], [415940, 352727, 437055], [351123, 427494, 422615, 417242], [175440, 189688, 344466, 180264, 192703], [417241, 427088, 351124, 424678, 418863, 422618], [418879, 427104, 356872, 425103, 422632, 417665, 354466], [417241, 427088, 351124, 424678, 418863, 422618, 356856, 431963], [422882, 431821, 417504, 427351, 351387, 421641, 419129, 424535, 354308]]",[8],Challenge2009TestSetA_101a,8 GB,SCAMPI (8 GB),18.883575727237147,15.424395737037148
11,440001,4096,SCAMPI (8 GB),317.7964515686,61.820231584,226.499592543,8926.51171875,"[201.6495848566, 201.6495848566, 201.6495848566, 441.6069072572, 693.2626793165, 1159.2029939239, 1770.2936469007, 2360.1221106089, 3057.5240595471, 3599.2474551405]",4.928053901,"[None, None, [353641, 424277], [415807, 352604, 420776], [423095, 421032, 352860, 416064], [420757, 352587, 416213, 423236, 350518], [352199, 419119, 430537, 421207, 415805, 423262], [141344, 346465, 175593, 206502, 178176, 361758, 195763], [181270, 172433, 175351, 205897, 192225, 279561, 274886, 363000], [179986, 346034, 206454, 133833, 176282, 195345, 154094, 188281, 25888]]",[2],Challenge2009TestSetA_101a,8 GB,SCAMPI (8 GB),59.99372846506958,55.06567456406958
12,1799997,512,SCAMPI (2 GB),9.889193058,8.180966443,1.5729185620000001,4587.8828125,"[0.2998961314, 0.2998961314, 0.2998961314, 0.4830394633, 1.0975699423, 1.0975699423, 1.0975699423, 2.0149725741, 2.3152386118, 2.3152386118]",0.0073315315,"[None, None, [1362297, 1208050], [1362297, 1208050, 1090025], [1362297, 1208050, 1090025, 1693717], [1362297, 1208050, 1090025, 1693717, 65714], [1362297, 1208050, 1090025, 1693717, 65714, 1671024], [1362297, 1208050, 1090025, 1693717, 65714, 1671024, 782684], [1362297, 1208050, 1090025, 1693717, 65714, 1671024, 782684, 960101], [1362297, 1208050, 1090025, 1693717, 65714, 1671024, 782684, 960101, 599215]]",[6],Challenge2009Respiration500HZ,2 GB,SCAMPI (2 GB),1.5215908161526213,1.5142592846526213
13,1799997,1024,SCAMPI (2 GB),46.6211545467,15.291073396,23.334753865,4587.8828125,"[2.0563017518, 2.0563017518, 2.0563017518, 4.0710806949, 5.1905830676, 10.4977734245, 10.4977734245, 10.4977734245, 10.6236090927, 10.6236090927]",0.2226311674,"[None, None, [1361909, 51017], [1361909, 51017, 1279094], [1361909, 51017, 1279094, 377201], [1361909, 51017, 1279094, 377201, 1547162], [1361909, 51017, 1279094, 377201, 1547162, 130202], [1361909, 51017, 1279094, 377201, 1547162, 130202, 34215], [1361909, 51017, 1279094, 377201, 1547162, 130202, 34215, 299489], [1361909, 51017, 1279094, 377201, 1547162, 130202, 34215, 299489, 1046993]]",[7],Challenge2009Respiration500HZ,2 GB,SCAMPI (2 GB),3.2593878401779683,3.0367566727779685
14,1799997,2048,SCAMPI (2 GB),39.7909739017,6.996051822,24.469797304,4587.8828125,"[3.2983930468000002, 3.2983930468000002, 3.2983930468000002, 13.6995803898, 26.275035735, 31.8720009041, 51.5267281386, 57.1853019119, 62.6382397469, 73.7100268275]",0.6168885148000001,"[None, None, [1041749, 1531944], [1313180, 532538, 1263837], [1388782, 1478272, 877124, 1416038], [984585, 1086704, 1084465, 818177, 1088938], [1415569, 867904, 1510306, 909252, 1577658, 1103820], [1415569, 867904, 1510306, 909252, 1577658, 1103820, 1687817], [1361134, 1411720, 1096353, 1046177, 1103956, 1335443, 764712, 33426], [1361134, 1411720, 1096353, 1046177, 1103956, 1335443, 764712, 33426, 777219]]","[5, 8]",Challenge2009Respiration500HZ,2 GB,SCAMPI (2 GB),8.58545437513356,7.96856586033356
15,1799997,4096,SCAMPI (2 GB),62.5984597206,7.349728644,47.003704963,4587.8828125,"[47.5951127142, 47.5951127142, 47.5951127142, 120.5750629595, 176.9753755073, 241.4723738682, 337.0760960281, 369.1348531354, 402.3704478806, 546.9800890605]",1.2343796522,"[None, None, [363755, 992678], [537984, 1083060, 1580469], [907543, 1085003, 1082730, 1580165], [1433613, 1082926, 1582629, 1068165, 1580353], [1264150, 1082936, 1087384, 1418370, 14727, 1500176], [1418370, 1087384, 1264150, 410585, 797690, 1082936, 1500176], [1418370, 1087384, 1264150, 410585, 797690, 1082936, 1500176, 1582579], [907711, 1082927, 1068166, 1582636, 1418414, 668556, 1325936, 1110388, 1511180]]",[8],Challenge2009Respiration500HZ,2 GB,SCAMPI (2 GB),23.387605458030542,22.15322580583054
16,1330816,512,SCAMPI (16 GB),282.013389349,75.579591043,172.919547759,12384.82421875,"[1.6772400000000002e-05, 1.6772400000000002e-05, 1.6772400000000002e-05, 0.0001805504, 0.0033154766, 0.0367193799, 0.07046800040000001, 0.11017676600000001, 0.1531279137, 0.21846346690000001]",0.41464590090000003,"[None, None, [356692, 1059820], [100911, 356692, 1059820], [356692, 1059820, 100909, 463391], [356692, 1059820, 100909, 463391, 531621], [90502, 207928, 271811, 503560, 219784, 1145878], [503546, 1145864, 90488, 207914, 271797, 776497, 219770], [512760, 230755, 623340, 460512, 619857, 611713, 626814, 615219], [626805, 623330, 615209, 619847, 611702, 230745, 460502, 512750, 443514]]",[3],stator_winding,16 GB,SCAMPI (16 GB),0.467400756203924,0.052754855303923986
17,1330816,1024,SCAMPI (16 GB),294.5242035389,63.903659718,190.202203937,11655.65234375,"[0.0274897409, 0.0274897409, 0.0274897409, 0.1024989535, 0.1932482604, 0.2172123983, 0.2368409418, 0.3022364629, 0.3483269685, 0.3630988732]",0.5718159828,"[None, None, [89990, 207416], [606094, 609140, 612566], [622910, 619428, 614790, 626385], [619665, 623148, 230564, 615028, 512570], [619668, 623151, 230568, 615030, 512573, 611524], [611368, 626470, 460166, 230412, 622994, 619512, 614874], [255172, 512512, 460261, 230507, 623090, 443273, 619609, 614970], [614955, 230493, 619592, 623075, 512499, 611450, 460245, 255158, 443260]]",[6],stator_winding,16 GB,SCAMPI (16 GB),0.60257686082358,0.030760878023579963
18,1330816,2048,SCAMPI (16 GB),308.3524813652,53.311742492,204.276458687,11584.79296875,"[0.17200605330000002, 0.17200605330000002, 0.17200605330000002, 0.3672990057, 0.4295622062, 0.5547156539, 0.6229321605, 0.6398508371, 0.8463535072, 0.9058817693000001]",0.8598953142,"[None, None, [605948, 608995], [79479, 507735, 213748], [64885, 507747, 213760, 79490], [213637, 557139, 79370, 507625, 263877], [263888, 79378, 213648, 557150, 58167, 507634], [507743, 213757, 79489, 64881, 557259, 58276, 263997], [385260, 64971, 264088, 58363, 213848, 79578, 557348, 507832], [264168, 65053, 213927, 58447, 557429, 507914, 231699, 79658, 576635]]",[7],stator_winding,16 GB,SCAMPI (16 GB),0.9517782143440772,0.09188290014407718
19,1330816,4096,SCAMPI (16 GB),319.87251544,48.199079637,219.75770815,10918.8125,"[0.5279861814, 0.5279861814, 0.5279861814, 0.7977068394, 0.9004855221, 1.0952794189, 1.3648196155, 1.4578827765, 1.6619087575, 2.153873392]",1.4026375635,"[None, None, [77418, 211686], [57605, 213083, 556587], [556583, 213082, 57604, 263320], [213085, 263325, 556586, 57609, 575795], [555745, 212242, 262481, 77973, 574950, 495427], [213044, 263283, 556549, 57567, 78779, 575753, 438862], [575784, 263316, 556582, 213075, 78806, 57602, 438893, 496263], [78763, 213032, 496217, 263267, 575743, 438849, 57556, 6978, 556535]]",[8],stator_winding,16 GB,SCAMPI (16 GB),1.4676080512180356,0.06497048771803571
20,5983000,512,SCAMPI (8 GB),149.2406401634,26.1601578,89.693132574,9308.23828125,"[0.0114649051, 0.0114649051, 0.0114649051, 0.0579207042, 0.0907252424, 0.47997520850000003, 0.6838865813, 1.1711538362, 1.6279378989, 2.1956043177]",0.7024506149,"[None, None, [6703, 5943741], [6772, 5943809, 5889290], [1964419, 5943719, 6682, 5889204], [2009321, 5945596, 8634, 5821153, 3640953], [5945600, 3640958, 8637, 5821157, 2009325, 5145856], [5821186, 8670, 5945632, 2009358, 3640989, 5145889, 5922778], [5945563, 8600, 2009289, 3640920, 5821122, 3599603, 5145818, 5922706], [5945605, 3640963, 8642, 5821162, 2009331, 5145861, 5922747, 3599646, 5948787]]","[4, 6]",MGHSleepElectromyography,8 GB,SCAMPI (8 GB),1.4817571723126566,0.7793065574126565
21,5983000,1024,SCAMPI (8 GB),155.815559864,26.178127421,93.753824411,9338.8203125,"[0.0406492336, 0.0406492336, 0.0406492336, 0.4350988665, 0.5336747202000001, 6.0052409776, 9.4979145791, 12.8489751576, 19.0006027369, 24.3339896712]",1.1240289903,"[None, None, [6687, 5943724], [1964459, 5889244, 5943763], [5943759, 6722, 1964455, 5889240], [2009288, 5945562, 8599, 3640919, 5922705], [2009333, 5945606, 8646, 3640964, 5821160, 5145864], [3640966, 2009334, 5945607, 8648, 5145870, 5948796, 5821165], [5945628, 8668, 2009354, 3640986, 5821174, 5922772, 5145888, 5948807], [5945628, 8668, 2009354, 3640986, 5821174, 5922772, 5145888, 5948807, 1174544]]",[4],MGHSleepElectromyography,8 GB,SCAMPI (8 GB),4.932949388672055,3.808920398372055
22,5983000,2048,SCAMPI (8 GB),141.0005545616,30.568472681,80.309782134,9293.66015625,"[0.6584113075, 0.6584113075, 0.6584113075, 7.1425432956, 22.580978811, 45.8474099475, 64.7872248878, 101.8428076974, 381.6005414287, 590.6865298222]",1.9948234108,"[None, None, [1964405, 5889190], [8618, 5945580, 2009306], [5945565, 8602, 2009291, 5922708], [8605, 5945567, 2009293, 5922705, 3640918], [8606, 5945568, 2009295, 5922705, 3640918, 5145816], [8674, 5945633, 2009359, 5922796, 5145896, 1174539, 3641010], [2009303, 5945577, 8615, 5922712, 3640923, 1174500, 5948746, 5776642], [8696, 5945652, 2009375, 3641003, 1174549, 5191107, 5948827, 5135648, 4442856]]",[7],MGHSleepElectromyography,8 GB,SCAMPI (8 GB),24.30404348708667,22.30922007628667
23,5983000,4096,SCAMPI (8 GB),171.1470072269,27.758553468,104.523605723,9270.08984375,"[1.5377527307, 1.5377527307, 1.5377527307, 67.6671853396, 138.2164152521, 269.2659308958, 497.6586081053, 4211.7810134238, 5129.098913686, 5851.8272546263]",2.4090971415,"[None, None, [1964402, 5889187], [5939493, 5884904, 2426], [5922682, 8582, 2009264, 5145795], [8686, 2009371, 5145902, 3640981, 5922755], [8668, 2009347, 5922783, 5145874, 3640955, 2609341], [2009149, 3640761, 5945423, 8471, 5268011, 1174336, 4433115], [4526318, 74586, 5483236, 1256100, 2902927, 5955857, 5231513, 5819777], [4526318, 74586, 5483236, 1256100, 2902927, 5955857, 5231513, 5819777, 5588234]]",[6],MGHSleepElectromyography,8 GB,SCAMPI (8 GB),76.49723690844199,74.08813976694199
24,1288330,512,SCAMPI (0.25 GB),12.7710852623,4.7734963630000005,6.74336954,16549.9453125,"[0.1109926349, 0.1109926349, 0.1109926349, 0.1543028387, 0.5770056424000001, 0.8575086988, 1.2733070491, 1.5228194734, 2.0089723716, 2.0089723716]",0.2441363087,"[None, None, [865164, 1036404], [1036352, 520950, 865112], [204255, 1181034, 466982, 1251991], [466979, 587356, 1181032, 204253, 1251989], [18922, 916258, 944863, 1131575, 784179, 587453], [916270, 18933, 944876, 587465, 784191, 837772, 578092], [944869, 18928, 916262, 1147954, 463960, 236654, 510585, 698651], [944869, 18928, 916262, 1147954, 463960, 236654, 510585, 698651, 27647]]",[3],BlackLeggedKittiwake,0.25 GB,SCAMPI (0.25 GB),1.417382224948514,1.173245916248514
25,1288330,1024,SCAMPI (0.25 GB),16.6420433521,4.657581262,10.554011408,16210.515625,"[0.5273624798000001, 0.5273624798000001, 0.5273624798000001, 1.1903537084, 2.2884501405, 3.0309656347, 4.714628022, 6.6420224319, 7.7236363169, 7.7236363169]",0.32486561140000003,"[None, None, [688056, 772016], [67850, 1131667, 837851], [473143, 1131666, 67851, 837853], [67811, 837812, 473105, 147167, 1131629], [67811, 837812, 473105, 147167, 1131629, 784232], [67797, 837800, 1131613, 1102924, 1021994, 236686, 784221], [236696, 1131619, 944914, 1022002, 756540, 843060, 879588, 473099], [236696, 1131619, 944914, 1022002, 756540, 843060, 879588, 473099, 67805]]",[5],BlackLeggedKittiwake,0.25 GB,SCAMPI (0.25 GB),2.7791430903967504,2.4542774789967505
26,1288330,2048,SCAMPI (0.25 GB),11.92735672,3.013573349,7.687614992,12703.22265625,"[3.7321010675, 3.7321010675, 3.7321010675, 6.8880805205, 15.1572891081, 21.3358290837, 33.630102056, 66.0494711792, 95.8100050174, 151.9748246908]",0.4464628237,"[None, None, [236679, 944893], [756402, 1021861, 673049], [16158, 672451, 1060158, 1130883], [771255, 659567, 49079, 1178109, 746181], [672548, 1130979, 1060253, 16263, 418382, 236046], [1021504, 672692, 236199, 842543, 640474, 1180659, 1060380], [672567, 1130999, 16274, 236065, 1021380, 837195, 1118487, 880823], [660217, 687940, 771941, 49769, 83018, 746784, 855204, 489824, 233257]]","[3, 6]",BlackLeggedKittiwake,0.25 GB,SCAMPI (0.25 GB),12.327806970049458,11.88134414634946
27,1288330,4096,SCAMPI (0.25 GB),12.6648533344,2.337776205,9.082105316,12703.22265625,"[13.4919056765, 13.4919056765, 13.4919056765, 20.862595275, 53.5296112594, 114.0595023552, 142.905304681, 198.6546982555, 230.6399018541, 275.5547100402]",0.6667377034,"[None, None, [47301, 657790], [685638, 47421, 657908], [47688, 685910, 769873, 658204], [852900, 328922, 457660, 744471, 47393], [852900, 328922, 457660, 744471, 47393, 1176406], [852900, 328922, 457660, 744471, 47393, 1176406, 80625], [950326, 81564, 686459, 853767, 488388, 930803, 48204, 993947], [950326, 81564, 686459, 853767, 488388, 930803, 48204, 993947, 745247]]",[3],BlackLeggedKittiwake,0.25 GB,SCAMPI (0.25 GB),16.59984066309674,15.933102959696738
28,5231008,512,SCAMPI (0.5 GB),9.5865130424,2.798386453,4.378064531,4599.2578125,"[0.0014641571, 0.0014641571, 0.0014641571, 0.0077828904, 0.0144594448, 0.0325735969, 0.0397154393, 0.053992419800000004, 0.059800411500000004, 0.0651676902]",0.1711158099,"[None, None, [832883, 1802945], [832356, 2201633, 1802418], [156871, 1802417, 832355, 2201632], [695985, 4889906, 3428506, 4357006, 4587946], [696027, 4889948, 3428548, 4357048, 4587988, 3326408], [695987, 4889908, 3428508, 4357008, 4587948, 1561991, 3326368], [696032, 4889953, 3428553, 4357053, 4587993, 3326413, 1562036, 2157878], [4587909, 3428469, 4889869, 3326329, 4356969, 4859689, 695948, 2254129, 2477689]]",[4],WindTurbine,0.5 GB,SCAMPI (0.5 GB),0.2552796313848796,0.08416382148487958
29,5231008,1024,SCAMPI (0.5 GB),11.9336578846,2.538569021,6.503428855,4599.2578125,"[0.0051545205, 0.0051545205, 0.0051545205, 0.041534156100000004, 0.08772151360000001, 0.0957116115, 0.1470861403, 0.1664422026, 0.1914527302, 0.2116932547]",0.3894853942,"[None, None, [831835, 1801897], [831852, 1801914, 2201129], [2254090, 3428430, 4356930, 4587870], [3428419, 4356919, 2254079, 695898, 4587859], [3428420, 4356920, 2254080, 695899, 4587860, 3326280], [2009753, 4356768, 3428268, 695747, 1561751, 2253928, 2682668], [4356921, 3428421, 695900, 2254081, 2009906, 4587861, 1561904, 2682821], [2254078, 3428418, 4356918, 4587858, 695897, 3326278, 2157743, 4101758, 2682818]]",[5],WindTurbine,0.5 GB,SCAMPI (0.5 GB),0.46010135263874197,0.07061595843874197
30,5231008,2048,SCAMPI (0.5 GB),14.1451706886,2.980505676,8.100471339,4599.2578125,"[0.1318739939, 0.1318739939, 0.1318739939, 0.1872445116, 0.2472960458, 0.3111371059, 0.4204896582, 0.5128742559, 0.6981609731, 0.8290595607]",0.3911314189,"[None, None, [2253648, 4356488], [4356599, 695578, 2253759], [1561138, 4356155, 695134, 2253315], [695267, 4356288, 2253448, 1561271, 2157113], [4356373, 2253533, 1561356, 695351, 2009358, 2097378], [2253511, 4356351, 695330, 1561334, 2682251, 2009336, 2097356], [3163193, 4356283, 695262, 2253443, 2157108, 2097288, 2682183, 1561266], [2045648, 1561286, 695281, 2253463, 2157127, 4356304, 2097308, 3325663, 3163213]]",[7],WindTurbine,0.5 GB,SCAMPI (0.5 GB),0.9105270785100243,0.5193956596100243
31,5231008,4096,SCAMPI (0.5 GB),17.8118033409,3.604525458,10.836800252,4599.2578125,"[0.37866984870000003, 0.37866984870000003, 0.37866984870000003, 0.5262939285, 0.5451716296, 1.0211143566, 1.7498809512, 1.8647595644000001, 2.0529226743, 2.3007185635]",0.5304283041,"[None, None, [694267, 4355288], [694033, 4355054, 2252214], [2252150, 4354990, 693969, 1559973], [4355431, 694409, 2252591, 1560413, 2681330], [4356352, 695331, 2253512, 2009337, 3325712, 1561335], [4356343, 695323, 3325703, 2253504, 2009329, 1561327, 2682243], [1935098, 907216, 878216, 2038323, 2170947, 2481711, 886842, 3282322], [1935098, 907216, 878216, 2038323, 2170947, 2481711, 886842, 3282322, 1951256]]",[4],WindTurbine,0.5 GB,SCAMPI (0.5 GB),1.516811973680324,0.9863836695803241
32,440001,512,SCAMPI (1 GB),44.9269068241,9.764794506,30.953955561,4561.69921875,"[4e-10, 4e-10, 4e-10, 0.18025940940000001, 0.2846429831, 0.48175502330000003, 0.6180962833, 0.7981133618, 0.9476154215, 0.9795529524000001]",0.9591210143000001,"[None, None, [3257, 46009], [148973, 346305, 347411], [184647, 208924, 261122, 364190], [345563, 182103, 344838, 272162, 184297], [261122, 208924, 184647, 186736, 364190, 263543], [200018, 262890, 177708, 193474, 208618, 181772, 179932], [199975, 241678, 177665, 193431, 208575, 157661, 181729, 179889], [200031, 262903, 177721, 193487, 157717, 181785, 208631, 99261, 179945]]",[2],Challenge2009TestSetA_101a,1 GB,SCAMPI (1 GB),0.9897236747698824,0.03060266046988236
33,440001,1024,SCAMPI (1 GB),45.8325500488,9.738690612,32.259409792,4563.69921875,"[2.6057079368, 2.6057079368, 2.6057079368, 5.9556068911, 9.5800474367, 11.1502696181, 18.985488583, 23.8051680957, 27.5814503378, 34.0627199922]",1.7386848424,"[None, None, [353592, 354430], [421334, 435783, 436629], [411579, 419635, 354821, 417199], [419654, 417219, 411600, 354843, 418034], [419671, 417236, 411615, 352337, 354861, 418051], [419640, 417205, 411586, 354828, 418023, 353991, 358039], [419665, 417230, 411610, 354853, 352331, 418045, 355654, 438343], [419646, 417211, 411591, 354833, 418026, 438325, 353999, 358045, 437481]]",[5],Challenge2009TestSetA_101a,1 GB,SCAMPI (1 GB),5.836327611794938,4.0976427693949375
34,440001,2048,SCAMPI (1 GB),43.7679903507,9.866728231,30.101523579,4563.69921875,"[32.2292940525, 32.2292940525, 32.2292940525, 69.6616851551, 101.9390496826, 158.0792041338, 190.2994846655, 280.7605428984, 478.2365550672, 526.0229945341]",2.417539274,"[None, None, [352983, 416195], [415941, 352729, 437056], [422596, 351104, 427474, 417222], [417572, 418785, 425009, 427419, 422537], [417205, 351088, 425046, 422582, 418826, 427459], [351125, 427489, 422621, 416834, 354442, 418049, 424676], [355742, 426375, 427984, 417741, 425180, 418962, 423123, 432462], [283957, 207495, 346718, 181396, 188979, 281160, 180297, 344859, 98857]]",[6],Challenge2009TestSetA_101a,1 GB,SCAMPI (1 GB),22.935191181546756,20.517651907546757
35,440001,4096,SCAMPI (1 GB),43.6463494301,8.562860084,31.329987506,4563.69921875,"[201.8406556975, 201.8406556975, 201.8406556975, 514.4941760441, 814.5684854023, 1766.8177562765, 1954.3226563792, 2313.4841839549, 2998.177181236, 3688.7331729964]",3.0008819844,"[None, None, [353744, 424381], [424110, 353880, 416676], [352876, 416081, 420637, 422705], [140834, 345575, 176567, 178800, 188969], [419901, 430484, 415350, 435618, 351321, 422386], [140834, 345575, 176567, 178800, 188969, 206351, 362722], [206784, 345633, 175492, 180674, 131604, 27677, 195665, 165879], [206784, 345633, 175492, 180674, 131604, 27677, 195665, 165879, 275411]]",[4],Challenge2009TestSetA_101a,1 GB,SCAMPI (1 GB),60.73494194445566,57.73405996005566
36,8066432,512,SCAMPI (2 GB),39.6904945374,6.0150544,22.485611382,4582.68359375,"[0.0778829088, 0.0778829088, 0.0778829088, 0.14888465450000002, 0.3044597079, 0.3423013707, 0.4907456363, 0.5167956902, 0.7682354087000001, 0.8242654799]",0.1809382545,"[None, None, [4736812, 8016494], [2194843, 1951625, 3663371], [1475753, 271788, 134654, 1299543], [2204447, 1157561, 1251118, 1635702, 2848366], [7425211, 1738407, 1506508, 8018934, 6254103, 7448070], [1738411, 7425215, 1506512, 7448074, 6254107, 8018938, 2956255], [1635876, 6175892, 2195551, 194408, 1475044, 3771731, 1251274, 2204614], [1506482, 6254080, 7425177, 1738370, 1305021, 5724574, 5988723, 2219514, 165811]]","[3, 5, 7]",solarwind,2 GB,SCAMPI (2 GB),0.9078906761829862,0.7269524216829862
37,8066432,1024,SCAMPI (2 GB),47.3653788567,10.066817413,25.448498581,4582.68359375,"[0.3907376098, 0.3907376098, 0.3907376098, 0.6914564447, 1.6231675298000001, 2.1863816141, 3.2951144146, 4.7382286707, 5.2273939416, 6.3209475716]",0.2868613799,"[None, None, [271608, 1475574], [1251053, 2204370, 1635646], [1251062, 2204379, 1635646, 7464459], [1635634, 2204358, 1251046, 7323722, 1264665], [6901759, 1299290, 1861551, 233233, 2026, 679265], [5570029, 3195939, 6175419, 630268, 1624241, 668192, 7397344], [5570028, 3195939, 6175419, 1624241, 630266, 668192, 7397344, 1089512], [5570028, 3195939, 6175419, 1624241, 630266, 668192, 7397344, 1089512, 6304561]]","[3, 8]",solarwind,2 GB,SCAMPI (2 GB),2.5141494728038745,2.2272880929038745
38,8066432,2048,SCAMPI (2 GB),55.5905418396,14.07454054,29.553225866000002,4582.68359375,"[4.0223202916, 4.0223202916, 4.0223202916, 11.7833985108, 35.349521163, 46.1744235855, 70.2592151996, 79.7365122894, 113.7769883559, 119.7295624598]",0.3853621927,"[None, None, [3627319, 3662207], [3306696, 2035512, 1861267], [334280, 5989709, 329163, 4831517], [4774479, 4183481, 2203344, 2502062, 1411736], [3662330, 3615292, 1411841, 14558, 517381, 5462757], [1568501, 14603, 6124086, 5829989, 1826758, 7290571, 34130], [7694958, 269778, 7762126, 2485373, 2502318, 1154387, 1833042, 5508017], [3305248, 1568488, 2502217, 7340786, 6376214, 2039228, 2847285, 2031079, 1534179]]","[3, 5, 7]",solarwind,2 GB,SCAMPI (2 GB),10.942100459226282,10.556738266526281
39,8066432,4096,SCAMPI (2 GB),59.4949810505,13.111031994,36.470310472,4582.68359375,"[51.6230019489, 51.6230019489, 51.6230019489, 154.0632756627, 295.6584954318, 483.2308361146, 751.349913094, 1048.3684826958, 1146.8182466839, 1503.0044295603]",0.5178224632,"[None, None, [2035502, 3306672], [4828602, 4269375, 1517919], [4549656, 270662, 1179397, 7695798], [1179854, 1215581, 1013055, 271215, 381348], [1179854, 1215581, 1013055, 271215, 381348, 1614713], [4754744, 1820329, 2802491, 827325, 2363133, 1198235, 1875904], [336543, 1198244, 3596700, 4754749, 250356, 2802499, 1174918, 7980010], [330945, 3858462, 2239291, 4626723, 1407291, 6334659, 3185944, 5920227, 2006716]]",[8],solarwind,2 GB,SCAMPI (2 GB),38.768601078196,38.250778614996
40,1439997,512,SCAMPI (4 GB),96.0106418133,21.478028597,61.66356735,9968.2578125,"[0.31258416040000003, 0.31258416040000003, 0.31258416040000003, 1.0043555618, 1.6341505172, 2.6363846346, 3.4074067778, 4.6496292496, 5.9184178927, 6.760464085]",0.5797987109,"[None, None, [779914, 812268], [778808, 780068, 775433], [775433, 778807, 780075, 3222], [778805, 780065, 775432, 3220, 531159], [691284, 775383, 531109, 780010, 778761, 3168], [752041, 314204, 3202, 215180, 673178, 565055, 531153], [775386, 691286, 778766, 531110, 780006, 3163, 686430, 802380], [215149, 565036, 780038, 673151, 752003, 314185, 1180087, 3183, 346833]]",[2],EOG_one_hour_400_Hz,4 GB,SCAMPI (4 GB),2.600089245583697,2.020290534683697
41,1439997,1024,SCAMPI (4 GB),97.2388131618,19.450692213,64.139600337,9968.2578125,"[10.0140264691, 10.0140264691, 10.0140264691, 18.4677070893, 34.5247708858, 51.2773675117, 72.7773390129, 113.8549940148, 137.381045495, 169.9012097727]",0.8930814944000001,"[None, None, [239121, 1324514], [775416, 780043, 1180100], [801487, 1368729, 722279, 1180432], [801487, 1368729, 722279, 1180432, 464916], [1180494, 722332, 809441, 806297, 11003, 953429], [239155, 273184, 675324, 974533, 1280840, 348244, 860531], [223094, 348232, 310488, 497335, 675327, 672992, 286406, 1179890], [672923, 214976, 507583, 860430, 833686, 1070705, 675291, 310480, 1178110]]",[2],EOG_one_hour_400_Hz,4 GB,SCAMPI (4 GB),13.034615827583872,12.141534333183872
42,1439997,2048,SCAMPI (4 GB),131.2199106216,18.978939059000002,97.413354099,9968.2578125,"[74.6421974366, 74.6421974366, 74.6421974366, 143.6710924541, 267.9077629951, 634.7469730117, 775.802286521, 933.3002189808, 1027.7757609494, 1496.4441620544]",1.1485792598,"[None, None, [507203, 1263636], [1322698, 237326, 608323], [1324570, 239204, 497383, 223145], [860419, 1324456, 625570, 183516, 917261], [334354, 579870, 759583, 563081, 271400, 368672], [334354, 579870, 759583, 563081, 271400, 807138, 368672], [334354, 579870, 759583, 563081, 271400, 807138, 368672, 611019], [497360, 917252, 675259, 239209, 612758, 714608, 589329, 1295575, 1280861]]","[4, 8]",EOG_one_hour_400_Hz,4 GB,SCAMPI (4 GB),38.6839005537756,37.5353212939756
43,1439997,4096,SCAMPI (4 GB),132.7267203331,19.03221998,99.819807064,9968.2578125,"[330.4565337051, 330.4565337051, 330.4565337051, 590.3132857273, 1121.3501510306, 1847.0301625925, 3090.7918358581, 4340.5144970664, 5403.2010261194, 6203.5944351411]",1.8863910467,"[None, None, [237780, 1323153], [220739, 236765, 1322126], [1117448, 180856, 1321866, 607483], [1120140, 1324532, 348239, 239184, 686377], [496409, 268037, 611737, 1119127, 78409, 720856], [960091, 638931, 468265, 1236674, 1188412, 621081, 832909], [214087, 1285532, 620839, 1179078, 1384348, 34273, 1345055, 1227363], [1087046, 1388269, 869264, 1165315, 966602, 1345441, 11000, 1412316, 752965]]",[3],EOG_one_hour_400_Hz,4 GB,SCAMPI (4 GB),78.76290011890814,76.87650907220814
44,449919,512,SCAMPI (2 GB),1.0174770355,0.852234135,0.10854142900000001,8756.234375,"[0.0, 0.0, 0.0, 0.0, 4.1294e-06, 2.48571e-05, 4.80124e-05, 7.64758e-05, 0.0001285675, 0.000143033]",0.0075740331000000004,"[None, None, [230909, 66059], [156525, 181573, 233997], [156525, 181573, 233997, 69457], [156531, 181579, 234003, 69463, 74244], [156531, 181579, 234003, 69463, 74244, 328310], [156531, 181579, 234003, 69463, 74244, 328310, 103771], [69463, 234003, 74244, 328310, 103771, 181579, 92529, 156531], [165785, 211072, 188717, 48362, 417337, 374642, 415339, 115242, 245098]]",[4],swtAttack7,2 GB,SCAMPI (2 GB),0.011959640462823287,0.004385607362823287
45,449919,1024,SCAMPI (2 GB),76.5405335426,15.817784756,54.666152086,8756.234375,"[0.0, 0.0, 0.0, 3.086e-07, 0.3452807992, 1.8162050922, 1.9849202653, 2.2180866828, 2.417386391, 2.5960712083]",1.5932060194,"[None, None, [57053, 232626], [56702, 230960, 386991], [56704, 230962, 386993, 95364], [404973, 401094, 415542, 301952, 399696], [404974, 401095, 301953, 399696, 415542, 308019], [411654, 301927, 401070, 335218, 399671, 415517, 446114], [446135, 399693, 301949, 401093, 415540, 308018, 404971, 394355], [411669, 301942, 335233, 415532, 399687, 401087, 308010, 394348, 446128]]",[3],swtAttack7,2 GB,SCAMPI (2 GB),1.6112328224995915,0.018026803099591593
46,449919,2048,SCAMPI (2 GB),73.4604077339,17.514139543,50.656367694,8756.234375,"[0.9047688931000001, 0.9047688931000001, 0.9047688931000001, 2.748989724, 4.5109382615, 7.183308127, 10.0106648745, 12.0919067438, 13.8755896563, 16.1745725164]",2.3122294303,"[None, None, [299081, 309480], [298988, 309387, 432845], [432913, 299056, 309455, 340581], [281518, 351178, 346272, 356308, 366858], [356305, 366858, 351175, 346268, 281514, 273683], [346196, 351102, 366785, 281442, 273610, 356231, 361571], [393338, 414524, 292338, 403953, 300932, 398672, 425138, 388020], [403939, 300918, 414508, 398660, 393323, 292322, 425124, 388005, 382679]]",[2],swtAttack7,2 GB,SCAMPI (2 GB),4.021762364486495,1.709532934186495
47,449919,4096,SCAMPI (2 GB),89.060526371,16.17242456,66.331864381,8756.234375,"[6.1782433662, 6.1782433662, 6.1782433662, 20.8461964208, 35.0933819443, 41.088444347, 78.648002353, 132.6014276726, 163.8198117303, 235.2452718622]",3.1153808393,"[None, None, [309258, 432716], [309041, 432499, 298642], [385971, 396623, 408614, 332175], [396611, 385954, 417843, 332158, 408595], [396622, 385969, 332167, 408609, 417843, 326642], [348984, 359455, 385859, 396517, 408497, 417746, 332063], [214782, 119828, 111065, 161512, 227140, 169537, 104445, 128582], [161481, 111101, 169583, 119850, 214846, 178615, 227123, 128601, 183893]]","[5, 8]",swtAttack7,2 GB,SCAMPI (2 GB),15.33770751651628,12.22232667721628
48,6375000,512,SCAMPI (0.5 GB),5.9741785526,5.341798326,0.128969661,4597.46484375,"[0.0, 0.0, 0.0, 0.0, 0.0, 0.0, 0.0, 0.0, 0.0, 0.0]",0.0,"[None, None, [4825795, 4824795], [4825795, 4824795, 4826795], [4825795, 4824795, 4826795, 4827795], [4825795, 4824795, 4826795, 4827795, 4828795], [4825795, 4824795, 4826795, 4827795, 4828795, 4830795], [4825795, 4824795, 4826795, 4827795, 4828795, 4830795, 4831795], [4825795, 4824795, 4826795, 4827795, 4828795, 4830795, 4831795, 4832795], [4825795, 4824795, 4826795, 4827795, 4828795, 4830795, 4831795, 4832795, 4833795]]",[2],CinC_Challenge,0.5 GB,SCAMPI (0.5 GB),0.0,0.0
49,6375000,1024,SCAMPI (0.5 GB),8.3716235161,7.73030782,0.132354098,4597.46484375,"[0.0, 0.0, 0.0, 0.0, 0.0, 0.0, 0.0, 0.0, 0.0, 0.0]",0.0,"[None, None, [4823591, 4824591], [4823591, 4824591, 4825591], [4823591, 4824591, 4825591, 4826591], [4823591, 4824591, 4825591, 4826591, 4827591], [4823591, 4824591, 4825591, 4826591, 4827591, 4828591], [4823591, 4824591, 4825591, 4826591, 4827591, 4828591, 4829591], [4823591, 4824591, 4825591, 4826591, 4827591, 4828591, 4829591, 4830591], [4823591, 4824591, 4825591, 4826591, 4827591, 4828591, 4829591, 4830591, 4831591]]",[2],CinC_Challenge,0.5 GB,SCAMPI (0.5 GB),0.0,0.0
50,6375000,2048,SCAMPI (0.5 GB),8.2580938339,7.354721042,0.37208844500000005,4597.46484375,"[0.0, 0.0, 0.0, 0.0, 0.0, 0.0, 0.0, 0.0, 0.0, 0.0]",0.0,"[None, None, [4824632, 4833632], [4824632, 4833632, 4838632], [4824632, 4833632, 4838632, 4827632], [4824632, 4833632, 4838632, 4827632, 4829632], [4824632, 4833632, 4838632, 4827632, 4829632, 4831632], [4824632, 4833632, 4838632, 4827632, 4829632, 4831632, 4835632], [4824632, 4833632, 4838632, 4827632, 4829632, 4831632, 4835632, 4841632], [4824632, 4833632, 4838632, 4827632, 4829632, 4831632, 4835632, 4841632, 4843632]]",[2],CinC_Challenge,0.5 GB,SCAMPI (0.5 GB),0.0,0.0
51,6375000,4096,SCAMPI (0.5 GB),8.5481169224,7.356996625,0.6910821810000001,4597.46484375,"[0.0, 0.0, 0.0, 0.0, 0.0, 0.0, 0.0, 0.0, 0.0, 0.0]",0.0,"[None, None, [4823239, 4826239], [4823239, 4826239, 4829239], [4823239, 4826239, 4829239, 4832239], [4823239, 4826239, 4829239, 4832239, 4835239], [4823239, 4826239, 4829239, 4832239, 4835239, 4838239], [4823239, 4826239, 4829239, 4832239, 4835239, 4838239, 4841239], [4823239, 4826239, 4829239, 4832239, 4835239, 4838239, 4841239, 4844239], [4823239, 4826239, 4829239, 4832239, 4835239, 4838239, 4841239, 4844239, 4847239]]",[2],CinC_Challenge,0.5 GB,SCAMPI (0.5 GB),0.0,0.0
52,2100777,512,SCAMPI (0.5 GB),2.8157405853,2.359741885,0.213351106,4593.8828125,"[1.2880000000000002e-07, 1.2880000000000002e-07, 1.2880000000000002e-07, 6.408067358e-20, 1.622913815e-19, 7.963493883e-18, 6e-10, 9e-10, 1.3e-09, 1.7000000000000001e-09]",4.0757700000000005e-05,"[None, None, [192066, 584002], [595681, 616681, 1009141], [595681, 616681, 1009141, 1014793], [674461, 595681, 616681, 1009141, 1014793], [674461, 595681, 616681, 1009141, 1014793, 48769], [674461, 595681, 616681, 1009141, 1014793, 48769, 25437], [674461, 595681, 616681, 1009141, 1014793, 48769, 25437, 2011193], [674461, 595681, 616681, 1009141, 1014793, 48769, 25437, 2011193, 37329]]",[2],water,0.5 GB,SCAMPI (0.5 GB),4.123105625617661e-05,4.733562561766048e-07
53,2100777,1024,SCAMPI (0.5 GB),3.994345665,3.715970291,0.10276312900000001,4593.8828125,"[1.768359881e-19, 1.768359881e-19, 1.768359881e-19, 9.463436596e-18, 1.41e-08, 3.84e-08, 2.164e-07, 2.852e-07, 4.372e-07, 6.642e-07]",0.0008149733000000001,"[None, None, [24901, 53793], [76817, 24901, 53793], [76817, 24901, 53793, 30445], [24901, 53793, 30445, 726069, 76817], [48767, 151639, 221251, 169299, 800991, 204015], [48767, 151639, 221251, 169299, 800991, 204015, 1031307], [48766, 151638, 221250, 169298, 800990, 204014, 1031306, 365102], [48767, 151639, 221251, 169299, 800991, 204015, 1031307, 365103, 411279]]",[2],water,0.5 GB,SCAMPI (0.5 GB),0.0008149846624323675,1.1362432367385822e-08
54,2100777,2048,SCAMPI (0.5 GB),16.1520261765,4.005327493,9.544909739,4593.8828125,"[5.2049556171, 5.2049556171, 5.2049556171, 14.3827959007, 24.5554073416, 34.65436233, 40.2997551526, 54.9294691417, 64.4932648859, 75.667009406]",0.4316639919,"[None, None, [179277, 1629766], [1330224, 1635470, 1768144], [909032, 1214424, 736182, 1191174], [1082193, 863272, 1353230, 242779, 673123], [435742, 1008462, 1480803, 1400320, 1855273, 720346], [1014091, 1837933, 716200, 1722768, 1152338, 1659389, 1348388], [560591, 435757, 1152144, 1008466, 76830, 1855265, 362141, 53732], [1013922, 1757125, 939001, 1855333, 1348213, 1722581, 1256035, 716016, 1745631]]",[6],water,0.5 GB,SCAMPI (0.5 GB),8.69867860114397,8.267014609243969
55,2100777,4096,SCAMPI (0.5 GB),13.5438866615,3.690927446,7.613688907,4593.8828125,"[58.3595937775, 58.3595937775, 58.3595937775, 85.1412401062, 196.1259022765, 272.2353504777, 322.3822606285, 338.5547330264, 352.2717742946, 468.013074271]",0.5642181646000001,"[None, None, [136689, 872555], [1190689, 908557, 850869], [786454, 936345, 575043, 1754288], [161605, 609265, 288314, 334005, 1571433], [786454, 936345, 575043, 1754288, 1299236, 1875313], [1587288, 136931, 872799, 309533, 976305, 901438, 705762], [1587288, 136931, 872799, 309533, 976305, 901438, 705762, 142843], [1587288, 136931, 872799, 309533, 976305, 901438, 705762, 142843, 1258752]]","[3, 8]",water,0.5 GB,SCAMPI (0.5 GB),21.63360982986889,21.069391665268892
56,180000,512,SCAMPI (1 GB),58.4955637455,13.280392757,41.135610968,1317.37890625,"[16.9484954762, 16.9484954762, 16.9484954762, 24.2592714294, 37.9255225975, 66.4437095133, 85.3892018072, 94.9392552352, 116.69052541800001, 129.1482889008]",2.1459172054,"[None, None, [145579, 160801], [62996, 83661, 974], [62947, 83611, 924, 107037], [29499, 139620, 165173, 75877, 22544], [29499, 139620, 165173, 75877, 22544, 27499], [139547, 26393, 113496, 155606, 115478, 165096, 70129], [139547, 26393, 113496, 155606, 115478, 165096, 70129, 166163], [139547, 26393, 113496, 155606, 115478, 33161, 165096, 70129, 166163]]","[4, 7]",EOG_one_hour_50_Hz,1 GB,SCAMPI (1 GB),11.364342871490635,9.218425666090635
57,180000,1024,SCAMPI (1 GB),62.1078236103,12.939896393,45.030842218,1336.37890625,"[74.5527298006, 74.5527298006, 74.5527298006, 139.5491555227, 272.2548068872, 404.0952183026, 549.0801057705, 637.1790636254, 819.8779992207, 1141.4062214599]",3.1714585944,"[None, None, [62537, 83202], [62613, 83281, 595], [27567, 29567, 165242, 22613], [22421, 9407, 26350, 145037, 116208], [62497, 83165, 103247, 94343, 468, 36698], [65479, 94267, 21252, 30507, 74668, 83092, 25829], [155204, 139143, 32755, 21279, 43780, 144535, 71843, 47897], [9020, 144654, 28995, 65455, 83221, 40241, 43620, 25978, 100630]]","[3, 7]",EOG_one_hour_50_Hz,1 GB,SCAMPI (1 GB),33.78470395696698,30.61324536256698
58,180000,2048,SCAMPI (1 GB),58.3430480957,14.052994031,40.217346848,1363.234375,"[375.0888927048, 375.0888927048, 375.0888927048, 578.0453248639, 1148.8969083179, 1625.3716939465, 2280.9917899636, 2280.9917899636, 2280.9917899636, 2584.8092085578]",4.4985216321,"[None, None, [157739, 167974], [82103, 68708, 24838], [64446, 24943, 31706, 143630], [20423, 28172, 143845, 93441, 156138], [134718, 156784, 84563, 21875, 167020, 8851], [134718, 156784, 84563, 21875, 167020, 8851, 61094], [134718, 156784, 84563, 21875, 167020, 8851, 61094, 25796], [134718, 156784, 84563, 21875, 167020, 8851, 61094, 25796, 150044]]","[3, 8]",EOG_one_hour_50_Hz,1 GB,SCAMPI (1 GB),50.84101895672234,46.342497324622336
59,180000,4096,SCAMPI (1 GB),71.2137451172,13.668292449,53.385709564,1448.1796875,"[1487.0380959693, 1487.0380959693, 1487.0380959693, 2421.5213816711, 4106.6600453306, 6039.9322303982, 6334.3524063852, 6334.3524063852, 7747.3060668887, 7747.3060668887]",7.0682090298,"[None, None, [59557, 80224], [18180, 141585, 22894], [62289, 156847, 167058, 25844], [23395, 142103, 80671, 54710, 73676], [133167, 26338, 4776, 77196, 157336, 79294], [133167, 26338, 4776, 77196, 157336, 79294, 172761], [133167, 26338, 4776, 77196, 157336, 79294, 172761, 84971], [133167, 26338, 4776, 77196, 157336, 79294, 172761, 84971, 57787]]",[7],EOG_one_hour_50_Hz,1 GB,SCAMPI (1 GB),88.01878246652075,80.95057343672075
60,449919,512,SCAMPI (0.25 GB),1.0067851543,0.863142044,0.098081864,17531.99609375,"[0.0, 0.0, 0.0, 0.0, 4.1294e-06, 2.48571e-05, 4.80124e-05, 7.64758e-05, 0.0001285675, 0.000143033]",0.0075740331000000004,"[None, None, [230909, 66059], [156525, 181573, 233997], [156525, 181573, 233997, 69457], [156531, 181579, 234003, 69463, 74244], [156531, 181579, 234003, 69463, 74244, 328310], [156531, 181579, 234003, 69463, 74244, 328310, 103771], [69463, 234003, 74244, 328310, 103771, 181579, 92529, 156531], [165785, 211072, 188717, 48362, 417337, 374642, 415339, 115242, 245098]]",[4],swtAttack7,0.25 GB,SCAMPI (0.25 GB),0.011959640462823287,0.004385607362823287
61,449919,1024,SCAMPI (0.25 GB),12.8067388535,2.958367597,8.882100377,17531.99609375,"[0.0, 0.0, 0.0, 3.086e-07, 0.3452807992, 1.8162050922, 1.9849202653, 2.2180866828, 2.417386391, 2.6005039379]",1.1562732649,"[None, None, [57053, 232626], [56702, 230960, 386991], [56704, 230962, 386993, 95364], [404973, 401094, 415542, 301952, 399696], [404974, 401095, 415543, 301953, 399696, 308019], [399671, 401070, 301928, 415519, 411654, 446114, 335220], [404971, 401092, 415540, 301950, 399693, 308016, 446135, 394355], [394346, 308009, 401083, 335232, 301942, 399684, 411668, 446127, 415533]]",[3],swtAttack7,0.25 GB,SCAMPI (0.25 GB),1.612607806597748,0.456334541697748
62,449919,2048,SCAMPI (0.25 GB),14.666873455,4.304383534,9.305137894,17531.99609375,"[0.9047688931000001, 0.9047688931000001, 0.9047688931000001, 2.748989724, 4.5109382615, 7.1868723941, 10.0106648745, 12.1124835177, 14.1204462791, 16.3229323997]",1.6579651542,"[None, None, [299081, 309480], [298988, 309387, 432845], [299056, 309455, 432913, 340581], [281517, 351178, 346271, 366858, 356307], [366858, 351175, 356305, 346271, 281515, 273683], [346208, 351115, 366797, 281453, 273622, 356244, 361582], [403951, 300929, 414521, 398671, 393335, 292332, 388018, 425135], [403939, 300918, 414508, 393324, 292322, 398664, 425126, 388007, 382678]]",[2],swtAttack7,0.25 GB,SCAMPI (0.25 GB),4.040164897587721,2.382199743387721
63,449919,4096,SCAMPI (0.25 GB),16.3447244167,2.895438128,12.466573824,14367.23828125,"[6.1864060785, 6.1864060785, 6.1864060785, 20.8791590848, 35.4998167469, 44.4134387021, 94.0814574539, 133.8960417966, 164.0418987094, 234.92567196]",1.967891167,"[None, None, [309259, 432717], [309042, 432500, 298643], [408605, 396623, 385970, 332171], [417837, 396605, 332150, 385945, 408591], [385947, 396602, 408581, 332145, 417831, 326624], [119849, 214784, 227137, 128556, 169678, 161461, 111077], [214750, 119829, 111049, 169558, 227187, 161524, 128549, 104429], [169565, 119844, 161423, 214746, 227119, 128583, 111054, 183919, 178611]]","[5, 8]",swtAttack7,0.25 GB,SCAMPI (0.25 GB),15.327285211673983,13.359394044673984
64,2100777,512,SCAMPI (8 GB),2.6465523243,2.2441032340000002,0.18907447100000002,4594.8828125,"[1.2880000000000002e-07, 1.2880000000000002e-07, 1.2880000000000002e-07, 6.408067358e-20, 1.622913815e-19, 7.963493883e-18, 6e-10, 9e-10, 1.3e-09, 1.7000000000000001e-09]",4.0757700000000005e-05,"[None, None, [192066, 584002], [595681, 616681, 1009141], [595681, 616681, 1009141, 1014793], [674461, 595681, 616681, 1009141, 1014793], [674461, 595681, 616681, 1009141, 1014793, 48769], [674461, 595681, 616681, 1009141, 1014793, 48769, 25437], [674461, 595681, 616681, 1009141, 1014793, 48769, 25437, 2011193], [674461, 595681, 616681, 1009141, 1014793, 48769, 25437, 2011193, 37329]]",[2],water,8 GB,SCAMPI (8 GB),4.123105625617661e-05,4.733562561766048e-07
65,2100777,1024,SCAMPI (8 GB),3.6124372482,3.35749863,0.095011678,4594.8828125,"[1.768359881e-19, 1.768359881e-19, 1.768359881e-19, 9.463436596e-18, 1.41e-08, 3.84e-08, 2.164e-07, 2.852e-07, 4.372e-07, 6.642e-07]",0.0008149733000000001,"[None, None, [24901, 53793], [76817, 24901, 53793], [76817, 24901, 53793, 30445], [24901, 53793, 30445, 726069, 76817], [48767, 151639, 221251, 169299, 800991, 204015], [48767, 151639, 221251, 169299, 800991, 204015, 1031307], [48766, 151638, 221250, 169298, 800990, 204014, 1031306, 365102], [48767, 151639, 221251, 169299, 800991, 204015, 1031307, 365103, 411279]]",[2],water,8 GB,SCAMPI (8 GB),0.0008149846624323675,1.1362432367385822e-08
66,2100777,2048,SCAMPI (8 GB),143.8922851086,24.542137559,92.999731996,4594.8828125,"[4.8947707658, 4.8947707658, 4.8947707658, 8.735835302, 11.0510452429, 17.4089322795, 22.3629092859, 22.9304689057, 24.8366812007, 29.2379969747]",0.9466315613,"[None, None, [179284, 1629772], [116176, 725149, 29449], [1082210, 116158, 29435, 725136], [116168, 1082214, 29441, 725136, 1509088], [725016, 116035, 392307, 1663976, 851468, 1295343], [116244, 1082293, 29517, 725225, 1664192, 1249486, 1295553], [1324421, 1577706, 725162, 863299, 1082233, 116188, 1635611, 1664126], [1324421, 1577706, 725162, 863299, 1082233, 116188, 1635611, 1664126, 1509113]]",[7],water,8 GB,SCAMPI (8 GB),5.407217119249051,4.4605855579490505
67,2100777,4096,SCAMPI (8 GB),145.0887715816,21.73243334,94.715732084,4594.8828125,"[44.1172170125, 44.1172170125, 44.1172170125, 85.1412401062, 145.2432321269, 196.5286818855, 216.1903704002, 263.9532898073, 310.5115459731, 310.5115459731]",1.4992082659000001,"[None, None, [826745, 953667], [1190689, 908557, 850869], [978266, 914875, 1220132, 1917230], [1306628, 1876821, 1335206, 1012463, 1438997], [857314, 576762, 828510, 340402, 1393437, 1877005], [1179858, 1876961, 2037862, 1012596, 1018355, 736147, 1306771], [1179858, 1876961, 2037862, 1012596, 736147, 1306771, 340251, 615478], [1179858, 1876961, 2037862, 1012596, 1018355, 736147, 1306771, 340251, 615478]]",[6],water,8 GB,SCAMPI (8 GB),17.62133780316069,16.12212953726069
68,449919,512,SCAMPI (1 GB),1.0647807121,0.9840259050000001,0.041984327,4570.8515625,"[1.5728995460000002e-17, 1.5728995460000002e-17, 1.5728995460000002e-17, 6.979154263e-16, 0.0, 0.0, 0.0, 0.0, 0.0, 0.0]",5.777e-07,"[None, None, [245556, 258530], [245556, 258530, 249108], [236356, 248267, 238486, 244734], [245556, 258530, 249108, 248258, 236347], [245556, 258530, 249108, 248258, 236347, 238477], [236347, 248258, 238477, 244725, 249108, 258530, 245556], [236345, 248256, 238475, 244723, 249106, 258528, 245554, 241791], [236345, 248256, 238475, 244723, 249106, 258528, 245554, 241791, 259512]]",[2],swtAttack38,1 GB,SCAMPI (1 GB),0.0,-5.777e-07
69,449919,1024,SCAMPI (1 GB),38.9178044796,8.117673066,28.178779709,4570.8515625,"[0.7460488454, 0.7460488454, 0.7460488454, 0.856634593, 1.1124659504, 1.4817760298, 1.8948694179, 2.0662913915, 2.2147268124, 2.5467194141]",0.6265719131,"[None, None, [353836, 401454], [412280, 401670, 294248], [401683, 412292, 391088, 294267], [294041, 401460, 412069, 390866, 353845], [401606, 391009, 412221, 294187, 289861, 151421], [412084, 401476, 294054, 353855, 390880, 339961, 344293], [390872, 401470, 353850, 294047, 289717, 412072, 339951, 151281], [221952, 437306, 226309, 186520, 313089, 441311, 308775, 422716, 428003]]",[8],swtAttack38,1 GB,SCAMPI (1 GB),1.595844420393166,0.969272507293166
70,449919,2048,SCAMPI (1 GB),42.2657873631,7.50627153,31.014685017,4570.8515625,"[0.9054740130000001, 0.9054740130000001, 0.9054740130000001, 1.6772142599, 2.0409268369, 2.8655778439, 4.2460807955, 5.4076084037, 6.0775581105, 6.8852234545]",0.8603758388,"[None, None, [390546, 401145], [401034, 390436, 353404], [401220, 390623, 293800, 353588], [401208, 390607, 353573, 293786, 289449], [293762, 401187, 353549, 390585, 289433, 411780], [166696, 307021, 311362, 220209, 224578, 319976, 170929], [320076, 311461, 171028, 307126, 324463, 220316, 166800, 224678], [171050, 307132, 320084, 311487, 324468, 224690, 220322, 166813, 121742]]",[4],swtAttack38,1 GB,SCAMPI (1 GB),2.6239709324800073,1.7635950936800073
71,449919,4096,SCAMPI (1 GB),46.5337562561,8.554429759,33.51091588,4570.8515625,"[3.2640418197, 3.2640418197, 3.2640418197, 12.1584722709, 15.0621698272, 16.3555425911, 17.3750063367, 20.4725171397, 22.3327704962, 23.430230572]",1.6352089455,"[None, None, [311253, 319873], [47858, 43508, 52207], [43411, 52116, 47821, 56524], [47882, 43503, 52216, 56617, 60931], [56552, 47825, 43468, 52148, 60897, 65221], [43459, 52213, 47859, 56574, 65249, 60911, 82379], [95262, 47893, 43533, 69653, 52246, 56620, 60945, 65309], [95247, 47881, 43552, 69666, 52226, 60971, 56640, 82373, 65294]]",[6],swtAttack38,1 GB,SCAMPI (1 GB),4.840478341238601,3.205269395738601
72,1330816,512,SCAMPI (8 GB),161.6882829666,39.186317938,102.683573088,6316.484375,"[1.6772400000000002e-05, 1.6772400000000002e-05, 1.6772400000000002e-05, 0.0001805504, 0.0033154766, 0.0367193799, 0.07046800040000001, 0.11017676600000001, 0.1531279137, 0.21846346690000001]",0.4000969219,"[None, None, [356692, 1059820], [100911, 356692, 1059820], [356692, 1059820, 100909, 463391], [356692, 1059820, 100909, 463391, 531621], [90502, 207928, 271811, 503560, 219784, 1145878], [776497, 90488, 207914, 503546, 271797, 219770, 1145864], [512760, 230755, 623340, 460512, 619857, 611713, 626814, 615219], [626805, 623330, 615209, 619847, 230745, 611701, 512750, 460503, 443514]]",[3],stator_winding,8 GB,SCAMPI (8 GB),0.467400756203924,0.067303834303924
73,1330816,1024,SCAMPI (8 GB),159.8699982166,35.395298384,100.348380771,6146.7265625,"[0.0274897409, 0.0274897409, 0.0274897409, 0.10249864160000001, 0.1930934897, 0.2172123983, 0.2367146664, 0.3033955561, 0.3487175575, 0.3622297879]",0.5203010294,"[None, None, [89990, 207416], [609139, 606093, 612565], [626384, 619427, 622909, 614789], [512571, 230566, 623148, 615028, 619666], [619670, 623152, 615033, 230570, 512575, 611527], [611367, 626469, 460165, 230412, 622993, 619511, 614873], [611510, 230554, 623136, 619654, 615015, 512559, 604978, 608039], [255159, 512500, 460248, 230494, 623077, 443261, 619597, 614957, 611450]]",[6],stator_winding,8 GB,SCAMPI (8 GB),0.6018552881715006,0.08155425877150058
74,1330816,2048,SCAMPI (8 GB),159.4918944836,28.683088911,104.873048839,6110.24609375,"[0.17200605330000002, 0.17200605330000002, 0.17200605330000002, 0.3674435918, 0.4291602102, 0.5547156539, 0.6230315120000001, 0.6377979103, 0.8463535072, 0.9063614888]",0.7570018578000001,"[None, None, [605948, 608995], [507734, 79479, 213747], [507747, 213760, 79492, 64885], [263877, 79367, 213638, 507625, 557139], [557137, 213634, 507620, 79366, 58154, 263874], [213769, 557272, 507756, 79501, 64894, 58289, 264010], [264087, 64970, 213845, 58363, 557348, 507832, 79579, 385260], [79651, 65043, 213917, 264159, 231691, 58440, 507905, 557420, 576628]]",[7],stator_winding,8 GB,SCAMPI (8 GB),0.9520301932186814,0.19502833541868136
75,1330816,4096,SCAMPI (8 GB),180.143699646,25.525652082,126.062993109,5602.57421875,"[0.5271601452, 0.5271601452, 0.5271601452, 0.7977068394, 0.9004855221, 1.0944902698, 1.3638099589000001, 1.4578584202, 1.6629670118, 2.154001188]",1.3602937880000001,"[None, None, [77417, 211685], [57605, 213083, 556587], [556583, 213082, 57604, 263320], [575791, 263322, 556588, 213082, 57605], [574947, 555743, 77969, 262477, 495425, 212238], [57566, 556548, 213043, 263284, 438862, 575749, 78775], [213072, 263312, 556576, 57594, 78803, 496256, 575780, 438892], [575742, 263278, 556537, 213038, 57554, 438850, 78770, 496213, 6979]]",[8],stator_winding,8 GB,SCAMPI (8 GB),1.4676515894448519,0.10735780144485174
76,1330816,512,SCAMPI (0.5 GB),16.7792441845,5.83621131,9.141625294,4576.26953125,"[1.6772400000000002e-05, 1.6772400000000002e-05, 1.6772400000000002e-05, 0.0001805504, 0.0033154766, 0.0367193799, 0.07046800040000001, 0.11017676600000001, 0.15391117840000001, 0.21846346690000001]",0.2546071321,"[None, None, [356692, 1059820], [100911, 356692, 1059820], [356692, 1059820, 100909, 463391], [356692, 1059820, 100909, 463391, 531621], [90502, 207928, 271811, 503560, 219784, 1145878], [90488, 207914, 776497, 503546, 271797, 219770, 1145864], [626814, 619856, 623338, 615218, 611712, 460511, 512759, 230754], [626805, 623329, 615208, 619847, 611702, 230745, 460501, 512749, 443514]]",[3],stator_winding,0.5 GB,SCAMPI (0.5 GB),0.467400756203924,0.212793624103924
77,1330816,1024,SCAMPI (0.5 GB),16.2402245998,5.788578306,8.594939382,4576.26953125,"[0.0274897409, 0.0274897409, 0.0274897409, 0.10249864160000001, 0.1932527649, 0.2174453676, 0.2371297946, 0.3175534196, 0.3502399306, 0.40131578430000003]",0.3039382251,"[None, None, [89990, 207416], [606093, 609139, 612565], [619426, 614789, 626384, 622908], [230565, 512570, 623149, 615029, 619666], [619668, 623150, 230568, 615030, 512572, 611524], [512502, 230496, 614959, 460250, 623077, 619597, 611454], [611516, 623142, 619659, 230557, 615022, 512563, 604985, 608045], [460246, 623074, 443256, 255157, 611449, 230493, 619593, 512497, 614955]]",[6],stator_winding,0.5 GB,SCAMPI (0.5 GB),0.6334948968223817,0.3295566717223817
78,1330816,2048,SCAMPI (0.5 GB),16.1228029728,4.197251624,9.824534303,4576.26953125,"[0.1731434875, 0.1731434875, 0.1731434875, 0.367601638, 0.4294682516, 0.5588660467000001, 0.6425653079, 0.6507816299, 0.9042273279, 0.9850028420000001]",0.44832148860000004,"[None, None, [605958, 609005], [507733, 79478, 213746], [79495, 507750, 213763, 64888], [213616, 557119, 79347, 507605, 263857], [58383, 64986, 213863, 557367, 264105, 507849], [557245, 213741, 507730, 79473, 58263, 263985, 64866], [557378, 213875, 507860, 65000, 264119, 231648, 79608, 576586], [213916, 557420, 507903, 65041, 58436, 264161, 231692, 79649, 576628]]",[7],stator_winding,0.5 GB,SCAMPI (0.5 GB),0.9924730938418432,0.5441516052418431
79,1330816,4096,SCAMPI (0.5 GB),15.5014531612,2.894822607,10.427033505,4576.26953125,"[0.5271601452, 0.5271601452, 0.5271601452, 0.8074747564, 0.9006061072, 1.0978836874, 1.3766454546, 1.4675644918, 1.7135001483, 2.1755309187]",0.6933793238,"[None, None, [77417, 211685], [78497, 212766, 263009], [556585, 213084, 57606, 263322], [575798, 263328, 556591, 213089, 57612], [263283, 213043, 78773, 575753, 556546, 57566], [575753, 263284, 556546, 213044, 78774, 438860, 57571], [213037, 263276, 556538, 78769, 57556, 496219, 575749, 438851], [263323, 213078, 575793, 78810, 496268, 556585, 57599, 7022, 438894]]",[7],stator_winding,0.5 GB,SCAMPI (0.5 GB),1.474968107689112,0.7815887838891119
80,8066432,512,SCAMPI (0.5 GB),15.7264351845,3.552054506,8.592059454,4582.68359375,"[0.0932997889, 0.0932997889, 0.0932997889, 0.2360145404, 0.3419240938, 0.5580737050000001, 0.7172861663, 0.7172861663, 0.8534079798, 0.9494603091]",0.1085629527,"[None, None, [169336, 668593], [5810091, 1286946, 2883728], [5570339, 4720688, 630598, 1572480], [5075502, 3051367, 1321990, 7661279, 7565551], [1287069, 2009779, 7091023, 5810178, 1180507, 2883807], [1287074, 2009779, 7091023, 5810178, 1180507, 2883807, 5519488], [1287069, 2009779, 7091023, 5810178, 1180507, 2883807, 3629171, 5519486], [7091023, 1287074, 2009779, 5810178, 2883807, 1180507, 5519488, 3629171, 2559743]]","[4, 7]",solarwind,0.5 GB,SCAMPI (0.5 GB),0.9744025395594985,0.8658395868594985
81,8066432,1024,SCAMPI (0.5 GB),21.5821404457,7.976274151,9.782734522,4582.68359375,"[0.4688778981, 0.4688778981, 0.4688778981, 1.1576961457, 2.0969584068, 2.9848989759, 4.3711503546, 5.6889843041, 8.3900031601, 10.3119652787]",0.1512541821,"[None, None, [271655, 1475621], [4271014, 4184409, 2506138], [2026, 7143390, 1861551, 6901757], [1626027, 3266639, 6901651, 53973, 5078258], [1861606, 679317, 7143438, 1299332, 2944993, 233294], [2026, 7143390, 1861551, 6901757, 233252, 679256, 1299290], [1475603, 2944991, 6854413, 5989849, 5075581, 7163286, 1468243, 3813045], [2026, 7143390, 1861551, 6901757, 233252, 679256, 1299290, 3776085, 3929824]]",[7],solarwind,0.5 GB,SCAMPI (0.5 GB),3.211224887593518,3.0599707054935177
82,8066432,2048,SCAMPI (0.5 GB),31.5347909927,11.896814268,15.318583912,4582.68359375,"[4.0223202916, 4.0223202916, 4.0223202916, 19.220687123, 30.7755373486, 40.6637462979, 51.4821889783, 54.6410253411, 70.5943581042, 70.6192600958]",0.24935200700000001,"[None, None, [3627319, 3662207], [5569495, 261127, 6304045], [1196387, 3627523, 5462825, 264552], [2707264, 5462821, 264552, 3627523, 7841250], [4796631, 3627523, 264554, 5462825, 1196388, 14692], [4796631, 3627523, 264554, 5462825, 1196388, 14692, 2707267], [3627522, 7841250, 1196386, 5462821, 1254637, 264552, 4796631, 2707264], [3627521, 7841250, 1196386, 5462821, 1254637, 264552, 4796631, 1577561, 2707264]]",[7],solarwind,0.5 GB,SCAMPI (0.5 GB),8.403526646343188,8.154174639343188
83,8066432,4096,SCAMPI (0.5 GB),38.2693343163,11.075669782,22.99957786,4582.68359375,"[51.6230019489, 51.6230019489, 51.6230019489, 154.0632756627, 295.6584954318, 483.2308361146, 751.349913094, 1048.3684826958, 1146.8182466839, 1503.0044295603]",0.33249652900000004,"[None, None, [2035502, 3306672], [4828602, 4269375, 1517919], [4549656, 270662, 1179397, 7695798], [1179854, 1215581, 1013055, 271215, 381348], [1179854, 1215581, 1013055, 271215, 381348, 1614713], [4754744, 1820329, 2802491, 827325, 2363133, 1198235, 1875904], [336543, 1198244, 3596700, 4754749, 250356, 2802499, 1174918, 7980010], [330945, 3858462, 2239291, 4626723, 1407291, 6334659, 3185944, 5920227, 2006716]]",[8],solarwind,0.5 GB,SCAMPI (0.5 GB),38.768601078196,38.436104549196
84,6375000,512,SCAMPI (16 GB),6.0340161324,5.399156726,0.12999680300000002,4597.46484375,"[0.0, 0.0, 0.0, 0.0, 0.0, 0.0, 0.0, 0.0, 0.0, 0.0]",0.0,"[None, None, [4825795, 4824795], [4825795, 4824795, 4826795], [4825795, 4824795, 4826795, 4827795], [4825795, 4824795, 4826795, 4827795, 4828795], [4825795, 4824795, 4826795, 4827795, 4828795, 4830795], [4825795, 4824795, 4826795, 4827795, 4828795, 4830795, 4831795], [4825795, 4824795, 4826795, 4827795, 4828795, 4830795, 4831795, 4832795], [4825795, 4824795, 4826795, 4827795, 4828795, 4830795, 4831795, 4832795, 4833795]]",[2],CinC_Challenge,16 GB,SCAMPI (16 GB),0.0,0.0
85,6375000,1024,SCAMPI (16 GB),8.1269323826,7.520200129,0.121043389,4597.46484375,"[0.0, 0.0, 0.0, 0.0, 0.0, 0.0, 0.0, 0.0, 0.0, 0.0]",0.0,"[None, None, [4823591, 4824591], [4823591, 4824591, 4825591], [4823591, 4824591, 4825591, 4826591], [4823591, 4824591, 4825591, 4826591, 4827591], [4823591, 4824591, 4825591, 4826591, 4827591, 4828591], [4823591, 4824591, 4825591, 4826591, 4827591, 4828591, 4829591], [4823591, 4824591, 4825591, 4826591, 4827591, 4828591, 4829591, 4830591], [4823591, 4824591, 4825591, 4826591, 4827591, 4828591, 4829591, 4830591, 4831591]]",[2],CinC_Challenge,16 GB,SCAMPI (16 GB),0.0,0.0
86,6375000,2048,SCAMPI (16 GB),7.9359910488,7.085252586,0.357591257,4598.46484375,"[0.0, 0.0, 0.0, 0.0, 0.0, 0.0, 0.0, 0.0, 0.0, 0.0]",0.0,"[None, None, [4824632, 4833632], [4824632, 4833632, 4838632], [4824632, 4833632, 4838632, 4827632], [4824632, 4833632, 4838632, 4827632, 4829632], [4824632, 4833632, 4838632, 4827632, 4829632, 4831632], [4824632, 4833632, 4838632, 4827632, 4829632, 4831632, 4835632], [4824632, 4833632, 4838632, 4827632, 4829632, 4831632, 4835632, 4841632], [4824632, 4833632, 4838632, 4827632, 4829632, 4831632, 4835632, 4841632, 4843632]]",[2],CinC_Challenge,16 GB,SCAMPI (16 GB),0.0,0.0
87,6375000,4096,SCAMPI (16 GB),8.5080401897,7.313468893,0.695155912,4598.46484375,"[0.0, 0.0, 0.0, 0.0, 0.0, 0.0, 0.0, 0.0, 0.0, 0.0]",0.0,"[None, None, [4823239, 4826239], [4823239, 4826239, 4829239], [4823239, 4826239, 4829239, 4832239], [4823239, 4826239, 4829239, 4832239, 4835239], [4823239, 4826239, 4829239, 4832239, 4835239, 4838239], [4823239, 4826239, 4829239, 4832239, 4835239, 4838239, 4841239], [4823239, 4826239, 4829239, 4832239, 4835239, 4838239, 4841239, 4844239], [4823239, 4826239, 4829239, 4832239, 4835239, 4838239, 4841239, 4844239, 4847239]]",[2],CinC_Challenge,16 GB,SCAMPI (16 GB),0.0,0.0
88,5153051,512,SCAMPI (2 GB),15.3252437115,10.574049532,4.359479631,4599.2578125,"[4.3819e-05, 4.3819e-05, 4.3819e-05, 0.0001519644, 0.0002350048, 0.0003200101, 0.0003685997, 0.0004626211, 0.0005219545, 0.0006477822]",0.0069767261,"[None, None, [691642, 737248], [857170, 883742, 1743531], [1203271, 789481, 438752, 570898], [789468, 1203253, 570880, 438736, 737389], [646634, 1203270, 789477, 570891, 737400, 438750], [574162, 438822, 1229227, 487764, 531450, 1225428, 570955], [574154, 438814, 487757, 1229225, 531452, 1225419, 570946, 1736758], [789462, 1203250, 570880, 438736, 737383, 1253504, 1033828, 1225337, 487699]]",[2],house,2 GB,SCAMPI (2 GB),0.02545156576715861,0.01847483966715861
89,5153051,1024,SCAMPI (2 GB),26.8262488842,21.20328198,5.173523746,4599.2578125,"[6.8601997621, 6.8601997621, 6.8601997621, 7.7521928077, 8.2651239669, 21.1759685581, 22.1079542046, 22.5187382475, 23.7317534791, 23.7317534791]",0.0099982121,"[None, None, [3900333, 3242006], [3900333, 3242006, 1656050], [3900333, 3242006, 1656050, 1161432], [3900333, 3242006, 1656050, 1161432, 3651392], [3900333, 3242006, 1656050, 1161432, 3651392, 1668158], [3900333, 3242006, 1656050, 1161432, 3651392, 1668158, 3174067], [3900333, 3242006, 1656050, 1161432, 3651392, 1668158, 3174067, 805165], [3900333, 3242006, 1656050, 1161432, 3651392, 1668158, 3174067, 805165, 3439568]]",[7],house,2 GB,SCAMPI (2 GB),4.871524759159087,4.8615265470590865
90,5153051,2048,SCAMPI (2 GB),39.3620445728,11.623629816,17.959162684,4599.2578125,"[0.0050505363, 0.0050505363, 0.0050505363, 0.0132593937, 0.0260611027, 0.032385339, 0.0495083699, 0.0575806903, 0.0692853752, 0.0725484591]",0.2693482117,"[None, None, [1301732, 1642450], [1642542, 1301823, 668406], [1693059, 1742075, 1790451, 1815257], [1815169, 1741989, 1692971, 1790363, 910431], [910466, 1742023, 1790399, 1693005, 1901464, 1815206], [1815272, 1742091, 1790466, 1693075, 762148, 1901532, 572798], [1693076, 1790469, 1742092, 882405, 1815274, 762149, 1901533, 572800], [858245, 1924712, 880933, 1714437, 1324101, 1763382, 1837705, 1447958, 1472866]]",[5],house,2 GB,SCAMPI (2 GB),0.2693482116146309,-8.536910067746817e-11
91,5153051,4096,SCAMPI (2 GB),46.7564034462,10.900244213,24.434056096,4599.2578125,"[0.7054738355, 0.7054738355, 0.7054738355, 1.5968147121, 3.0339114909, 7.7375444292, 10.9391804344, 12.1802883531, 19.4442115426, 23.0222035057]",0.4835207151,"[None, None, [835451, 1173355], [1837282, 1762950, 1714011], [1837290, 1762963, 1714026, 1589443], [4068203, 4443544, 4517694, 4554812, 1254170], [4068135, 4443460, 4480701, 1254107, 4407309, 1328027], [4068138, 4443468, 4517609, 4480713, 1254107, 4407309, 1328027], [4068138, 4443468, 4517609, 4480713, 1254107, 4407309, 1328027, 4333516], [4566934, 2150559, 3931581, 1180573, 4382455, 3981337, 2397978, 3807746, 1035369]]","[4, 7]",house,2 GB,SCAMPI (2 GB),4.798145840395017,4.3146251252950165
92,8595817,512,SCAMPI (4 GB),7.3834180832,6.445734647,0.20897732600000002,4598.3203125,"[0.0, 0.0, 0.0, 0.0, 0.0, 0.0, 0.0, 0.0, 0.0, 0.0]",0.0,"[None, None, [59446, 928198], [59446, 928198, 410800], [59446, 928198, 410800, 536886], [59446, 928198, 410800, 536886, 596919], [59446, 928198, 410800, 536886, 596919, 663201], [59446, 928198, 410800, 536886, 596919, 663201, 693981], [59446, 928198, 410800, 536886, 596919, 663201, 693981, 696309], [59446, 928198, 410800, 536886, 596919, 663201, 693981, 696309, 725120]]",[2],Bird12-Week3_2018_1_10,4 GB,SCAMPI (4 GB),0.0,0.0
93,8595817,1024,SCAMPI (4 GB),68.224064827,30.331560586,27.404579344,5481.57421875,"[0.0, 0.0, 0.0, 0.0, 0.0, 23.1101831499, 25.5734176871, 30.4390068386, 40.6353234893, 51.4164520336]",2.2136492699,"[None, None, [536910, 586882], [536910, 586882, 696418], [537005, 586977, 696513, 7458145], [947131, 578237, 398787, 1249010, 2281929], [1249013, 398788, 578239, 2281926, 1292800, 947130], [398853, 578301, 2281993, 1249078, 947193, 8456275, 1292864], [1249058, 398830, 578283, 2281971, 947177, 1292843, 8456258, 7489469], [398904, 578353, 1249128, 2282046, 971158, 1292918, 8456323, 947251, 5547743]]",[7],Bird12-Week3_2018_1_10,4 GB,SCAMPI (4 GB),7.1705266217761165,4.956877351876116
94,8595817,2048,SCAMPI (4 GB),71.7984683514,25.610112091,34.080023983,5418.96875,"[31.9693956978, 31.9693956978, 31.9693956978, 47.9822042484, 99.0214184091, 130.5868770404, 156.123142873, 178.3476469571, 191.4710862342, 222.1454505866]",3.3020101025,"[None, None, [398792, 1292807], [7301492, 7132595, 1932448], [578514, 392560, 399073, 971318], [399022, 1293037, 578469, 971277, 392522], [398762, 1292783, 578209, 2281915, 1989202, 1780182], [398812, 1292826, 578258, 2281956, 1780224, 1989235, 5221284], [543977, 6968138, 1291347, 5219778, 1414477, 1025138, 437897, 7794521], [6931811, 7243145, 232988, 8532831, 1360806, 1362735, 1882825, 1427644, 926656]]","[3, 8]",Bird12-Week3_2018_1_10,4 GB,SCAMPI (4 GB),14.904544628622507,11.602534526122506
95,8595817,4096,SCAMPI (4 GB),87.186006546,25.462073897,47.983605891,5421.0234375,"[127.8265945425, 127.8265945425, 127.8265945425, 212.1594120531, 258.8990634031, 274.4369139301, 333.7740503548, 354.4741107297, 449.1387391417, 489.7950118515]",4.8880619174,"[None, None, [231547, 699184], [231631, 699247, 925456], [2199527, 230693, 698443, 192395], [2199544, 230640, 698550, 192422, 629642], [878462, 629736, 1881778, 698702, 2199587, 230818], [629598, 878314, 1881601, 192398, 230632, 698629, 2199429], [925633, 231908, 699370, 1040613, 8494271, 1883934, 8486589, 630232], [8494343, 232069, 925736, 699542, 630321, 1040704, 8486661, 1883911, 879021]]",[7],Bird12-Week3_2018_1_10,4 GB,SCAMPI (4 GB),22.13131292651884,17.243251009118843
96,1288330,512,SCAMPI (2 GB),52.775475502,12.222086894,33.274882449,4873.80078125,"[0.1109926349, 0.1109926349, 0.1109926349, 0.1541846332, 0.5482670033, 0.7077063468, 0.8085525289000001, 1.2713386657, 1.4950971437, 1.7358554995]",0.39209770780000003,"[None, None, [865164, 1036404], [520951, 865113, 1036353], [1251993, 466985, 1181037, 204258], [413515, 418924, 1197905, 27587, 1131517], [1251994, 466986, 1181038, 587363, 204260, 818602], [418921, 413513, 1131515, 1197902, 27584, 1021893, 756435], [418921, 413513, 1131515, 1197902, 27584, 1021893, 756435, 1181068], [1251979, 1181023, 204245, 818587, 466970, 592681, 367640, 587346, 821103]]","[3, 6]",BlackLeggedKittiwake,2 GB,SCAMPI (2 GB),1.3175186903797609,0.9254209825797608
97,1288330,1024,SCAMPI (2 GB),62.263210535,11.725453152,42.663835444,4732.67578125,"[0.5263524476, 0.5263524476, 0.5263524476, 1.0030337295, 1.6583639422, 2.6952117734, 3.4064195518, 4.239718321, 4.6783345393, 4.9212020953]",0.6550568886,"[None, None, [688051, 772011], [1243525, 771806, 687846], [1131711, 67895, 837896, 473188], [473158, 1131681, 837867, 67865, 944971], [944946, 236732, 1131659, 67841, 837841, 473134], [837827, 67826, 1131642, 473119, 944930, 147181, 756562], [837815, 67814, 1131632, 147169, 756550, 236703, 784233, 1022009], [837815, 67814, 1131632, 473105, 147169, 756550, 236703, 784233, 1022009]]",[2],BlackLeggedKittiwake,2 GB,SCAMPI (2 GB),2.2183782579397953,1.5633213693397954
98,1288330,2048,SCAMPI (2 GB),53.955726862,9.659913921,36.273164659,4700.81640625,"[3.6669343956000002, 3.6669343956000002, 3.6669343956000002, 5.5692864206, 9.8236527704, 11.9721667691, 15.7773839349, 18.6951282607, 33.8245996837, 47.2579071023]",0.9307614799,"[None, None, [770874, 1242592], [673014, 756365, 1021823], [944823, 756452, 1021915, 147074], [673175, 147144, 756524, 1021984, 236679], [673175, 147144, 756524, 1021984, 236679, 944894], [756498, 147116, 944866, 236651, 673146, 473053, 1021951], [745954, 659348, 771034, 792693, 994539, 687075, 48855, 1177890], [686978, 1177794, 395491, 770940, 745859, 583325, 1242647, 994434, 105112]]",[7],BlackLeggedKittiwake,2 GB,SCAMPI (2 GB),6.874438675433799,5.943677195533799
99,1288330,4096,SCAMPI (2 GB),49.6906032562,7.883400211,33.926906039,4589.19140625,"[13.4919056765, 13.4919056765, 13.4919056765, 18.588380894, 45.2229219257, 91.3506482944, 142.905304681, 193.6055118279, 230.6399018541, 275.5547100402]",1.1112295056000001,"[None, None, [47301, 657790], [47568, 658050, 685776], [47694, 685908, 658164, 769861], [745083, 853525, 47986, 686217, 81281], [852900, 328922, 457660, 744471, 47393, 1176406], [853773, 745326, 1119738, 1177245, 686460, 48206, 488392], [950326, 81564, 686459, 853767, 488388, 930803, 48204, 993947], [950326, 81564, 686459, 853767, 488388, 930803, 48204, 993947, 745247]]",[3],BlackLeggedKittiwake,2 GB,SCAMPI (2 GB),16.59984066309674,15.488611157496738
100,180000,512,SCAMPI (8 GB),430.7164697647,100.052466106,300.730022898,8587.73828125,"[16.8070363087, 16.8070363087, 16.8070363087, 23.6441591173, 32.8750426299, 49.7224505221, 60.1282498297, 81.5538646438, 101.9328761108, 111.2621006134]",3.0688923475,"[None, None, [145577, 160799], [83652, 62987, 964], [62924, 901, 83588, 107016], [901, 62924, 83589, 107018, 33101], [165348, 29675, 27675, 139798, 114440, 22721], [22830, 27783, 160681, 139903, 114548, 165456, 33516], [139629, 165180, 29508, 22554, 155689, 166252, 33239, 9537], [33239, 160405, 155687, 26476, 22548, 139629, 9536, 14934, 29504]]",[6],EOG_one_hour_50_Hz,8 GB,SCAMPI (8 GB),10.548085163355479,7.479192815855479
101,180000,1024,SCAMPI (8 GB),419.5440769196,98.533195739,291.71673364,8717.3984375,"[71.7265427046, 71.7265427046, 71.7265427046, 125.7306112406, 213.4375931575, 311.1019777365, 410.1811580541, 554.1249918893, 590.1261468271, 779.1291486197]",4.5235882551,"[None, None, [62476, 83141], [62641, 83306, 620], [139034, 155094, 25879, 69622], [33058, 22370, 160221, 26298, 9350], [83197, 62531, 40226, 36745, 30626, 157085], [26025, 21307, 9082, 139178, 165803, 43815, 144722], [26025, 21307, 9082, 139178, 165803, 43815, 144722, 4611], [65448, 94240, 69675, 8997, 28976, 144486, 139104, 32717, 172226]]",[8],EOG_one_hour_50_Hz,8 GB,SCAMPI (8 GB),27.91288499277171,23.389296737671707
102,180000,2048,SCAMPI (8 GB),449.5518584251,104.009279359,315.416894797,8973.0,"[358.4804652092, 358.4804652092, 358.4804652092, 599.8052904131, 899.7417780469, 1617.3068176844, 2033.0878729515, 2280.9917899636, 2280.9917899636, 2584.8092085578]",6.3321159416,"[None, None, [157753, 167985], [68718, 82111, 24853], [25106, 31869, 20387, 143797], [68763, 24904, 82163, 31678, 20187], [157335, 763, 167569, 30868, 4921, 85091], [134718, 156784, 84563, 21875, 167020, 8851, 61094], [134718, 156784, 84563, 21875, 167020, 8851, 61094, 25796], [134718, 156784, 84563, 21875, 167020, 8851, 61094, 25796, 150044]]","[4, 8]",EOG_one_hour_50_Hz,8 GB,SCAMPI (8 GB),50.84101895672234,44.508903015122335
103,180000,4096,SCAMPI (8 GB),457.3400900364,104.510668223,324.459505866,9505.42578125,"[1409.4634657919, 1409.4634657919, 1409.4634657919, 2441.2000346263, 3383.4546613022, 4837.2153642059, 6334.3524063852, 6334.3524063852, 7747.3060668887, 7747.3060668887]",9.9419140302,"[None, None, [59433, 80097], [141971, 23279, 18552], [136187, 23043, 18323, 141737], [9669, 26599, 66111, 114394, 157604], [133167, 26338, 4776, 77196, 157336, 79294], [133167, 26338, 4776, 77196, 157336, 79294, 172761], [133167, 26338, 4776, 77196, 157336, 79294, 172761, 84971], [133167, 26338, 4776, 77196, 157336, 79294, 172761, 84971, 57787]]",[7],EOG_one_hour_50_Hz,8 GB,SCAMPI (8 GB),88.01878246652075,78.07686843632075
104,449919,512,SCAMPI (8 GB),1.0386874676,0.96357887,0.035320498,4570.8515625,"[1.5728995460000002e-17, 1.5728995460000002e-17, 1.5728995460000002e-17, 6.979154263e-16, 0.0, 0.0, 0.0, 0.0, 0.0, 0.0]",5.777e-07,"[None, None, [245556, 258530], [245556, 258530, 249108], [236356, 248267, 238486, 244734], [245556, 258530, 249108, 248258, 236347], [245556, 258530, 249108, 248258, 236347, 238477], [236347, 248258, 238477, 244725, 249108, 258530, 245556], [236345, 248256, 238475, 244723, 249106, 258528, 245554, 241791], [236345, 248256, 238475, 244723, 249106, 258528, 245554, 241791, 259512]]",[2],swtAttack38,8 GB,SCAMPI (8 GB),0.0,-5.777e-07
105,449919,1024,SCAMPI (8 GB),218.0058338642,63.581965255,139.64805947,8511.21484375,"[0.7460488454, 0.7460488454, 0.7460488454, 0.8544665024, 1.1124659504, 1.4733250517, 1.8925798658, 2.0550947121, 2.2279156862, 2.483783692]",0.7997706533000001,"[None, None, [353836, 401454], [294251, 401671, 412283], [412292, 401685, 294259, 391088], [294041, 401461, 412073, 390870, 353844], [412217, 401607, 294184, 391010, 289861, 151422], [401471, 353851, 412078, 294052, 390878, 339957, 344289], [401464, 353844, 412073, 390868, 294045, 339949, 289718, 151281], [369775, 226379, 437385, 207934, 308841, 313164, 428079, 222019, 326124]]",[3],swtAttack38,8 GB,SCAMPI (8 GB),1.5760024403534405,0.7762317870534404
106,449919,2048,SCAMPI (8 GB),305.4769551754,57.668926599,219.565051021,8511.21484375,"[0.9054740130000001, 0.9054740130000001, 0.9054740130000001, 1.6764203064, 2.0409268369, 2.8509705807, 4.2331283248, 5.4200514064, 6.0724315282, 6.922031001]",1.2494153485,"[None, None, [390546, 401145], [401034, 390435, 353403], [353588, 401221, 390624, 293800], [401205, 390606, 353572, 293784, 289448], [390586, 401184, 353552, 293764, 289429, 411781], [319984, 311365, 170946, 307023, 220216, 224585, 166707], [171040, 307129, 320086, 311473, 324465, 220318, 166806, 224690], [171064, 307155, 320101, 311490, 324480, 224709, 220346, 166834, 121763]]",[4],swtAttack38,8 GB,SCAMPI (8 GB),2.630975294638853,1.3815599461388532
107,449919,4096,SCAMPI (8 GB),304.6382734776,60.315283039,214.068691016,8512.21484375,"[3.2640418197, 3.2640418197, 3.2640418197, 12.1584722709, 15.1210599448, 16.3024115683, 17.3286799305, 20.4593771856, 21.9627140582, 23.2856940032]",2.1425014896,"[None, None, [311253, 319873], [47858, 43493, 52207], [56578, 47861, 43473, 52173], [60924, 47859, 43488, 52211, 56610], [56556, 47853, 43470, 52146, 60902, 65224], [65248, 47836, 43484, 52182, 60911, 56595, 82378], [69675, 47881, 43550, 95283, 56637, 60967, 65330, 52277], [52219, 43508, 47871, 56620, 65279, 60953, 82367, 95243, 69658]]",[6],swtAttack38,8 GB,SCAMPI (8 GB),4.825525256715584,2.683023767115584
108,1799997,512,SCAMPI (0.5 GB),10.0185906887,8.096429651,1.600816955,4587.8828125,"[0.2998961314, 0.2998961314, 0.2998961314, 0.4830394633, 1.0975699423, 1.0975699423, 1.0975699423, 2.0149725741, 2.3152386118, 2.3152386118]",0.0073315315,"[None, None, [1362297, 1208050], [1362297, 1208050, 1090025], [1362297, 1208050, 1090025, 1693717], [1362297, 1208050, 1090025, 1693717, 65714], [1362297, 1208050, 1090025, 1693717, 65714, 1671024], [1362297, 1208050, 1090025, 1693717, 65714, 1671024, 782684], [1362297, 1208050, 1090025, 1693717, 65714, 1671024, 782684, 960101], [1362297, 1208050, 1090025, 1693717, 65714, 1671024, 782684, 960101, 599215]]",[6],Challenge2009Respiration500HZ,0.5 GB,SCAMPI (0.5 GB),1.5215908161526213,1.5142592846526213
109,1799997,1024,SCAMPI (0.5 GB),19.2036538124,11.882134886,5.554708341,4587.8828125,"[2.0563017518, 2.0563017518, 2.0563017518, 4.0710806949, 5.1905830676, 10.4977734245, 10.4977734245, 10.4977734245, 10.6236090927, 10.6236090927]",0.1087268492,"[None, None, [1361909, 51017], [1361909, 51017, 1279094], [1361909, 51017, 1279094, 377201], [1361909, 51017, 1279094, 377201, 1547162], [1361909, 51017, 1279094, 377201, 1547162, 130202], [1361909, 51017, 1279094, 377201, 1547162, 130202, 34215], [1361909, 51017, 1279094, 377201, 1547162, 130202, 34215, 299489], [1361909, 51017, 1279094, 377201, 1547162, 130202, 34215, 299489, 1046993]]",[7],Challenge2009Respiration500HZ,0.5 GB,SCAMPI (0.5 GB),3.2593878401779683,3.1506609909779684
110,1799997,2048,SCAMPI (0.5 GB),14.3948094845,4.227799151,8.065966082,4587.8828125,"[3.2983930468000002, 3.2983930468000002, 3.2983930468000002, 14.4700550844, 28.9796457886, 38.4049777076, 53.514908417, 61.3496157127, 62.6382397469, 73.7100268275]",0.4385111129,"[None, None, [1041749, 1531944], [1501546, 1471626, 1539993], [1477839, 1475781, 512702, 1510333], [512702, 1477838, 909252, 1510333, 1475771], [1048038, 1385268, 537293, 690298, 1573618, 1008737], [1361134, 1411720, 1096353, 1046177, 1103956, 1335443, 764712], [1361134, 1411720, 1096353, 1046177, 1103956, 1335443, 764712, 33426], [1361134, 1411720, 1096353, 1046177, 1103956, 1335443, 764712, 33426, 777219]]",[8],Challenge2009Respiration500HZ,0.5 GB,SCAMPI (0.5 GB),8.58545437513356,8.14694326223356
111,1799997,4096,SCAMPI (0.5 GB),19.2605280876,4.154257387,12.471602639,4587.8828125,"[47.5951127142, 47.5951127142, 47.5951127142, 108.2566078324, 245.2897680404, 323.2149471856, 374.4054838704, 592.4304019527, 592.4304019527, 642.0088848128]",0.6465798178000001,"[None, None, [363755, 992678], [128948, 363951, 992863], [14540, 1084960, 1082737, 508826], [538599, 1581065, 933310, 1085918, 1262616], [1082737, 1433401, 1084960, 451060, 14540, 508826], [1582637, 537856, 668556, 1433621, 907711, 1457624, 1511180], [1582637, 537856, 668556, 1433621, 907711, 1457624, 1511180, 1521190], [1582637, 537856, 668556, 1433621, 907711, 1457624, 1511180, 1521190, 1478691]]","[3, 6, 8]",Challenge2009Respiration500HZ,0.5 GB,SCAMPI (0.5 GB),25.337894245828718,24.69131442802872
112,5983000,512,SCAMPI (0.5 GB),17.1830983162,7.761017628,6.915496819,4598.3671875,"[0.0114649051, 0.0114649051, 0.0114649051, 0.0579207042, 0.0909013848, 0.4819623597, 0.6838865813, 1.1877977214, 2.0160768445, 4.2117670975]",0.2701733134,"[None, None, [6703, 5943741], [6772, 5943809, 5889290], [6682, 5943720, 5889205, 1964420], [8636, 5945599, 3640958, 5821156, 2009326], [8637, 5945600, 3640958, 5821157, 2009325, 5145856], [8663, 5945626, 5821180, 3640983, 2009350, 5145882, 5922769], [3640946, 5945588, 8625, 5145844, 2009313, 5821148, 3599630, 5922734], [5945640, 3640997, 8678, 5145896, 5821188, 5922789, 5948825, 2009376, 1174549]]","[4, 8]",MGHSleepElectromyography,0.5 GB,SCAMPI (0.5 GB),2.0522590230036752,1.7820857096036753
113,5983000,1024,SCAMPI (0.5 GB),26.8434958458,7.96282955,15.626548611,4598.3671875,"[0.0406492336, 0.0406492336, 0.0406492336, 0.4350988665, 0.5338162702, 9.2355881257, 16.2907810666, 137.2835048023, 388.8619920109, 396.3622890019]",0.4331623914,"[None, None, [6687, 5943724], [1964459, 5889244, 5943763], [1964454, 5889239, 5943758, 6721], [3640988, 5945630, 2009359, 8667, 5145887], [3640990, 2009359, 5945632, 8667, 5145888, 5922787], [2009390, 5945664, 8707, 5922808, 5145934, 5191127, 5643511], [8704, 5945663, 2009395, 5922804, 3599706, 5643508, 5944264, 7216], [8704, 5945663, 2009395, 5922804, 3599706, 5643508, 5944264, 7216, 1965019]]","[4, 6]",MGHSleepElectromyography,0.5 GB,SCAMPI (0.5 GB),19.908849514773575,19.475687123373575
114,5983000,2048,SCAMPI (0.5 GB),26.0143105984,13.781018605,9.679922256,4598.3671875,"[0.6584113075, 0.6584113075, 0.6584113075, 7.1736039217, 23.5987757141, 45.8275170967, 427.7869327558, 1360.870102139, 2212.6412697813, 2212.6412697813]",0.8615774264,"[None, None, [1964405, 5889190], [5945573, 8611, 2009299], [5945574, 8616, 2009301, 5922721], [5945574, 8616, 2009301, 5922721, 3640934], [5945680, 8729, 5922814, 3641051, 5135676, 3669523], [5945680, 8729, 5922814, 3641051, 5135676, 3669523, 2891626], [4527869, 2882576, 5106110, 2932526, 4627464, 5242585, 4565793, 192435], [4527869, 2882576, 5106110, 2932526, 4627464, 5242585, 4565793, 192435, 1333503]]",[5],MGHSleepElectromyography,0.5 GB,SCAMPI (0.5 GB),47.03872096242945,46.177143536029455
115,5983000,4096,SCAMPI (0.5 GB),25.7426583767,8.031229577,14.866664855,4598.3671875,"[1.5377527307, 1.5377527307, 1.5377527307, 138.2164152521, 1656.9268181333, 1812.6554701922, 2304.2033510119, 5129.098913686, 5129.098913686, 5851.8272546263]",0.9206389534,"[None, None, [1964402, 5889187], [5922682, 2009264, 5145795], [5817600, 5919180, 2900733, 2873140], [5817600, 5919180, 2900733, 2873140, 2248431], [5817600, 5919180, 2900733, 2873140, 2248431, 5132078], [4526318, 74586, 5483236, 1256100, 2902927, 5955857, 5231513], [4526318, 74586, 5483236, 1256100, 2902927, 5955857, 5231513, 5819777], [4526318, 74586, 5483236, 1256100, 2902927, 5955857, 5231513, 5819777, 5588234]]","[3, 6, 8]",MGHSleepElectromyography,0.5 GB,SCAMPI (0.5 GB),76.49723690844199,75.57659795504199
116,1330816,512,SCAMPI (1 GB),27.6567492485,7.978412549,16.558020668,4576.26953125,"[1.6772400000000002e-05, 1.6772400000000002e-05, 1.6772400000000002e-05, 0.0001805504, 0.0033154766, 0.0367193799, 0.07046800040000001, 0.11017676600000001, 0.1531279137, 0.21846346690000001]",0.2982540691,"[None, None, [356692, 1059820], [100911, 356692, 1059820], [356692, 1059820, 100909, 463391], [356692, 1059820, 100909, 463391, 531621], [90502, 207928, 271811, 503560, 219784, 1145878], [90488, 207914, 776497, 503546, 271797, 219770, 1145864], [512760, 230755, 623340, 460512, 619857, 611712, 626815, 615219], [626805, 623329, 619848, 615207, 611702, 230745, 460502, 512751, 443514]]",[3],stator_winding,1 GB,SCAMPI (1 GB),0.467400756203924,0.169146687103924
117,1330816,1024,SCAMPI (1 GB),27.0185472965,7.955853338,15.616321497,4576.26953125,"[0.0274897409, 0.0274897409, 0.0274897409, 0.10249864160000001, 0.1932482604, 0.2172123983, 0.2369190717, 0.3138887897, 0.3493697844, 0.3634724043]",0.36575616920000004,"[None, None, [89990, 207416], [606093, 609139, 612565], [626385, 619428, 614790, 622910], [623148, 230565, 619666, 512570, 615028], [619669, 623151, 230569, 615032, 512574, 611526], [230485, 512491, 623067, 614947, 611441, 619585, 460238], [604984, 608045, 230560, 512563, 615022, 611512, 619659, 623142], [623077, 230495, 460248, 619594, 611451, 512500, 443261, 614957, 255159]]",[6],stator_winding,1 GB,SCAMPI (1 GB),0.6028867259278479,0.23713055672784783
118,1330816,2048,SCAMPI (1 GB),27.910820961,5.955965347,18.064465804,4576.26953125,"[0.1731434875, 0.1731434875, 0.1731434875, 0.367601638, 0.4294682516, 0.5560227314, 0.6296407165, 0.6473707527, 0.8739478588, 0.9140685349000001]",0.551214945,"[None, None, [605958, 609005], [507733, 79478, 213746], [79495, 507750, 213763, 64888], [213624, 557127, 79354, 507612, 263865], [213625, 507612, 79354, 263865, 557124, 58143], [507753, 213767, 64891, 557268, 79495, 58285, 264006], [557378, 213875, 507865, 65000, 264119, 231648, 576586, 79610], [507942, 213955, 65079, 557456, 231728, 58474, 264192, 79685, 576662]]",[7],stator_winding,1 GB,SCAMPI (1 GB),0.956069314903475,0.404854369903475
119,1330816,4096,SCAMPI (1 GB),28.0197951794,4.39996238,19.300584881,4576.26953125,"[0.5271601452, 0.5271601452, 0.5271601452, 0.8068737596000001, 0.9006061072, 1.0978836874, 1.3779197730000001, 1.4675644918, 1.673216408, 2.1545436892]",0.8309965942,"[None, None, [77417, 211685], [78497, 263008, 212766], [556585, 213080, 57606, 263322], [575798, 263328, 556591, 213089, 57612], [263297, 213057, 78787, 575765, 556560, 57581], [575753, 263284, 556546, 213044, 78774, 438860, 57571], [575775, 263309, 556570, 57589, 78796, 438882, 213071, 496252], [263276, 213036, 78769, 496218, 556538, 575749, 57556, 6980, 438851]]",[8],stator_winding,1 GB,SCAMPI (1 GB),1.4678363972868367,0.6368398030868366
120,6375000,512,SCAMPI (4 GB),6.0781354904,5.426883694,0.137491614,4597.46484375,"[0.0, 0.0, 0.0, 0.0, 0.0, 0.0, 0.0, 0.0, 0.0, 0.0]",0.0,"[None, None, [4825795, 4824795], [4825795, 4824795, 4826795], [4825795, 4824795, 4826795, 4827795], [4825795, 4824795, 4826795, 4827795, 4828795], [4825795, 4824795, 4826795, 4827795, 4828795, 4830795], [4825795, 4824795, 4826795, 4827795, 4828795, 4830795, 4831795], [4825795, 4824795, 4826795, 4827795, 4828795, 4830795, 4831795, 4832795], [4825795, 4824795, 4826795, 4827795, 4828795, 4830795, 4831795, 4832795, 4833795]]",[2],CinC_Challenge,4 GB,SCAMPI (4 GB),0.0,0.0
121,6375000,1024,SCAMPI (4 GB),8.1210560799,7.501229715,0.127561727,4597.46484375,"[0.0, 0.0, 0.0, 0.0, 0.0, 0.0, 0.0, 0.0, 0.0, 0.0]",0.0,"[None, None, [4823591, 4824591], [4823591, 4824591, 4825591], [4823591, 4824591, 4825591, 4826591], [4823591, 4824591, 4825591, 4826591, 4827591], [4823591, 4824591, 4825591, 4826591, 4827591, 4828591], [4823591, 4824591, 4825591, 4826591, 4827591, 4828591, 4829591], [4823591, 4824591, 4825591, 4826591, 4827591, 4828591, 4829591, 4830591], [4823591, 4824591, 4825591, 4826591, 4827591, 4828591, 4829591, 4830591, 4831591]]",[2],CinC_Challenge,4 GB,SCAMPI (4 GB),0.0,0.0
122,6375000,2048,SCAMPI (4 GB),8.1261439323,7.27372516,0.348381612,4597.46484375,"[0.0, 0.0, 0.0, 0.0, 0.0, 0.0, 0.0, 0.0, 0.0, 0.0]",0.0,"[None, None, [4824632, 4833632], [4824632, 4833632, 4838632], [4824632, 4833632, 4838632, 4827632], [4824632, 4833632, 4838632, 4827632, 4829632], [4824632, 4833632, 4838632, 4827632, 4829632, 4831632], [4824632, 4833632, 4838632, 4827632, 4829632, 4831632, 4835632], [4824632, 4833632, 4838632, 4827632, 4829632, 4831632, 4835632, 4841632], [4824632, 4833632, 4838632, 4827632, 4829632, 4831632, 4835632, 4841632, 4843632]]",[2],CinC_Challenge,4 GB,SCAMPI (4 GB),0.0,0.0
123,6375000,4096,SCAMPI (4 GB),8.5535509586,7.355130918,0.693833255,4597.46484375,"[0.0, 0.0, 0.0, 0.0, 0.0, 0.0, 0.0, 0.0, 0.0, 0.0]",0.0,"[None, None, [4823239, 4826239], [4823239, 4826239, 4829239], [4823239, 4826239, 4829239, 4832239], [4823239, 4826239, 4829239, 4832239, 4835239], [4823239, 4826239, 4829239, 4832239, 4835239, 4838239], [4823239, 4826239, 4829239, 4832239, 4835239, 4838239, 4841239], [4823239, 4826239, 4829239, 4832239, 4835239, 4838239, 4841239, 4844239], [4823239, 4826239, 4829239, 4832239, 4835239, 4838239, 4841239, 4844239, 4847239]]",[2],CinC_Challenge,4 GB,SCAMPI (4 GB),0.0,0.0
124,2100777,512,SCAMPI (1 GB),2.8474135399000002,2.411283579,0.20909792,4593.8828125,"[1.2880000000000002e-07, 1.2880000000000002e-07, 1.2880000000000002e-07, 6.408067358e-20, 1.622913815e-19, 7.963493883e-18, 6e-10, 9e-10, 1.3e-09, 1.7000000000000001e-09]",4.0757700000000005e-05,"[None, None, [192066, 584002], [595681, 616681, 1009141], [595681, 616681, 1009141, 1014793], [674461, 595681, 616681, 1009141, 1014793], [674461, 595681, 616681, 1009141, 1014793, 48769], [674461, 595681, 616681, 1009141, 1014793, 48769, 25437], [674461, 595681, 616681, 1009141, 1014793, 48769, 25437, 2011193], [674461, 595681, 616681, 1009141, 1014793, 48769, 25437, 2011193, 37329]]",[2],water,1 GB,SCAMPI (1 GB),4.123105625617661e-05,4.733562561766048e-07
125,2100777,1024,SCAMPI (1 GB),3.9413256645,3.675417059,0.10042529300000001,4593.8828125,"[1.768359881e-19, 1.768359881e-19, 1.768359881e-19, 9.463436596e-18, 1.41e-08, 3.84e-08, 2.164e-07, 2.852e-07, 4.372e-07, 6.642e-07]",0.0008149733000000001,"[None, None, [24901, 53793], [76817, 24901, 53793], [76817, 24901, 53793, 30445], [24901, 53793, 30445, 726069, 76817], [48767, 151639, 221251, 169299, 800991, 204015], [48767, 151639, 221251, 169299, 800991, 204015, 1031307], [48766, 151638, 221250, 169298, 800990, 204014, 1031306, 365102], [48767, 151639, 221251, 169299, 800991, 204015, 1031307, 365103, 411279]]",[2],water,1 GB,SCAMPI (1 GB),0.0008149846624323675,1.1362432367385822e-08
126,2100777,2048,SCAMPI (1 GB),26.2600324154,5.447716099,16.454427054,4593.8828125,"[5.2049556171, 5.2049556171, 5.2049556171, 10.469730694, 18.053668497, 23.5423328795, 26.6898249172, 39.663071984, 42.5008781564, 66.182457626]",0.5528328318,"[None, None, [179277, 1629766], [1232173, 1289621, 895392], [1289554, 1232098, 895322, 138914], [1353242, 1784985, 2003688, 673120, 915064], [1353242, 1784985, 863273, 2003688, 673120, 915064], [1214647, 909259, 673111, 1180074, 1664080, 915061, 1353229], [1214647, 909259, 673111, 1180074, 1664080, 915061, 1353229, 363861], [1520097, 736366, 1295405, 1220293, 1664042, 1796555, 2003655, 776668, 903534]]",[8],water,1 GB,SCAMPI (1 GB),8.13526014494927,7.582427313149269
127,2100777,4096,SCAMPI (1 GB),22.1604776382,4.958175415,13.374651959,4593.8828125,"[58.3595937775, 58.3595937775, 58.3595937775, 85.1412401062, 191.7996840185, 267.4725045566, 320.2760445667, 338.5547330264, 352.2717742946, 447.2471750867]",0.7254233545000001,"[None, None, [136689, 872555], [1190689, 908557, 850869], [1190879, 851080, 828133, 1876673], [28866, 1214086, 1496328, 851039, 161469], [1784565, 977948, 1260395, 1623405, 1098966, 1219806], [1587288, 136931, 872799, 309533, 976305, 901438, 705762], [1587288, 136931, 872799, 309533, 976305, 901438, 705762, 142843], [1784565, 977948, 1260377, 1623405, 1916940, 1098966, 1219806, 547776, 770508]]","[3, 8]",water,1 GB,SCAMPI (1 GB),21.14821919421822,20.422795839718223
128,7583000,512,SCAMPI (16 GB),166.2682843208,58.216633201,76.157356717,17604.94140625,"[1.6793944965, 1.6793944965, 1.6793944965, 1.9581173713, 2.7370468362, 5.8752644279, 7.5202881787, 8.4600359103, 9.6837453008, 11.3867527443]",2.6444452495,"[None, None, [5801858, 5882495], [5909349, 5563046, 5935973], [5882496, 5801859, 5771477, 5862529], [5563042, 5909345, 5935969, 5706433, 5539240], [5737679, 5935968, 5563041, 6152589, 5909344, 5706432], [5935971, 5909347, 5563044, 5539242, 6152592, 5706435, 5737682], [5563040, 5909343, 5706431, 5935967, 5539238, 5647795, 6152588, 5737678], [5554893, 5563039, 5706430, 5935966, 5909342, 5647794, 6152587, 5539237, 5737677]]",[4],Lab_K_060314,16 GB,SCAMPI (16 GB),3.3744262837258723,0.7299810342258723
129,7583000,1024,SCAMPI (16 GB),164.7778789997,57.440966619,76.309998373,17570.95703125,"[4.9251685145, 4.9251685145, 4.9251685145, 5.9022795386, 9.7575458047, 17.0295214092, 18.5913297103, 24.923504689, 30.5379443608, 31.1684338347]",3.9502929877,"[None, None, [5562535, 5908838], [5908837, 5562534, 5935461], [5838771, 5994434, 5770459, 5861511], [6152080, 5935459, 5705923, 5562532, 5737170], [5562530, 5908833, 5935457, 5705921, 6152078, 5737168], [5908831, 5562528, 5935455, 5705919, 5647283, 6152076, 5737166], [5908830, 5562527, 5935454, 5554381, 5705918, 5647282, 5737165, 5653311], [5554381, 5562527, 5705918, 5935454, 5908830, 5647282, 6152075, 5737165, 5653311]]",[6],Lab_K_060314,16 GB,SCAMPI (16 GB),5.582869677388144,1.6325766896881442
130,7583000,2048,SCAMPI (16 GB),173.9052994251,58.626924471,82.580635332,17568.82421875,"[15.4698666499, 15.4698666499, 15.4698666499, 19.2139425971, 33.1012032693, 47.86191719, 58.2158509396, 66.6116686235, 88.8712241488, 130.2010759451]",5.1877498885,"[None, None, [5561511, 5907814], [5561510, 5907813, 5934437], [5837747, 5769435, 5993410, 5860487], [5561508, 5907811, 5934435, 5704899, 5736146], [5704897, 5561506, 5907809, 5934433, 6151054, 5736144], [6695710, 6835568, 6799554, 6963666, 7098626, 7337713, 6997860], [6997659, 6963467, 6835358, 6799361, 6695510, 7098421, 7337506, 7110777], [6799466, 6835480, 6963587, 7098532, 6695622, 7337624, 6997769, 7110879, 3019895]]","[3, 7]",Lab_K_060314,16 GB,SCAMPI (16 GB),11.41056860744021,6.22281871894021
131,7583000,4096,SCAMPI (16 GB),214.794172287,49.374407719,122.460465693,17509.9453125,"[54.3090849921, 54.3090849921, 54.3090849921, 66.7615187305, 92.2112461671, 96.5153956441, 101.046275556, 138.635269921, 157.3856373136, 268.4096931816]",6.5561049734,"[None, None, [5559462, 5905765], [5905765, 5559462, 5932389], [6996463, 6962272, 6834162, 7097230], [6798167, 6834169, 7097236, 6962282, 6996466], [6694321, 6962277, 7097237, 6798166, 6996469, 6834176], [7110706, 6799289, 6963399, 7098350, 7337436, 6835290, 6997585], [6799071, 7098133, 6835085, 6963182, 6997377, 7110485, 6695225, 7337232], [6694650, 7097566, 6962605, 6798497, 6996793, 6834509, 7109922, 7336657, 3018937]]","[3, 8]",Lab_K_060314,16 GB,SCAMPI (16 GB),16.383213762311716,9.827108788911715
132,2102701,512,SCAMPI (4 GB),3.2917420864,2.649433,0.40881202800000005,4598.2578125,"[8.00025e-05, 8.00025e-05, 8.00025e-05, 0.0001460594, 0.0002357628, 0.0002894838, 0.0003971316, 0.00042224490000000004, 0.000469712, 0.0004977045]",0.0074098734,"[None, None, [995371, 1508491], [265281, 1103241, 969321], [265271, 969311, 616571, 1103231], [265175, 616475, 530075, 924515, 177395], [704295, 361695, 969255, 177435, 265215, 1103175], [704255, 361655, 969215, 177395, 265175, 1103135, 530075], [969273, 265233, 177453, 704313, 616533, 361713, 1103193, 1797213], [265173, 616473, 530073, 924513, 177393, 969213, 1103133, 704253, 361653]]",[2],SpainishEnergyDataset,4 GB,SCAMPI (4 GB),0.022309291786159417,0.014899418386159418
133,2102701,1024,SCAMPI (4 GB),4.3964555264,3.55617274,0.561278948,4598.2578125,"[0.0005823949000000001, 0.0005823949000000001, 0.0005823949000000001, 0.0008515593, 0.0015124638, 0.0017728659, 0.0021371129, 0.0024588435000000002, 0.0024797545, 0.0028665967]",0.0473120422,"[None, None, [264906, 968946], [703987, 264907, 968947], [184390, 264970, 924310, 969010], [616239, 968979, 264939, 177159, 704019], [881047, 264907, 177127, 1012147, 703987, 968947], [177159, 1012179, 881079, 264939, 616239, 704019, 968979], [184400, 264980, 924320, 969020, 616280, 177200, 881120, 704060], [177200, 1012220, 264980, 881120, 616280, 704060, 184400, 969020, 924320]]",[8],SpainishEnergyDataset,4 GB,SCAMPI (4 GB),0.053540607953216225,0.006228565753216224
134,2102701,2048,SCAMPI (4 GB),8.575343132,5.349804927,2.719786089,4598.2578125,"[0.0027693347000000003, 0.0027693347000000003, 0.0027693347000000003, 0.0053196071, 0.0061532643, 0.0101170203, 0.010952132600000001, 0.013592799000000001, 0.014770766400000001, 0.0172921306]",0.1295637178,"[None, None, [573864, 791244], [615570, 791190, 835770], [573834, 791214, 835794, 615594], [923427, 968127, 1011327, 264087, 528987], [923400, 968100, 703140, 1011300, 264060, 528960], [264085, 528985, 968125, 923425, 1011325, 747805, 703165], [264085, 528985, 968125, 923425, 1011325, 747805, 703165, 1663645], [747815, 1011335, 528995, 264095, 923435, 703175, 176315, 968135, 835595]]","[4, 8]",SpainishEnergyDataset,4 GB,SCAMPI (4 GB),0.13149954600682087,0.0019358282068208665
135,2102701,4096,SCAMPI (4 GB),15.442841053,8.723212912,5.430665425,4598.2578125,"[0.022275671400000002, 0.022275671400000002, 0.022275671400000002, 0.0313014935, 0.0505489526, 0.056418541600000004, 0.0595179018, 0.0735654302, 0.09098011310000001, 0.11451333080000001]",0.3281784998,"[None, None, [789727, 834307], [789728, 834308, 701888], [701887, 789727, 834307, 746527], [1010048, 701888, 789728, 966848, 834308], [789602, 834182, 701762, 1009922, 746402, 966722], [701885, 1010045, 789725, 834305, 746525, 922145, 966845], [789729, 834309, 701889, 614109, 1010049, 746529, 966849, 658689], [789730, 834310, 701890, 614110, 1010050, 746530, 966850, 922150, 658690]]",[6],SpainishEnergyDataset,4 GB,SCAMPI (4 GB),0.3383981838012728,0.010219684001272766
136,1330816,512,SCAMPI (0.25 GB),10.3525338173,4.607292175,4.806939504,6784.69140625,"[1.6772400000000002e-05, 1.6772400000000002e-05, 1.6772400000000002e-05, 0.0001805504, 0.0033154766, 0.0367193799, 0.07046800040000001, 0.11017676600000001, 0.158022777, 0.2350994546]",0.19641121620000002,"[None, None, [356692, 1059820], [100911, 356692, 1059820], [356692, 1059820, 100909, 463391], [356692, 1059820, 100909, 463391, 531621], [90502, 207928, 271811, 503560, 219784, 1145878], [90488, 207914, 776497, 503546, 271797, 219770, 1145864], [623338, 626813, 619856, 615217, 460510, 230754, 512758, 611709], [623315, 626790, 611688, 619832, 615193, 230730, 512735, 460489, 443500]]",[3],stator_winding,0.25 GB,SCAMPI (0.25 GB),0.484870554478203,0.28845933827820297
137,1330816,1024,SCAMPI (0.25 GB),10.8837273121,5.062753816,4.756122776,6784.69140625,"[0.0274897409, 0.0274897409, 0.0274897409, 0.1027200236, 0.2004603362, 0.2174453676, 0.2470005575, 0.336904849, 0.36056543280000003, 0.43565143370000003]",0.24212028100000002,"[None, None, [89990, 207416], [606095, 609141, 612567], [460150, 622978, 626454, 611352], [230565, 512570, 623149, 615029, 619665], [619669, 623151, 230569, 615033, 512574, 611526], [604993, 608054, 611524, 512573, 230570, 615031, 619668], [460246, 255157, 611449, 623072, 230493, 619593, 512497, 614955], [623107, 230525, 619625, 512530, 611481, 614987, 443289, 460277, 255187]]",[8],stator_winding,0.25 GB,SCAMPI (0.25 GB),0.6600389637741093,0.41791868277410926
138,1330816,2048,SCAMPI (0.25 GB),9.601872921,3.277378392,5.234231655,6784.69140625,"[0.17200605330000002, 0.17200605330000002, 0.17200605330000002, 0.367601638, 0.4378021734, 0.5877922922000001, 0.6460723693, 0.6690466347, 0.9121431471, 1.0223540943]",0.36012709740000004,"[None, None, [605948, 608995], [507733, 79478, 213746], [507733, 79478, 213746, 64871], [263885, 213644, 79380, 507632, 557148], [507730, 79474, 64867, 557245, 213739, 58263], [507730, 79474, 64867, 557245, 213739, 58263, 263985], [507730, 79474, 64867, 557245, 213739, 58263, 263985, 236113], [557226, 213723, 507711, 79457, 58241, 64850, 263960, 576432, 496911]]",[7],stator_winding,0.25 GB,SCAMPI (0.25 GB),1.0111152725085306,0.6509881751085306
139,1330816,4096,SCAMPI (0.25 GB),10.2881436348,2.248623468,6.827014672,6784.69140625,"[0.5271601452, 0.5271601452, 0.5271601452, 0.8075837988, 0.9043787415000001, 1.1120373469, 1.3766454546, 1.5755950644, 1.7135001483, 2.6699501358]",0.5981058290000001,"[None, None, [77417, 211685], [78538, 263047, 212807], [57587, 556569, 213067, 263306], [57588, 213067, 556569, 263307, 575774], [263283, 213043, 78773, 575753, 556546, 57566], [57587, 556569, 213067, 263306, 575773, 78796, 438878], [213037, 263276, 556538, 78769, 57556, 496219, 575749, 438851], [597093, 57628, 213111, 263352, 556610, 478542, 575816, 78842, 7058]]",[8],stator_winding,0.25 GB,SCAMPI (0.25 GB),1.63399820556817,1.03589237656817
140,1799997,512,SCAMPI (1 GB),10.1174652576,8.405672178,1.577284012,4587.8828125,"[0.2998961314, 0.2998961314, 0.2998961314, 0.4830394633, 1.0975699423, 1.0975699423, 1.0975699423, 2.0149725741, 2.3152386118, 2.3152386118]",0.0073315315,"[None, None, [1362297, 1208050], [1362297, 1208050, 1090025], [1362297, 1208050, 1090025, 1693717], [1362297, 1208050, 1090025, 1693717, 65714], [1362297, 1208050, 1090025, 1693717, 65714, 1671024], [1362297, 1208050, 1090025, 1693717, 65714, 1671024, 782684], [1362297, 1208050, 1090025, 1693717, 65714, 1671024, 782684, 960101], [1362297, 1208050, 1090025, 1693717, 65714, 1671024, 782684, 960101, 599215]]",[6],Challenge2009Respiration500HZ,1 GB,SCAMPI (1 GB),1.5215908161526213,1.5142592846526213
141,1799997,1024,SCAMPI (1 GB),28.0777914524,12.532168706,11.264648847,4587.8828125,"[2.0563017518, 2.0563017518, 2.0563017518, 4.0710806949, 5.1905830676, 10.4977734245, 10.4977734245, 10.4977734245, 10.6236090927, 10.6236090927]",0.15014660130000002,"[None, None, [1361909, 51017], [1361909, 51017, 1279094], [1361909, 51017, 1279094, 377201], [1361909, 51017, 1279094, 377201, 1547162], [1361909, 51017, 1279094, 377201, 1547162, 130202], [1361909, 51017, 1279094, 377201, 1547162, 130202, 34215], [1361909, 51017, 1279094, 377201, 1547162, 130202, 34215, 299489], [1361909, 51017, 1279094, 377201, 1547162, 130202, 34215, 299489, 1046993]]",[7],Challenge2009Respiration500HZ,1 GB,SCAMPI (1 GB),3.2593878401779683,3.1092412388779684
142,1799997,2048,SCAMPI (1 GB),24.0307941437,5.437278555,13.984672525,4587.8828125,"[3.2983930468000002, 3.2983930468000002, 3.2983930468000002, 14.4700550844, 27.5356244543, 31.8720009041, 53.514908417, 61.3496157127, 62.6382397469, 73.7100268275]",0.5128350304,"[None, None, [1041749, 1531944], [1501546, 1471626, 1539993], [818123, 1086646, 4046, 984527], [984585, 1086704, 1084465, 818177, 1088938], [1048038, 1385268, 537293, 690298, 1573618, 1008737], [1361134, 1411720, 1096353, 1046177, 1103956, 1335443, 764712], [1361134, 1411720, 1096353, 1046177, 1103956, 1335443, 764712, 33426], [1361134, 1411720, 1096353, 1046177, 1103956, 1335443, 764712, 33426, 777219]]","[5, 8]",Challenge2009Respiration500HZ,1 GB,SCAMPI (1 GB),8.58545437513356,8.07261934473356
143,1799997,4096,SCAMPI (1 GB),39.604474067700004,5.409765865,29.948849393,4587.8828125,"[47.5951127142, 47.5951127142, 47.5951127142, 108.2566078324, 176.9753755073, 241.4723738682, 337.0760960281, 373.0007536164, 516.7577950907, 546.9800890605]",0.9244488304,"[None, None, [363755, 992678], [128948, 363951, 992863], [907543, 1085003, 1082730, 1580165], [1433613, 1082926, 1582629, 1068165, 1580353], [1264150, 1082936, 1087384, 1418370, 14727, 1500176], [508826, 1165868, 14540, 1084959, 1082737, 907443, 1433400], [907711, 1082927, 1068166, 1582636, 1418414, 668556, 1325936, 1110388], [907711, 1082927, 1068166, 1582636, 1418414, 668556, 1325936, 1110388, 1511180]]",[7],Challenge2009Respiration500HZ,1 GB,SCAMPI (1 GB),23.387605458030542,22.463156627630543
144,8066432,512,SCAMPI (0.25 GB),11.0905401707,3.158089825,5.943494026,4582.68359375,"[0.0932997889, 0.0932997889, 0.0932997889, 0.23627257510000002, 0.37019100520000003, 0.5580737050000001, 0.7172861663, 0.7172861663, 0.8534079798, 0.9494603091]",0.0651377716,"[None, None, [169336, 668593], [1157602, 1635741, 1264777], [2195162, 1635746, 1157608, 2848414], [5075502, 3051367, 1321990, 7661279, 7565551], [1287069, 2009779, 7091023, 5810178, 1180507, 2883807], [1287074, 2009779, 7091023, 5810178, 1180507, 2883807, 5519488], [1287069, 2009779, 7091023, 5810178, 1180507, 2883807, 3629171, 5519486], [7091023, 1287074, 2009779, 5810178, 2883807, 1180507, 5519488, 3629171, 2559743]]",[7],solarwind,0.25 GB,SCAMPI (0.25 GB),0.9744025395594985,0.9092647679594985
145,8066432,1024,SCAMPI (0.25 GB),15.8933982849,7.485434801,6.280628939,4582.68359375,"[0.5649530734, 0.5649530734, 0.5649530734, 1.2676145661, 2.0969584068, 2.807290966, 4.4450124767, 8.3912852597, 15.0528428434, 18.3812197966]",0.08866624470000001,"[None, None, [2506049, 4270909], [2204353, 1635629, 1251047], [2026, 7143390, 1861551, 6901757], [2025, 7143389, 1861550, 6901757, 1299290], [2026, 7143390, 1861551, 6901757, 233252, 1299290], [2026, 7143390, 1861551, 6901757, 233252, 1299290, 3929824], [5433514, 7462034, 6884753, 141269, 5185706, 2166101, 4926403, 2170590], [1582730, 440852, 52714, 448998, 7962884, 7917134, 1362780, 903609, 7276206]]",[6],solarwind,0.25 GB,SCAMPI (0.25 GB),4.287332480295877,4.198666235595877
146,8066432,2048,SCAMPI (0.25 GB),25.726344347,11.292601103,12.125198861,4582.68359375,"[7.188003458, 7.188003458, 7.188003458, 19.220687123, 30.7755373486, 40.6637462979, 44.6631110029, 54.6410253411, 70.5943581042, 70.6192600958]",0.1435663071,"[None, None, [1518644, 7290443], [5569495, 261127, 6304045], [1196387, 3627523, 5462825, 264552], [2707264, 5462821, 264552, 3627523, 7841250], [857526, 2590213, 2411158, 4736126, 6901142, 3558766], [4796631, 3627523, 264554, 5462825, 1196388, 14692, 2707267], [3627522, 7841250, 1196386, 5462821, 1254637, 264552, 4796631, 2707264], [3627521, 7841250, 1196386, 5462821, 1254637, 264552, 4796631, 1577561, 2707264]]",[6],solarwind,0.25 GB,SCAMPI (0.25 GB),8.403526646343188,8.259960339243188
147,8066432,4096,SCAMPI (0.25 GB),28.3285865784,10.461401944,15.533921951,4582.68359375,"[51.6230019489, 51.6230019489, 51.6230019489, 163.6606040932, 433.7618112429, 483.2308361146, 697.8810389916, 723.6129456542, 981.8858631449, 989.6071480789]",0.2016782225,"[None, None, [2035502, 3306672], [1162846, 4270587, 1519157], [7252315, 4550149, 2035483, 3306650], [1179854, 1215581, 1013055, 271215, 381348], [1105003, 7906059, 4805920, 2720270, 1339558, 2594839], [2594839, 2720270, 6661008, 1105014, 7906059, 715286, 1339558], [1472675, 891283, 3303986, 761191, 5231894, 5143551, 1188350, 2239168], [2594839, 2720270, 6661008, 1105014, 7906059, 715286, 1339558, 3334765, 4996896]]","[3, 5, 7]",solarwind,0.25 GB,SCAMPI (0.25 GB),31.45802199883044,31.25634377633044
148,7583000,512,SCAMPI (4 GB),69.0330901146,33.108983312,25.687790559,5345.99609375,"[1.6793944965, 1.6793944965, 1.6793944965, 1.9581173713, 2.7370468362, 5.8752644279, 7.5531152951000005, 8.4600359103, 10.7539042635, 11.3867527443]",2.0671917142,"[None, None, [5801858, 5882495], [5909349, 5563046, 5935973], [5882496, 5801859, 5771477, 5862529], [5563042, 5909345, 5935969, 5706433, 5539240], [5737680, 6152590, 5563042, 5935969, 5706433, 5909345], [5935971, 5909347, 5563044, 5539242, 6152592, 5706435, 5737682], [6152587, 5935966, 5909342, 5554893, 5563039, 5539237, 5737677, 5706430], [6152587, 5935966, 5909342, 5554893, 5563039, 5539237, 5737677, 5706430, 5647794]]","[4, 7]",Lab_K_060314,4 GB,SCAMPI (4 GB),3.3744262837258723,1.3072345695258725
149,7583000,1024,SCAMPI (4 GB),65.0691606998,32.545849978,23.576273041,5347.3125,"[4.9251685145, 4.9251685145, 4.9251685145, 5.9022795386, 9.7575458047, 17.5921902081, 23.1736772198, 36.6421030818, 44.8212808809, 85.7046730488]",3.0000127165,"[None, None, [5562535, 5908838], [5908837, 5562534, 5935461], [5838771, 5994434, 5770459, 5861511], [6152079, 5935458, 5562531, 5705922, 5737169], [5908831, 5562528, 5935455, 5705919, 5647283, 5737166], [5562531, 5908834, 5935458, 5705922, 5881476, 5966932, 6022286], [5562531, 5908834, 5935458, 5705922, 6152079, 5881476, 5966932, 6022286], [5562531, 5908834, 5935458, 5705922, 6152079, 5881476, 5966932, 6022286, 5800840]]",[8],Lab_K_060314,4 GB,SCAMPI (4 GB),9.25768183989923,6.25766912339923
150,7583000,2048,SCAMPI (4 GB),72.9257657528,32.704920083,29.292391852,5347.87109375,"[15.4698666499, 15.4698666499, 15.4698666499, 19.2139425971, 33.1012032693, 47.86191719, 62.6516719617, 66.5807800198, 89.0221209276, 130.1832891957]",4.0799897619,"[None, None, [5561511, 5907814], [5907813, 5561510, 5934437], [5769435, 5837747, 5860487, 5993410], [5561508, 5907811, 5934435, 5704899, 5736146], [6799539, 6835552, 6963655, 7098605, 6695690, 7337694], [6963665, 6835552, 6997855, 6799548, 7098619, 7337709, 6695705], [7110772, 6835366, 7337503, 6963465, 7098428, 6799338, 6695505, 6997654], [6835512, 6799499, 6963622, 7098575, 7337653, 6997813, 6695663, 7110929, 3019940]]","[3, 7]",Lab_K_060314,4 GB,SCAMPI (4 GB),11.409789182789488,7.329799420889488
151,7583000,4096,SCAMPI (4 GB),73.0878813267,23.685796446,37.254467541,5349.01953125,"[61.2676124787, 61.2676124787, 61.2676124787, 75.7835271022, 92.2824846924, 96.5232958625, 102.3695555234, 139.3662576107, 157.5133180766, 268.9573858766]",4.791636015,"[None, None, [5559460, 5905763], [5559460, 5905763, 5932387], [6996454, 6962263, 6834153, 7097221], [7097242, 6962292, 6834178, 6798177, 6996476], [6694295, 6962251, 6996445, 6834151, 7097210, 6798140], [6835300, 6799290, 6963411, 7098360, 6997589, 7110709, 7337447], [7098145, 6799071, 6997383, 6835080, 6963176, 7110494, 6695224, 7337226], [7097506, 6962550, 6798437, 6996739, 6834442, 6694593, 7109857, 7336607, 3018887]]",[8],Lab_K_060314,4 GB,SCAMPI (4 GB),16.399920300922197,11.608284285922197
152,2100777,512,SCAMPI (16 GB),2.7316138744,2.299879002,0.205342666,4594.8828125,"[1.2880000000000002e-07, 1.2880000000000002e-07, 1.2880000000000002e-07, 6.408067358e-20, 1.622913815e-19, 7.963493883e-18, 6e-10, 9e-10, 1.3e-09, 1.7000000000000001e-09]",4.0757700000000005e-05,"[None, None, [192066, 584002], [595681, 616681, 1009141], [595681, 616681, 1009141, 1014793], [674461, 595681, 616681, 1009141, 1014793], [674461, 595681, 616681, 1009141, 1014793, 48769], [674461, 595681, 616681, 1009141, 1014793, 48769, 25437], [674461, 595681, 616681, 1009141, 1014793, 48769, 25437, 2011193], [674461, 595681, 616681, 1009141, 1014793, 48769, 25437, 2011193, 37329]]",[2],water,16 GB,SCAMPI (16 GB),4.123105625617661e-05,4.733562561766048e-07
153,2100777,1024,SCAMPI (16 GB),3.9444622993,3.664923866,0.106241178,4594.8828125,"[1.768359881e-19, 1.768359881e-19, 1.768359881e-19, 9.463436596e-18, 1.41e-08, 3.84e-08, 2.164e-07, 2.852e-07, 4.372e-07, 6.642e-07]",0.0008149733000000001,"[None, None, [24901, 53793], [76817, 24901, 53793], [76817, 24901, 53793, 30445], [24901, 53793, 30445, 726069, 76817], [48767, 151639, 221251, 169299, 800991, 204015], [48767, 151639, 221251, 169299, 800991, 204015, 1031307], [48766, 151638, 221250, 169298, 800990, 204014, 1031306, 365102], [48767, 151639, 221251, 169299, 800991, 204015, 1031307, 365103, 411279]]",[2],water,16 GB,SCAMPI (16 GB),0.0008149846624323675,1.1362432367385822e-08
154,2100777,2048,SCAMPI (16 GB),273.3058569431,46.140074871,169.7568863,6237.8359375,"[4.6109583188, 4.6109583188, 4.6109583188, 8.735835302, 11.0510452429, 16.113659321, 19.842265954, 23.6062306182, 27.4917800714, 33.8954222467]",1.0375081911,"[None, None, [179281, 1629767], [116176, 725149, 29449], [1082210, 116158, 29435, 725136], [1384310, 895292, 138880, 1289528, 1232078], [1289495, 1232038, 1526074, 588360, 1589215, 138834], [1635602, 863297, 1509106, 116177, 1295479, 1664121, 392451], [116195, 1082241, 29473, 1664135, 863311, 1577706, 392454, 1324424], [725161, 29463, 1768279, 1082238, 1577698, 1635612, 1330359, 1664135, 392463]]",[4],water,16 GB,SCAMPI (16 GB),5.821977520284667,4.784469329184668
155,2100777,4096,SCAMPI (16 GB),282.9107172489,42.74471115,182.70734813,6237.8359375,"[43.3149334913, 43.3149334913, 43.3149334913, 83.8202314692, 128.9861527083, 171.7263423918, 216.1903704002, 233.787875637, 282.0099278787, 310.5115459731]",1.8001246204,"[None, None, [826719, 953642], [1099239, 1876990, 1306801], [1213763, 850704, 908370, 1190503], [1617658, 2032144, 1306785, 1012661, 1836654], [857314, 576762, 828510, 340402, 1393437, 1877005], [857314, 576762, 138898, 828510, 340402, 1393437, 1877005], [857413, 576831, 828634, 938160, 1727653, 1191302, 1393519, 1877081], [1179858, 1876961, 2037862, 1012596, 1018355, 736147, 1306771, 340251, 615478]]",[7],water,16 GB,SCAMPI (16 GB),17.62133780316069,15.821213182760689
156,449919,512,SCAMPI (1 GB),1.3609242439,0.863431798,0.10420968800000001,8999.2109375,"[0.0, 0.0, 0.0, 0.0, 4.1294e-06, 2.48571e-05, 4.80124e-05, 7.64758e-05, 0.0001285675, 0.000143033]",0.0075740331000000004,"[None, None, [230909, 66059], [156525, 181573, 233997], [156525, 181573, 233997, 69457], [156531, 181579, 234003, 69463, 74244], [156531, 181579, 234003, 69463, 74244, 328310], [156531, 181579, 234003, 69463, 74244, 328310, 103771], [69463, 234003, 74244, 328310, 103771, 181579, 92529, 156531], [165785, 211072, 188717, 48362, 417337, 374642, 415339, 115242, 245098]]",[4],swtAttack7,1 GB,SCAMPI (1 GB),0.011959640462823287,0.004385607362823287
157,449919,1024,SCAMPI (1 GB),41.6304788589,9.113122611,29.310896795,8932.44140625,"[0.0, 0.0, 0.0, 3.086e-07, 0.3452807992, 1.8167255148, 1.9849202653, 2.2180866828, 2.417386391, 2.5960712083]",1.4226956762,"[None, None, [57053, 232626], [56702, 230960, 386991], [56704, 230962, 386993, 95364], [401095, 399696, 301953, 404974, 415543], [404974, 401095, 399696, 415542, 301952, 308019], [399671, 401070, 301928, 415519, 411654, 446114, 335219], [446135, 399693, 301949, 415540, 308018, 401091, 404971, 394355], [411669, 301942, 335233, 401084, 415532, 399685, 308010, 394348, 446128]]",[3],swtAttack7,1 GB,SCAMPI (1 GB),1.6112328224995915,0.1885371462995915
158,449919,2048,SCAMPI (1 GB),41.7003672123,9.694322805,29.043663186,8932.44140625,"[0.9047688931000001, 0.9047688931000001, 0.9047688931000001, 2.748989724, 4.5109382615, 7.183308127, 10.0106648745, 12.0919067438, 13.8755896563, 16.1517280884]",2.1040544333,"[None, None, [299081, 309480], [298988, 309387, 432845], [432913, 299056, 309455, 340581], [281518, 351178, 346272, 356308, 366858], [356305, 366858, 351175, 346268, 281514, 273683], [356232, 366785, 351102, 361571, 281443, 346197, 273610], [393338, 414524, 292338, 403953, 300933, 398672, 425138, 388020], [292316, 393316, 414504, 403934, 425120, 300916, 398655, 382674, 388000]]",[2],swtAttack7,1 GB,SCAMPI (1 GB),4.018921259293344,1.914866825993344
159,449919,4096,SCAMPI (1 GB),53.2404325008,8.283654508,41.363114568,8932.44140625,"[6.1782433662, 6.1782433662, 6.1782433662, 20.8461964208, 35.0933819443, 41.088444347, 79.2218879313, 128.788573555, 163.8198117303, 234.656996952]",2.8579999782,"[None, None, [309258, 432716], [309041, 432499, 298642], [385971, 396623, 408614, 332175], [396611, 385956, 417843, 408595, 332163], [396623, 385966, 408608, 332165, 417842, 326641], [385859, 396515, 348984, 359448, 408488, 417744, 332063], [214782, 119828, 111065, 161512, 227140, 169537, 104445, 128582], [161438, 111051, 169517, 178596, 214767, 119861, 128551, 227118, 183847]]","[5, 8]",swtAttack7,1 GB,SCAMPI (1 GB),15.318518105613219,12.460518127413218
160,1799997,512,SCAMPI (0.25 GB),9.3432314396,7.667583905,1.570531971,16584.453125,"[0.2998961314, 0.2998961314, 0.2998961314, 0.4830394633, 1.0975699423, 1.0975699423, 1.0975699423, 2.0149725741, 2.3152386118, 2.3152386118]",0.0073315315,"[None, None, [1362297, 1208050], [1362297, 1208050, 1090025], [1362297, 1208050, 1090025, 1693717], [1362297, 1208050, 1090025, 1693717, 65714], [1362297, 1208050, 1090025, 1693717, 65714, 1671024], [1362297, 1208050, 1090025, 1693717, 65714, 1671024, 782684], [1362297, 1208050, 1090025, 1693717, 65714, 1671024, 782684, 960101], [1362297, 1208050, 1090025, 1693717, 65714, 1671024, 782684, 960101, 599215]]",[6],Challenge2009Respiration500HZ,0.25 GB,SCAMPI (0.25 GB),1.5215908161526213,1.5142592846526213
161,1799997,1024,SCAMPI (0.25 GB),14.7770423889,10.542175351000001,3.138928949,16584.453125,"[2.0563017518, 2.0563017518, 2.0563017518, 4.0710806949, 5.1905830676, 10.4977734245, 10.4977734245, 10.4977734245, 10.6236090927, 10.6236090927]",0.0776620352,"[None, None, [1361909, 51017], [1361909, 51017, 1279094], [1361909, 51017, 1279094, 377201], [1361909, 51017, 1279094, 377201, 1547162], [1361909, 51017, 1279094, 377201, 1547162, 130202], [1361909, 51017, 1279094, 377201, 1547162, 130202, 34215], [1361909, 51017, 1279094, 377201, 1547162, 130202, 34215, 299489], [1361909, 51017, 1279094, 377201, 1547162, 130202, 34215, 299489, 1046993]]",[7],Challenge2009Respiration500HZ,0.25 GB,SCAMPI (0.25 GB),3.2593878401779683,3.1817258049779684
162,1799997,2048,SCAMPI (0.25 GB),9.8902702332,3.709325535,4.9758656530000005,16584.453125,"[4.5134349972, 4.5134349972, 4.5134349972, 14.4700550844, 26.0636073611, 36.7897187454, 44.0916893716, 47.7949989263, 54.5590799206, 63.2837225318]",0.3641871955,"[None, None, [1581258, 1583517], [1501546, 1471626, 1539993], [949047, 1066774, 1015067, 1024015], [1414766, 1572739, 1166934, 8780, 949014], [1024013, 1015065, 415826, 949045, 1066771, 13302], [761638, 980023, 1552551, 776320, 489395, 1509564, 1040579], [1066729, 949004, 1023970, 8768, 1519588, 1486019, 1015031, 1382499], [1773879, 1311984, 1262642, 548712, 531356, 625317, 1007895, 1521940, 1058683]]",[2],Challenge2009Respiration500HZ,0.25 GB,SCAMPI (0.25 GB),7.955106695186433,7.590919499686432
163,1799997,4096,SCAMPI (0.25 GB),9.7772240639,3.5771492940000003,5.039840528,16584.453125,"[53.5206880935, 53.5206880935, 53.5206880935, 108.2566078324, 247.0901282575, 334.5231556755, 544.0340275914, 831.1870753886, 938.3300459015, 1073.1678538256]",0.4542089629,"[None, None, [363955, 992879], [128948, 363951, 992863], [1582587, 1082920, 1433583, 1293777], [1582637, 537856, 668556, 1433621, 907711], [1582642, 537860, 668559, 1433625, 907712, 1511182], [1582637, 537856, 668556, 1433621, 907711, 1511180, 1102346], [157515, 192404, 262658, 128902, 363995, 1614198, 184827, 1189278], [192468, 157529, 992930, 364117, 128909, 1614183, 1189436, 184856, 263138]]","[3, 5]",Challenge2009Respiration500HZ,0.25 GB,SCAMPI (0.25 GB),32.759240739455485,32.30503177655549
164,5983000,512,SCAMPI (0.25 GB),13.3777120113,7.446055173,4.337480211,4598.3671875,"[0.0114649051, 0.0114649051, 0.0114649051, 0.0579207042, 0.0909013848, 0.4982839618, 0.6838865813, 1.231450187, 2.8433438735, 5.8572913152]",0.1929809382,"[None, None, [6703, 5943741], [6772, 5943809, 5889290], [5943720, 6682, 5889205, 1964420], [8637, 5945599, 3640958, 5821157, 2009325], [8637, 5945599, 3640958, 5821157, 2009325, 5145856], [3640982, 5945624, 8661, 5821176, 5145881, 5922764, 2009345], [3640991, 5945633, 8671, 5821184, 5145890, 5948818, 2009351, 5922766], [5945622, 3640980, 8659, 5821175, 5145879, 5922764, 2009339, 2609337, 1174528]]","[4, 6]",MGHSleepElectromyography,0.25 GB,SCAMPI (0.25 GB),2.420184149026681,2.2272032108266813
165,5983000,1024,SCAMPI (0.25 GB),22.174659729,7.416784039,12.386670369,4598.3671875,"[0.0406492336, 0.0406492336, 0.0406492336, 0.4350988665, 0.5348269874, 11.6980683691, 16.5367381716, 140.7376493152, 396.3622890019, 734.7289667054]",0.2796364805,"[None, None, [6687, 5943724], [1964459, 5889244, 5943763], [6723, 5943760, 5889241, 1964456], [8648, 5945609, 2009333, 3640966, 5821169], [8648, 5945609, 2009333, 3640966, 5821169, 5948803], [8648, 5945609, 2009333, 3640966, 5821169, 5948803, 5808866], [8704, 5945664, 2009395, 3599706, 5643508, 5944264, 7216, 1965019], [8704, 5945664, 2009395, 3599706, 5643508, 5944264, 7216, 1965019, 3705607]]","[4, 6]",MGHSleepElectromyography,0.25 GB,SCAMPI (0.25 GB),27.10588435571509,26.826247875215092
166,5983000,2048,SCAMPI (0.25 GB),22.0056355,13.791834852000001,6.615500755,4598.3671875,"[0.6584113075, 0.6584113075, 0.6584113075, 7.2120970916, 152.4047218099, 589.6219727429, 1709.6258862534, 2212.6412697813, 2212.6412697813, 2212.6412697813]",0.5510990746000001,"[None, None, [1964405, 5889190], [5945572, 8608, 2009296], [5922398, 8290, 5948436, 1174198], [5922398, 8290, 5948436, 1174198, 5183231], [7202, 5819743, 5921331, 3667066, 3876528, 5647860], [4527869, 2882576, 5106110, 2932526, 4627464, 5242585, 4565793], [4527869, 2882576, 5106110, 2932526, 4627464, 5242585, 4565793, 192435], [4527869, 2882576, 5106110, 2932526, 4627464, 5242585, 4565793, 192435, 1333503]]","[3, 5]",MGHSleepElectromyography,0.25 GB,SCAMPI (0.25 GB),47.03872096242945,46.48762188782945
167,5983000,4096,SCAMPI (0.25 GB),22.6362662315,7.94758364,12.627532151,4598.3671875,"[1.5377527307, 1.5377527307, 1.5377527307, 138.2164152521, 1656.9268181333, 1812.6554701922, 2304.2033510119, 5129.098913686, 5129.098913686, 5851.8272546263]",0.6119216996,"[None, None, [1964402, 5889187], [5922682, 2009264, 5145795], [5817600, 5919180, 2900733, 2873140], [5817600, 5919180, 2900733, 2873140, 2248431], [5817600, 5919180, 2900733, 2873140, 2248431, 5132078], [4526318, 74586, 5483236, 1256100, 2902927, 5955857, 5231513], [4526318, 74586, 5483236, 1256100, 2902927, 5955857, 5231513, 5819777], [4526318, 74586, 5483236, 1256100, 2902927, 5955857, 5231513, 5819777, 5588234]]","[3, 6, 8]",MGHSleepElectromyography,0.25 GB,SCAMPI (0.25 GB),76.49723690844199,75.88531520884199
168,440001,512,SCAMPI (2 GB),73.727399826,18.500912212,50.043796438,4563.69921875,"[4e-10, 4e-10, 4e-10, 0.18025940940000001, 0.2846429831, 0.48175502330000003, 0.6180962833, 0.7981133618, 0.9476154215, 0.9798905242]",0.6872441914,"[None, None, [3257, 46009], [148973, 346305, 347411], [184647, 208924, 261122, 364190], [345563, 182103, 344838, 272162, 184297], [261122, 208924, 184647, 186736, 364190, 263543], [200018, 262890, 177708, 193474, 208618, 181772, 179932], [199986, 241689, 177676, 193442, 208586, 157672, 181740, 179900], [200002, 262874, 177692, 193458, 208602, 157688, 181756, 179916, 99232]]",[2],Challenge2009TestSetA_101a,2 GB,SCAMPI (2 GB),0.9898941984878991,0.302650007087899
169,440001,1024,SCAMPI (2 GB),83.9381804466,17.529484617,59.174205849,4563.69921875,"[2.6057079368, 2.6057079368, 2.6057079368, 5.9556068911, 9.414848733, 11.1502696181, 18.804072187, 21.6528774069, 24.461764038, 34.0627199922]",1.967602596,"[None, None, [353592, 354430], [421334, 435783, 436629], [437471, 354409, 358038, 353570], [419654, 417219, 411600, 354843, 418034], [419669, 417234, 354857, 411613, 352335, 418049], [419671, 417237, 354859, 411615, 352337, 418051, 438350], [419665, 417230, 411610, 354853, 352331, 418045, 355652, 438344], [419646, 417211, 411591, 354833, 418026, 438325, 353999, 358045, 437481]]",[8],Challenge2009TestSetA_101a,2 GB,SCAMPI (2 GB),5.836327611794938,3.868725015794938
170,440001,2048,SCAMPI (2 GB),86.0171220303,17.338103751,61.059888787,4563.69921875,"[32.2292940525, 32.2292940525, 32.2292940525, 69.6616851551, 102.1885364366, 141.8449525743, 180.351778173, 229.387814221, 321.8073980187, 444.5532657063]",2.8839455648,"[None, None, [352983, 416195], [415941, 352729, 437056], [417416, 351298, 422788, 427668], [344934, 181101, 346419, 179260, 192804], [351168, 427536, 354494, 422657, 416875, 418909], [417241, 427088, 351124, 424678, 418866, 356856, 431963], [351125, 427489, 422621, 416834, 354442, 418049, 424676, 356452], [418879, 356872, 425103, 422632, 417665, 354466, 427501, 426307, 337924]]",[2],Challenge2009TestSetA_101a,2 GB,SCAMPI (2 GB),21.084431832665068,18.200486267865067
171,440001,4096,SCAMPI (2 GB),83.1012973785,16.020093746,59.539681,4563.69921875,"[201.8406556975, 201.8406556975, 201.8406556975, 487.8364019039, 814.5684854023, 1702.192324126, 1954.3226563792, 2857.857302683, 2998.177181236, 3521.652218237]",3.540490121,"[None, None, [353617, 424254], [352541, 420714, 415744], [352876, 416081, 420637, 422705], [416299, 353082, 421679, 423744, 426145], [419901, 430484, 415350, 435618, 351321, 422386], [343854, 179275, 176680, 194995, 141306, 346788, 145076], [206784, 345633, 175492, 180674, 131604, 27677, 195665, 165879], [179569, 344517, 346738, 134152, 131966, 206020, 173285, 193061, 363113]]","[6, 8]",Challenge2009TestSetA_101a,2 GB,SCAMPI (2 GB),59.34351032958027,55.80302020858027
172,8066432,512,SCAMPI (1 GB),24.8165378571,4.346705555,13.814955324,4582.68359375,"[0.0778829088, 0.0778829088, 0.0778829088, 0.1530690748, 0.30884444580000003, 0.41232320100000003, 0.4907456363, 0.5167956902, 0.7818454046000001, 0.8432121888]",0.1519881338,"[None, None, [4736812, 8016494], [2194845, 3663376, 1951625], [1180494, 3629163, 5519474, 1069887], [1635746, 2195162, 2848413, 1157605, 1264777], [7425211, 1738407, 1506508, 8018934, 6254103, 7448070], [1738411, 7425215, 1506512, 7448074, 6254107, 8018938, 2956255], [1474989, 1624641, 4014527, 2000996, 4810954, 328529, 1190527, 6175825], [1305053, 1635817, 6254116, 7448070, 8018937, 1157717, 60052, 7425214, 1738408]]","[3, 7]",solarwind,1 GB,SCAMPI (1 GB),0.9182658595417779,0.7662777257417779
173,8066432,1024,SCAMPI (1 GB),32.8329231739,8.974215282,16.895329532,4582.68359375,"[0.3907376098, 0.3907376098, 0.3907376098, 0.6914564447, 1.6231675298000001, 2.4648422504, 3.2951144146, 5.2089838057, 6.6291810073, 6.9260724183]",0.2138421195,"[None, None, [271608, 1475574], [1251053, 2204370, 1635646], [1251062, 2204379, 1635646, 7464459], [2204361, 1251047, 7323731, 4830332, 1264667], [6901759, 1299290, 1861551, 233233, 2026, 679265], [1861606, 679317, 7143438, 1299332, 2559603, 2944993, 233293], [7323709, 1635614, 4830305, 3920371, 2822486, 1594020, 2034728, 1264631], [7323709, 1635614, 4830305, 3920371, 2822486, 1594020, 2034728, 1264631, 937929]]","[3, 6]",solarwind,1 GB,SCAMPI (1 GB),2.6317432280334647,2.4179011085334645
174,8066432,2048,SCAMPI (1 GB),40.772143364,12.437964562,21.193940328,4582.68359375,"[4.0223202916, 4.0223202916, 4.0223202916, 15.5452806756, 35.349521163, 46.1744235855, 70.2592151996, 84.9963927687, 113.7769883559, 136.5594301253]",0.30980097840000004,"[None, None, [3627319, 3662207], [1543574, 1191129, 558957], [334280, 5989709, 329163, 4831517], [4774479, 4183481, 2203344, 2502062, 1411736], [3662330, 3615292, 1411841, 14558, 517381, 5462757], [1180135, 2883543, 1608635, 1853686, 7840339, 679175, 1410828], [7694958, 269778, 7762126, 2485373, 2502318, 1154387, 1833042, 5508017], [2485372, 7694958, 269778, 1154387, 1411924, 2502318, 5609667, 5531645, 5508017]]",[5],solarwind,1 GB,SCAMPI (1 GB),11.685864543340385,11.376063564940385
175,8066432,4096,SCAMPI (1 GB),49.5693280697,11.891982046,30.665251511,4582.68359375,"[51.6230019489, 51.6230019489, 51.6230019489, 154.0632756627, 295.6584954318, 483.2308361146, 751.349913094, 1048.3684826958, 1146.8182466839, 1503.0044295603]",0.4415117844,"[None, None, [2035502, 3306672], [4828602, 4269375, 1517919], [4549656, 270662, 1179397, 7695798], [1179854, 1215581, 1013055, 271215, 381348], [1179854, 1215581, 1013055, 271215, 381348, 1614713], [4754744, 1820329, 2802491, 827325, 2363133, 1198235, 1875904], [336543, 1198244, 3596700, 4754749, 250356, 2802499, 1174918, 7980010], [330945, 3858462, 2239291, 4626723, 1407291, 6334659, 3185944, 5920227, 2006716]]",[8],solarwind,1 GB,SCAMPI (1 GB),38.768601078196,38.327089293796
176,1875227,512,SCAMPI (4 GB),11.8366541862,10.047479994,1.6115450070000001,4593.8828125,"[10.1808337828, 10.1808337828, 10.1808337828, 24.9776977623, 36.7751672952, 36.7751672952, 36.7751672952, 42.2383768496, 42.2383768496, 42.2383768496]",0.0072233809000000005,"[None, None, [1419249, 598650], [1419249, 598650, 518993], [1419249, 598650, 518993, 1509977], [1419249, 598650, 518993, 1509977, 86977], [1419249, 598650, 518993, 1509977, 86977, 1726307], [1419249, 598650, 518993, 1509977, 86977, 1726307, 1584467], [1419249, 598650, 518993, 1509977, 86977, 1726307, 1584467, 1655932], [1419249, 598650, 518993, 1509977, 86977, 1726307, 1584467, 1655932, 104400]]",[6],HAR_Ambient_Sensor_Data,4 GB,SCAMPI (4 GB),6.499105850007369,6.491882469107368
177,1875227,1024,SCAMPI (4 GB),14.3521103859,12.049404624,2.049820861,4593.8828125,"[48.7198574039, 48.7198574039, 48.7198574039, 86.8418976202, 86.8418976202, 137.4530531934, 137.4530531934, 137.4530531934, 179.1017804423, 220.6883660092]",0.0158848897,"[None, None, [1418862, 1634131], [1418862, 1634131, 294725], [1418862, 1634131, 294725, 245793], [1418862, 1634131, 294725, 245793, 1518108], [1418862, 1634131, 294725, 245793, 1518108, 1744085], [1418862, 1634131, 294725, 245793, 1518108, 1744085, 415423], [1418862, 1634131, 294725, 245793, 1518108, 1744085, 415423, 272989], [1418862, 1634131, 294725, 245793, 1518108, 1744085, 415423, 272989, 493591]]",[7],HAR_Ambient_Sensor_Data,4 GB,SCAMPI (4 GB),14.855583664373473,14.839698774673472
178,1875227,2048,SCAMPI (4 GB),17.2067713737,13.189681071,3.55551096,4593.8828125,"[239.4244384829, 239.4244384829, 239.4244384829, 372.3480801919, 560.8261544915, 560.8261544915, 1002.0321938404, 1002.0321938404, 1002.0321938404, 1002.0321938404]",0.0231336897,"[None, None, [1418086, 1497513], [1418086, 1497513, 272218], [1418086, 1497513, 272218, 1332410], [1418086, 1497513, 272218, 1332410, 1707877], [1418086, 1497513, 272218, 1332410, 1707877, 1249745], [1418086, 1497513, 272218, 1332410, 1707877, 1249745, 98674], [1418086, 1497513, 272218, 1332410, 1707877, 1249745, 98674, 1842156], [1418086, 1497513, 272218, 1332410, 1707877, 1249745, 98674, 1842156, 1743281]]",[5],HAR_Ambient_Sensor_Data,4 GB,SCAMPI (4 GB),31.654892099648674,31.631758409948674
179,1875227,4096,SCAMPI (4 GB),79.5302321911,25.691807633,40.078385838,4593.8828125,"[2005.7164853285, 2005.7164853285, 2005.7164853285, 2028.5661270376, 2354.9301343517, 2354.9301343517, 3364.7112860702, 4300.5672066349, 4300.5672066349, 4300.5672066349]",0.4013719411,"[None, None, [1416536, 1706328], [1416536, 1706328, 1330862], [1416536, 1706328, 1330862, 1692287], [1416536, 1706328, 1330862, 1692287, 1495962], [1416536, 1706328, 1330862, 1692287, 1495962, 1392137], [1416536, 1706328, 1330862, 1692287, 1495962, 1392137, 415051], [1416536, 1706328, 1330862, 1692287, 1495962, 1392137, 415051, 5737], [1416536, 1706328, 1330862, 1692287, 1495962, 1392137, 415051, 5737, 879106]]",[5],HAR_Ambient_Sensor_Data,4 GB,SCAMPI (4 GB),65.57871001045156,65.17733806935156
180,449919,512,SCAMPI (0.5 GB),0.9887990952000001,0.8418419220000001,0.099853246,14367.23828125,"[0.0, 0.0, 0.0, 0.0, 4.1294e-06, 2.48571e-05, 4.80124e-05, 7.64758e-05, 0.0001285675, 0.000143033]",0.0075740331000000004,"[None, None, [230909, 66059], [156525, 181573, 233997], [156525, 181573, 233997, 69457], [156531, 181579, 234003, 69463, 74244], [156531, 181579, 234003, 69463, 74244, 328310], [156531, 181579, 234003, 69463, 74244, 328310, 103771], [69463, 234003, 74244, 328310, 103771, 181579, 92529, 156531], [165785, 211072, 188717, 48362, 417337, 374642, 415339, 115242, 245098]]",[4],swtAttack7,0.5 GB,SCAMPI (0.5 GB),0.011959640462823287,0.004385607362823287
181,449919,1024,SCAMPI (0.5 GB),21.8560497761,4.831555214,15.354059206,14367.23828125,"[0.0, 0.0, 0.0, 3.086e-07, 0.3452807992, 1.8162050922, 1.9849202653, 2.2180866828, 2.417386391, 2.5960712083]",1.2948129188,"[None, None, [57053, 232626], [56702, 230960, 386991], [56704, 230962, 386993, 95364], [404973, 401094, 415542, 301952, 399696], [401095, 399695, 301953, 404974, 308019, 415542], [399671, 401070, 301928, 415519, 411654, 446114, 335219], [404971, 401092, 415540, 301950, 399694, 308016, 446135, 394355], [411669, 301942, 335233, 401084, 415532, 399685, 308010, 394348, 446128]]",[3],swtAttack7,0.5 GB,SCAMPI (0.5 GB),1.6112328224995915,0.3164199036995916
182,449919,2048,SCAMPI (0.5 GB),22.5572564602,5.6879359130000005,15.299345315,14367.23828125,"[0.9047688931000001, 0.9047688931000001, 0.9047688931000001, 2.748989724, 4.5109382615, 7.1868723941, 10.0106648745, 12.1124835177, 13.9370799957, 16.0370038532]",1.8661401511,"[None, None, [299081, 309480], [298988, 309387, 432845], [432913, 299056, 309455, 340581], [281517, 351177, 346271, 366858, 356307], [351175, 366858, 346270, 356305, 281515, 273683], [346208, 351115, 366797, 281455, 273622, 356244, 361582], [393338, 414523, 292338, 403953, 300932, 398672, 425138, 388020], [393322, 292322, 414507, 403937, 300917, 425122, 398660, 388004, 382678]]",[2],swtAttack7,0.5 GB,SCAMPI (0.5 GB),4.004622810353055,2.1384826592530555
183,449919,4096,SCAMPI (0.5 GB),28.7008752823,5.086958185,21.769933675,14367.23828125,"[6.1782433662, 6.1782433662, 6.1782433662, 20.8461964208, 35.2545545411, 41.8167059366, 80.0859431648, 133.8960417966, 163.890977107, 234.92567196]",2.3754108637,"[None, None, [309258, 432716], [309041, 432499, 298642], [385969, 396623, 408609, 332172], [396608, 417841, 385948, 332153, 408593], [408606, 385965, 332171, 396607, 417844, 326639], [119849, 214784, 227137, 169570, 128556, 161461, 111077], [169621, 128550, 161507, 119882, 214837, 227167, 111062, 104442], [169565, 161465, 119844, 214746, 227119, 128583, 111054, 183919, 178611]]","[5, 8]",swtAttack7,0.5 GB,SCAMPI (0.5 GB),15.327285211673983,12.951874347973984
184,1799997,512,SCAMPI (8 GB),10.4835624695,8.777740792,1.577273011,4587.8828125,"[0.2998961314, 0.2998961314, 0.2998961314, 0.4830394633, 1.0975699423, 1.0975699423, 1.0975699423, 2.0149725741, 2.3152386118, 2.3152386118]",0.0073315315,"[None, None, [1362297, 1208050], [1362297, 1208050, 1090025], [1362297, 1208050, 1090025, 1693717], [1362297, 1208050, 1090025, 1693717, 65714], [1362297, 1208050, 1090025, 1693717, 65714, 1671024], [1362297, 1208050, 1090025, 1693717, 65714, 1671024, 782684], [1362297, 1208050, 1090025, 1693717, 65714, 1671024, 782684, 960101], [1362297, 1208050, 1090025, 1693717, 65714, 1671024, 782684, 960101, 599215]]",[6],Challenge2009Respiration500HZ,8 GB,SCAMPI (8 GB),1.5215908161526213,1.5142592846526213
185,1799997,1024,SCAMPI (8 GB),24.6707215309,16.303284782,6.597761685,4587.8828125,"[2.0563017518, 2.0563017518, 2.0563017518, 4.0710806949, 5.1905830676, 10.4977734245, 10.4977734245, 10.4977734245, 10.6236090927, 10.6236090927]",0.0362422831,"[None, None, [1361909, 51017], [1361909, 51017, 1279094], [1361909, 51017, 1279094, 377201], [1361909, 51017, 1279094, 377201, 1547162], [1361909, 51017, 1279094, 377201, 1547162, 130202], [1361909, 51017, 1279094, 377201, 1547162, 130202, 34215], [1361909, 51017, 1279094, 377201, 1547162, 130202, 34215, 299489], [1361909, 51017, 1279094, 377201, 1547162, 130202, 34215, 299489, 1046993]]",[7],Challenge2009Respiration500HZ,8 GB,SCAMPI (8 GB),3.2593878401779683,3.2231455570779683
186,1799997,2048,SCAMPI (8 GB),149.7190372944,23.305930195,95.061695568,4587.8828125,"[2.944278057, 2.944278057, 2.944278057, 11.895855345, 17.2916341083, 28.195192064, 43.2522365483, 48.1168417352, 62.6382397469, 73.7100268275]",0.9290489681,"[None, None, [128993, 184707], [512854, 1687983, 909413], [1510787, 1416040, 1478278, 1388804], [1581614, 1555823, 1458869, 1583892, 1084203], [1742197, 1505868, 954578, 932100, 1411955, 1565349], [1510329, 512707, 1477833, 980792, 1687830, 1738738, 1546367], [1361134, 1411720, 1096353, 1046177, 1103956, 1335443, 764712, 33426], [1361134, 1411720, 1096353, 1046177, 1103956, 1335443, 764712, 33426, 777219]]",[7],Challenge2009Respiration500HZ,8 GB,SCAMPI (8 GB),8.58545437513356,7.65640540703356
187,1799997,4096,SCAMPI (8 GB),154.4275991917,21.644427254,105.528967297,4587.8828125,"[47.5951127142, 47.5951127142, 47.5951127142, 120.5750629595, 176.9753755073, 241.4723738682, 337.0760960281, 369.1348531354, 402.3704478806, 546.9800890605]",1.4801868557,"[None, None, [363755, 992678], [537984, 1083060, 1580469], [907543, 1085003, 1082730, 1580165], [1433613, 1082926, 1582629, 1068165, 1580353], [1264150, 1082936, 1087384, 1418370, 14727, 1500176], [1418370, 1087384, 1264150, 410585, 797690, 1082936, 1500176], [1418370, 1087384, 1264150, 410585, 797690, 1082936, 1500176, 1582579], [907711, 1082927, 1068166, 1582636, 1418414, 668556, 1325936, 1110388, 1511180]]",[8],Challenge2009Respiration500HZ,8 GB,SCAMPI (8 GB),23.387605458030542,21.90741860233054
188,5983000,512,SCAMPI (2 GB),40.3458132744,11.06346091,21.28346927,4598.3671875,"[0.0114649051, 0.0114649051, 0.0114649051, 0.0579207042, 0.0907252424, 0.4801847234, 0.6838865813, 1.1711538362, 1.754280054, 2.3551786775]",0.45543501410000004,"[None, None, [6703, 5943741], [6772, 5943809, 5889290], [1964419, 5943719, 6682, 5889204], [8634, 5945597, 3640954, 5821154, 2009322], [5945600, 3640958, 8637, 5821157, 2009325, 5145856], [5821186, 8670, 5945631, 2009358, 3640989, 5145889, 5922778], [3599623, 5945583, 3640941, 8619, 5821143, 2009310, 5145839, 5922725], [8639, 5945602, 3640959, 5821158, 2009328, 5145859, 5922742, 3599639, 5948784]]","[4, 6]",MGHSleepElectromyography,2 GB,SCAMPI (2 GB),1.5346591404934191,1.079224126393419
189,5983000,1024,SCAMPI (2 GB),47.0552623272,10.875343005,26.142086564,4598.3671875,"[0.0406492336, 0.0406492336, 0.0406492336, 0.4350988665, 0.5336747202000001, 6.0424315709, 10.7145032149, 17.7157159826, 37.8158213505, 70.1956923734]",0.7292480766,"[None, None, [6687, 5943724], [1964459, 5889244, 5943763], [1964455, 5889240, 5943759, 6722], [2009295, 5945568, 8606, 3640926, 5922712], [5945640, 2009367, 8674, 3640998, 5821184, 5145897], [5945638, 8679, 2009362, 3640996, 5821179, 5145892, 1174535], [5945687, 8732, 2009411, 3641043, 5821236, 5922832, 1174575, 5145959], [5945645, 8687, 2009371, 3641003, 5821188, 1174563, 2609342, 3721586, 5062852]]","[4, 7]",MGHSleepElectromyography,2 GB,SCAMPI (2 GB),8.378286959361084,7.649038882761084
190,5983000,2048,SCAMPI (2 GB),52.106972456,17.345174465,26.036789293000002,4598.3671875,"[0.6584113075, 0.6584113075, 0.6584113075, 7.1425432956, 22.5879072662, 46.7917026458, 79.1535738932, 311.6171987022, 1081.1636017663, 1375.7778068762]",1.4980580478,"[None, None, [1964405, 5889190], [2009306, 5945579, 8618], [2009288, 8599, 5945566, 5922705], [8603, 5945564, 2009292, 5922705, 3640916], [8637, 5945599, 2009324, 5922740, 5145838, 3640936], [2009319, 8632, 5945597, 3640942, 5922758, 5948778, 1174550], [5922759, 8652, 5945630, 2009359, 2609326, 3599725, 5191144, 5068799], [5945664, 8709, 2009390, 5922809, 5145923, 3599724, 202335, 5062944, 5727936]]",[6],MGHSleepElectromyography,2 GB,SCAMPI (2 GB),37.091478898477476,35.593420850677475
191,5983000,4096,SCAMPI (2 GB),58.2209732533,12.202104319,34.695354637,4598.3671875,"[1.5377527307, 1.5377527307, 1.5377527307, 138.2164152521, 343.4298762225, 1306.2936171157, 2304.2033510119, 5129.098913686, 5129.098913686, 5851.8272546263]",1.5711503097,"[None, None, [1964402, 5889187], [5922682, 2009264, 5145795], [8692, 2009385, 5145906, 2609341], [5947913, 5921875, 5190231, 3720737, 5821990], [5817600, 5919180, 2900733, 2873140, 2248431, 5132078], [4526318, 74586, 5483236, 1256100, 2902927, 5955857, 5231513], [4526318, 74586, 5483236, 1256100, 2902927, 5955857, 5231513, 5819777], [4526318, 74586, 5483236, 1256100, 2902927, 5955857, 5231513, 5819777, 5588234]]","[4, 6, 8]",MGHSleepElectromyography,2 GB,SCAMPI (2 GB),76.49723690844199,74.92608659874199
192,5231008,512,SCAMPI (4 GB),13.6268815994,6.351678486,4.682550959,4599.2578125,"[0.0014641571, 0.0014641571, 0.0014641571, 0.0077828904, 0.0144594448, 0.0325735969, 0.0397154393, 0.053992419800000004, 0.059800411500000004, 0.0651676902]",0.1562361743,"[None, None, [832883, 1802945], [832356, 2201633, 1802418], [156871, 1802417, 832355, 2201632], [695985, 4889906, 3428506, 4357006, 4587946], [4587988, 3428548, 4357048, 4889948, 3326408, 696027], [695987, 4889908, 3428508, 4357008, 4587948, 1561991, 3326368], [696032, 4889953, 3428553, 4357053, 4587993, 3326413, 1562036, 2157878], [4587909, 3428469, 4889869, 3326329, 4356969, 4859689, 695948, 2254129, 2477689]]",[4],WindTurbine,4 GB,SCAMPI (4 GB),0.2552796313848796,0.09904345708487958
193,5231008,1024,SCAMPI (4 GB),41.9009580612,9.034173438,22.396561928,4599.2578125,"[0.0051545205, 0.0051545205, 0.0051545205, 0.0410393296, 0.08772151360000001, 0.0957116115, 0.1470861403, 0.1664422026, 0.191479863, 0.2116932547]",0.3479402854,"[None, None, [831835, 1801897], [1801915, 831853, 2201130], [2254090, 3428430, 4356930, 4587870], [3428419, 4356919, 2254079, 695898, 4587859], [3428420, 4356920, 2254080, 695899, 4587860, 3326280], [4356768, 3428268, 695747, 2009753, 2253928, 1561751, 2682668], [695899, 3428420, 4356920, 4587860, 2254080, 1561903, 2009905, 2682820], [4101758, 3326278, 3428418, 2254078, 4356918, 695897, 2682818, 4587858, 2157743]]",[5],WindTurbine,4 GB,SCAMPI (4 GB),0.46010135263874197,0.11216106723874197
194,5231008,2048,SCAMPI (4 GB),71.7310142517,10.029822445,43.41522916,4599.2578125,"[0.1318739939, 0.1318739939, 0.1318739939, 0.1872445116, 0.2472960458, 0.3111371059, 0.4204705141, 0.5128742559, 0.6940341600000001, 0.8280808533]",0.8462661608000001,"[None, None, [2253648, 4356488], [4356599, 695578, 2253759], [1561138, 4356155, 695134, 2253315], [4356288, 2253448, 695267, 1561271, 2157113], [4356372, 2253532, 695351, 1561355, 2009357, 2097377], [2253511, 4356351, 695330, 1561334, 2682251, 2009336, 2097356], [2253432, 4356272, 695251, 1561255, 2157097, 2682172, 2097277, 3163182], [2157127, 2253462, 695281, 4356302, 1561285, 2045647, 3325662, 2097307, 3163212]]",[2],WindTurbine,4 GB,SCAMPI (4 GB),0.9099894797743543,0.06372331897435424
195,5231008,4096,SCAMPI (4 GB),76.949775219,11.24305097,47.520453642,4599.2578125,"[0.37866984870000003, 0.37866984870000003, 0.37866984870000003, 0.5262895225, 0.5451716296, 1.0202806104, 1.7491118939, 1.8294853831, 1.9734693322, 2.2317941792]",0.9771047708,"[None, None, [694267, 4355288], [4355056, 2252216, 694035], [693969, 4354990, 2252150, 1559973], [4355436, 694415, 1560419, 2252596, 2681335], [4356351, 2253511, 2009336, 695329, 3325711, 1561334], [4356347, 695326, 2253507, 2009332, 3325707, 1561330, 2682246], [886812, 3282292, 2481681, 2170917, 907186, 2038294, 1935068, 878186], [907101, 1934983, 878101, 2170832, 2038209, 886728, 3282207, 2481596, 1951141]]",[4],WindTurbine,4 GB,SCAMPI (4 GB),1.493919067151899,0.5168142963518989
196,449919,512,SCAMPI (8 GB),1.0302138329,0.843970532,0.093217857,7127.390625,"[0.0, 0.0, 0.0, 0.0, 4.1294e-06, 2.48571e-05, 4.80124e-05, 7.64758e-05, 0.0001285675, 0.000143033]",0.0075740331000000004,"[None, None, [230909, 66059], [156525, 181573, 233997], [156525, 181573, 233997, 69457], [156531, 181579, 234003, 69463, 74244], [156531, 181579, 234003, 69463, 74244, 328310], [156531, 181579, 234003, 69463, 74244, 328310, 103771], [69463, 234003, 74244, 328310, 103771, 181579, 92529, 156531], [165785, 211072, 188717, 48362, 417337, 374642, 415339, 115242, 245098]]",[4],swtAttack7,8 GB,SCAMPI (8 GB),0.011959640462823287,0.004385607362823287
197,449919,1024,SCAMPI (8 GB),217.6177346706,63.902935077,138.06249744,8573.30859375,"[0.0, 0.0, 0.0, 3.086e-07, 0.3452807992, 1.8162050922, 1.9849202653, 2.2180866828, 2.417386391, 2.5960712083]",1.23087154,"[None, None, [57053, 232626], [56702, 230960, 386991], [56704, 230962, 386993, 95364], [404973, 401094, 415542, 301952, 399696], [404974, 401095, 415543, 301953, 399696, 308019], [446114, 301928, 415519, 399671, 335220, 401072, 411654], [446135, 399693, 301950, 401093, 415540, 308018, 404971, 394355], [411669, 301941, 335233, 401085, 415532, 399686, 308010, 394346, 446128]]",[3],swtAttack7,8 GB,SCAMPI (8 GB),1.6112328224995915,0.38036128249959145
198,449919,2048,SCAMPI (8 GB),243.9417674541,62.200894568,163.749950132,8714.421875,"[0.9047688931000001, 0.9047688931000001, 0.9047688931000001, 2.748989724, 4.5109382615, 7.183308127, 10.0106648745, 12.0919067438, 13.893845904700001, 15.931652687]",2.6244919257,"[None, None, [299081, 309480], [298988, 309387, 432845], [432913, 299056, 309455, 340581], [281518, 351178, 346272, 356308, 366858], [273683, 346271, 351178, 281515, 366858, 356305], [346196, 351102, 366785, 281442, 273610, 356232, 361571], [393339, 414524, 292339, 403955, 300934, 398672, 388021, 425139], [292318, 393319, 414505, 403936, 425122, 300915, 398656, 382675, 388002]]",[2],swtAttack7,8 GB,SCAMPI (8 GB),3.9914474425952298,1.3669555168952296
199,449919,4096,SCAMPI (8 GB),289.8274185658,61.27849866,205.173675258,8963.9296875,"[6.1782433662, 6.1782433662, 6.1782433662, 20.8461964208, 34.5005853094, 41.088444347, 78.8759105529, 122.4034584549, 163.7934904212, 235.2452718622]",3.6944877767,"[None, None, [309258, 432716], [309041, 432499, 298642], [408616, 385975, 332178, 396624], [385956, 396612, 408595, 332158, 417843], [396623, 385966, 408608, 332171, 417842, 326642], [385857, 348974, 396513, 408496, 359443, 417741, 332049], [119850, 214783, 227136, 169589, 128570, 161487, 104434, 111054], [161481, 111094, 169583, 119849, 214819, 178615, 227123, 128601, 183893]]",[5],swtAttack7,8 GB,SCAMPI (8 GB),15.33770751651628,11.643219739816281
200,8066432,512,SCAMPI (8 GB),124.4836704731,14.974089824,71.219584719,4582.68359375,"[0.0775571219, 0.0775571219, 0.0775571219, 0.1332811381, 0.2690458355, 0.3334805842, 0.382669684, 0.4916925526, 0.6068259033, 0.7562278004]",0.2533135563,"[None, None, [4736813, 8016495], [3663384, 1951635, 2194853], [1299507, 1475725, 271763, 134627], [1180525, 3629199, 809506, 1299452, 1475674], [2204447, 1157561, 1251118, 1264741, 1635702, 2848366], [169310, 668568, 1572516, 3037055, 149297, 630637, 2130870], [5519647, 271869, 1299617, 3037669, 679596, 1475832, 148171, 4126907], [1934560, 1624662, 5570459, 328551, 1149615, 1750046, 7448054, 1475006, 1286356]]","[3, 6]",solarwind,8 GB,SCAMPI (8 GB),0.8696135925800609,0.6163000362800608
201,8066432,1024,SCAMPI (8 GB),123.2649869919,19.791915804,70.138611262,4582.68359375,"[0.3907376098, 0.3907376098, 0.3907376098, 0.6593718443000001, 1.4631252677, 1.9556763034, 2.4648422504, 3.9748955121000002, 4.9507085803, 4.9507085803]",0.380743286,"[None, None, [271608, 1475574], [2204372, 1251056, 1635650], [1635651, 2204372, 1251065, 7464465], [2204366, 1635644, 1251054, 3306152, 4830329], [2204362, 1251051, 1635630, 7323731, 4830332, 1264667], [4270814, 1163087, 7464203, 4184198, 1389124, 1827389, 59563], [7447694, 1089569, 1624292, 3195979, 6304634, 5570083, 630319, 1738045], [7447694, 1089569, 1624292, 3195979, 6304634, 5570083, 630319, 1738045, 6175468]]",[6],solarwind,8 GB,SCAMPI (8 GB),2.225018782010615,1.844275496010615
202,8066432,2048,SCAMPI (8 GB),161.3975594044,22.688041025,93.449328447,4582.68359375,"[3.229539528, 3.229539528, 3.229539528, 11.3558686056, 18.8408152901, 42.1550257842, 50.8344439144, 82.539235074, 97.5776135815, 119.7295624598]",0.5969335926,"[None, None, [3627246, 3662129], [1215628, 477190, 1608434], [1215627, 477190, 6817173, 1608434], [2388781, 630892, 1853448, 381345, 1298803], [4550083, 5008654, 1825662, 1298692, 4830985, 476992], [1314099, 6124165, 1826865, 1411983, 2502366, 3305369, 269862], [1568501, 14603, 6124086, 5829989, 1826758, 5462795, 7290571, 34130], [3305248, 1568488, 2502217, 7340786, 6376214, 2039228, 2847285, 2031079, 1534179]]","[4, 6]",solarwind,8 GB,SCAMPI (8 GB),10.942100459226282,10.345166866626283
203,8066432,4096,SCAMPI (8 GB),150.692299366,21.386998087,87.373970721,4582.68359375,"[51.6230019489, 51.6230019489, 51.6230019489, 154.0632756627, 295.6584954318, 483.2308361146, 751.349913094, 1020.6750417017, 1048.3684826958, 1541.5420387025]",0.8012621272,"[None, None, [2035502, 3306672], [4828602, 4269375, 1517919], [4549656, 270662, 1179397, 7695798], [1179854, 1215581, 1013055, 271215, 381348], [1179854, 1215581, 1013055, 271215, 381348, 1614713], [7826156, 1407567, 3564041, 386594, 330969, 7648486, 1612198], [4754744, 1820329, 2802491, 827325, 2363133, 1198235, 1875904, 4602098], [2938376, 3818471, 4307464, 5180742, 7003582, 722967, 1663935, 6690540, 4115423]]",[8],solarwind,8 GB,SCAMPI (8 GB),39.26247621715294,38.46121408995294
204,440001,512,SCAMPI (16 GB),288.5989260674,131.133601435,142.427178943,16682.85546875,"[4e-10, 4e-10, 4e-10, 0.18025940940000001, 0.2846429831, 0.48175502330000003, 0.6180962833, 0.7981133618, 0.9476154215, 0.9798905242]",0.9742252823,"[None, None, [3257, 46009], [148973, 346305, 347411], [184647, 208924, 261122, 364190], [345563, 182103, 344838, 272162, 184297], [261122, 208924, 184647, 186736, 364190, 263543], [200011, 262883, 177701, 193467, 208611, 181765, 179925], [199976, 241679, 177666, 193432, 208576, 157662, 181730, 179890], [200002, 262874, 177692, 193458, 208602, 157688, 181756, 179916, 99232]]",[2],Challenge2009TestSetA_101a,16 GB,SCAMPI (16 GB),0.9898941984878991,0.015668916187899007
205,440001,1024,SCAMPI (16 GB),559.0096361637,136.792011418,374.409460413,16821.0,"[2.6057079368, 2.6057079368, 2.6057079368, 5.9556068911, 9.3102431256, 11.1502696181, 18.7679738372, 21.6528774069, 24.3992481519, 32.4360370797]",2.5671490934,"[None, None, [353600, 354438], [435783, 421332, 436629], [358040, 354410, 437473, 353572], [419653, 417218, 411598, 354841, 418033], [417236, 419671, 354857, 411615, 352336, 418049], [419671, 417236, 354859, 411616, 352337, 418051, 438350], [419663, 417228, 411608, 354851, 352329, 418044, 355650, 438341], [411590, 418025, 419645, 417210, 354833, 438323, 353996, 358045, 437478]]",[8],Challenge2009TestSetA_101a,16 GB,SCAMPI (16 GB),5.69526444335116,3.1281153499511603
206,440001,2048,SCAMPI (16 GB),548.0140533447,135.788878285,364.348142861,17075.03125,"[32.2209170673, 32.2209170673, 32.2209170673, 69.6616851551, 93.7429724507, 144.5553527674, 183.3076313838, 221.487256201, 248.7939502158, 318.4426708789]",3.7701175174,"[None, None, [352985, 416197], [415941, 352729, 437056], [344821, 180987, 346307, 192688], [351117, 427487, 354439, 422607, 417232], [351248, 354572, 422738, 427613, 425209, 418985], [427242, 422773, 419017, 417802, 351283, 425242, 354192], [417241, 427088, 418455, 351124, 424678, 422618, 356856, 431963], [192329, 206732, 344466, 346688, 179892, 175440, 190422, 140828, 181372]]","[4, 8]",Challenge2009TestSetA_101a,16 GB,SCAMPI (16 GB),17.844962058768857,14.074844541368858
207,440001,4096,SCAMPI (16 GB),545.3550693989,125.129723474,369.564135546,17531.99609375,"[201.6495848566, 201.6495848566, 201.6495848566, 453.9919702532, 693.2626793165, 1159.2029939239, 1770.2936469007, 2360.1221106089, 3057.5240595471, 3599.2474551405]",5.14830212,"[None, None, [353641, 424277], [352583, 420755, 415780], [423095, 421032, 352860, 416064], [420757, 352587, 416213, 423236, 350518], [352199, 419119, 430537, 421207, 415805, 423262], [141344, 346465, 175593, 206502, 178176, 361758, 195763], [181270, 172433, 175351, 205897, 192225, 279561, 274886, 363000], [179986, 346034, 206454, 133833, 176282, 195345, 154094, 188281, 25888]]",[2],Challenge2009TestSetA_101a,16 GB,SCAMPI (16 GB),59.99372846506958,54.84542634506958
208,7583000,512,SCAMPI (16 GB),186.4591598511,49.383656848,96.806837822,17570.7890625,"[2.7440502407, 2.7440502407, 2.7440502407, 3.4106006361, 5.1462304277, 6.3491130816, 6.799673029, 7.6635285919000005, 10.41427085, 10.9037847351]",2.2163196694,"[None, None, [6627436, 6805494], [7066566, 6627443, 6805494], [6805495, 6627436, 7066562, 6810548], [3157570, 2714756, 2740765, 6868996, 2814516], [3158518, 2714774, 2740773, 6868961, 2814514, 3157571], [2707733, 2714755, 2740769, 3157584, 3158521, 6868965, 2814500], [2590946, 2674533, 3152991, 2780426, 2669879, 2951812, 2791968, 3156437], [2590949, 2674533, 3152992, 2951811, 2669879, 2780427, 2791972, 3156441, 3152326]]","[3, 7]",Lab_FD_061014,16 GB,SCAMPI (16 GB),3.3020879357006834,1.0857682663006836
209,7583000,1024,SCAMPI (16 GB),180.9250626564,52.46651127,92.60473212,17540.3984375,"[8.4928942256, 8.4928942256, 8.4928942256, 11.2395895075, 11.9882139851, 13.6546975839, 15.6925476952, 18.6902571317, 21.1145133795, 23.6221863366]",2.9327183568,"[None, None, [2740765, 3158510], [2707729, 2740763, 2714743], [2707714, 2714738, 2740759, 3158492], [2707719, 2714746, 2740765, 3158498, 2814495], [2798732, 2714763, 2740792, 3158524, 2707760, 2814498], [2674643, 2740808, 2714757, 2707750, 2814516, 2798736, 3158532], [6868948, 2740802, 3158536, 2814538, 2714759, 2707793, 2674636, 2798739], [2798734, 2714766, 2740791, 2707765, 2814500, 3158505, 2674648, 6868934, 2558367]]",[4],Lab_FD_061014,16 GB,SCAMPI (16 GB),4.860266076728721,1.9275477199287212
210,7583000,2048,SCAMPI (16 GB),233.5680742264,53.530867354,130.891163914,17528.0390625,"[17.3289782368, 17.3289782368, 17.3289782368, 26.022449293, 29.48156026, 32.9417931823, 35.2152984737, 38.7542017538, 43.3489554838, 48.5108403012]",3.5475573629,"[None, None, [2814652, 7147733], [2814971, 2817544, 2792035], [2740902, 2716444, 2791997, 2814903], [2716417, 2740877, 2814828, 2791996, 7147944], [2740941, 2716449, 2792020, 2814897, 7148018, 2817532], [2815022, 2817585, 2792065, 7148093, 2716503, 2740991, 2778176], [2758834, 2792039, 2716515, 2815024, 2740974, 2778183, 2817583, 7148046], [7148466, 2792140, 2815295, 2778134, 2817926, 2716586, 2741063, 6802931, 2717813]]",[2],Lab_FD_061014,16 GB,SCAMPI (16 GB),6.964972383376692,3.4174150204766915
211,7583000,4096,SCAMPI (16 GB),245.2213439941,53.066594414,143.135727528,17613.66796875,"[29.6936424467, 29.6936424467, 29.6936424467, 55.6304713671, 71.5834461371, 88.3473979351, 101.1945436431, 114.20776121, 125.8817397486, 129.7120847363]",5.3953592325,"[None, None, [2791974, 2817513], [2758915, 2817956, 2792858], [2817525, 2791986, 2758751, 2665407], [2965284, 2817512, 2791975, 2758739, 2665390], [2965238, 2817514, 2791969, 2758727, 2665392, 2976230], [2965339, 2817543, 2791998, 2665430, 2758757, 2976321, 2806019], [2976272, 2817514, 2758757, 2670059, 2791979, 2965230, 2665392, 2772362], [2817519, 2791985, 2758755, 2665397, 2965285, 2976368, 2806016, 2670079, 2772371]]",[2],Lab_FD_061014,16 GB,SCAMPI (16 GB),11.389121332934337,5.9937621004343375
212,5231008,512,SCAMPI (16 GB),13.4251105785,6.557851306,4.494485496,4604.1171875,"[0.0014641571, 0.0014641571, 0.0014641571, 0.0077828904, 0.0144594448, 0.0325735969, 0.0397154393, 0.053992419800000004, 0.059800411500000004, 0.0651676902]",0.1562361743,"[None, None, [832883, 1802945], [832356, 2201633, 1802418], [156871, 1802417, 832355, 2201632], [695985, 4889906, 3428506, 4357006, 4587946], [4587988, 3428548, 4357048, 4889948, 3326408, 696027], [695987, 4889908, 3428508, 4357008, 4587948, 1561991, 3326368], [696032, 4889953, 3428553, 4357053, 4587993, 3326413, 1562036, 2157878], [4587909, 3428469, 4889869, 3326329, 4356969, 4859689, 695948, 2254129, 2477689]]",[4],WindTurbine,16 GB,SCAMPI (16 GB),0.2552796313848796,0.09904345708487958
213,5231008,1024,SCAMPI (16 GB),79.5649683475,31.217436676,31.919174839,4946.79296875,"[0.0051545205, 0.0051545205, 0.0051545205, 0.0410393296, 0.08772151360000001, 0.0957116115, 0.1470861403, 0.1664422026, 0.191479863, 0.2116932547]",0.3583265626,"[None, None, [831835, 1801897], [1801915, 831853, 2201130], [2254090, 3428430, 4356930, 4587870], [3428419, 4356919, 2254079, 695898, 4587859], [3428420, 4356920, 2254080, 695899, 4587860, 3326280], [4356768, 3428268, 695747, 2009753, 2253928, 1561751, 2682668], [695899, 3428420, 4356920, 4587860, 2254080, 1561903, 2009905, 2682820], [2254078, 3428418, 4356918, 4587858, 695897, 3326278, 2157743, 4101758, 2682818]]",[5],WindTurbine,16 GB,SCAMPI (16 GB),0.46010135263874197,0.10177479003874196
214,5231008,2048,SCAMPI (16 GB),221.3065662384,34.138397411,130.23429499,7028.2109375,"[0.1318739939, 0.1318739939, 0.1318739939, 0.1872445116, 0.2472960458, 0.3111371059, 0.4204705141, 0.5128742559, 0.6940341600000001, 0.8280808533]",0.7467054360000001,"[None, None, [2253648, 4356488], [695578, 4356599, 2253759], [1561138, 4356155, 695134, 2253315], [1561271, 4356288, 695267, 2253448, 2157113], [4356372, 2253532, 695351, 1561355, 2009357, 2097377], [2253511, 4356351, 695330, 1561334, 2682251, 2009336, 2097356], [2253432, 4356272, 695251, 1561255, 2157097, 2682172, 2097277, 3163182], [2157127, 2253462, 695281, 4356302, 1561285, 2045647, 3325662, 2097307, 3163212]]",[2],WindTurbine,16 GB,SCAMPI (16 GB),0.9099894797743543,0.16328404377435424
215,5231008,4096,SCAMPI (16 GB),283.111625433,38.935757068,171.713552697,10208.9765625,"[0.3787224074, 0.3787224074, 0.3787224074, 0.5262895225, 0.5451716296, 1.0202806104, 1.7491118939, 1.8288343829, 1.9739293420000001, 2.226381022]",1.3493351597,"[None, None, [694269, 4355290], [2252216, 4355057, 694035], [4354990, 2252150, 693969, 1559973], [4355436, 694415, 1560419, 2252596, 2681335], [4356351, 2253511, 2009336, 695329, 1561334, 3325712], [1561328, 4356345, 2253505, 695324, 3325705, 2009330, 2682244], [1935069, 907187, 2038296, 878187, 2170918, 2481682, 886813, 3282293], [1934998, 907116, 878116, 2038224, 2170847, 2481611, 886742, 3282222, 1951156]]",[4],WindTurbine,16 GB,SCAMPI (16 GB),1.4921062368343616,0.14277107713436155
216,5153051,512,SCAMPI (1 GB),15.4963309765,10.766579773,4.340962598,4599.2578125,"[4.3819e-05, 4.3819e-05, 4.3819e-05, 0.0001519644, 0.0002350048, 0.0003200101, 0.0003685997, 0.0004626211, 0.0005219545, 0.0006477822]",0.0069767261,"[None, None, [691642, 737248], [857170, 883742, 1743531], [1203271, 789481, 438752, 570898], [789468, 1203253, 570880, 438736, 737389], [646634, 1203270, 789477, 570891, 737400, 438750], [574162, 438822, 1229227, 487764, 531450, 1225428, 570955], [574154, 438814, 487757, 1229225, 531452, 1225419, 570946, 1736758], [789462, 1203250, 570880, 438736, 737383, 1253504, 1033828, 1225337, 487699]]",[2],house,1 GB,SCAMPI (1 GB),0.02545156576715861,0.01847483966715861
217,5153051,1024,SCAMPI (1 GB),25.8956074715,20.454621398,5.00334162,4599.2578125,"[6.8601997621, 6.8601997621, 6.8601997621, 7.7521928077, 8.2651239669, 21.1759685581, 22.1079542046, 22.5187382475, 23.7317534791, 23.7317534791]",0.0099982121,"[None, None, [3900333, 3242006], [3900333, 3242006, 1656050], [3900333, 3242006, 1656050, 1161432], [3900333, 3242006, 1656050, 1161432, 3651392], [3900333, 3242006, 1656050, 1161432, 3651392, 1668158], [3900333, 3242006, 1656050, 1161432, 3651392, 1668158, 3174067], [3900333, 3242006, 1656050, 1161432, 3651392, 1668158, 3174067, 805165], [3900333, 3242006, 1656050, 1161432, 3651392, 1668158, 3174067, 805165, 3439568]]",[7],house,1 GB,SCAMPI (1 GB),4.871524759159087,4.8615265470590865
218,5153051,2048,SCAMPI (1 GB),25.3340067863,10.221220251,10.169193747,4599.2578125,"[0.0050505363, 0.0050505363, 0.0050505363, 0.0132593937, 0.0285415979, 0.0362384568, 0.0486538646, 0.0584792841, 0.06976764170000001, 0.0725484591]",0.2380405083,"[None, None, [1301732, 1642450], [1642542, 1301823, 668406], [882689, 835249, 1344712, 1790754], [880959, 1324127, 1924738, 1714463, 858271], [835138, 882579, 666546, 1344601, 1693251, 1790643], [739574, 666499, 835092, 1693204, 1790597, 882531, 1344555], [1815402, 1790597, 1693202, 835092, 666499, 882531, 739574, 1321994], [858245, 1924712, 880933, 1714437, 1324101, 1763382, 1837705, 1447958, 1472866]]",[2],house,1 GB,SCAMPI (1 GB),0.2693482116146309,0.0313077033146309
219,5153051,4096,SCAMPI (1 GB),31.0797979832,9.051787115,15.719980761,4599.2578125,"[0.7054738355, 0.7054738355, 0.7054738355, 2.0257194522, 3.095950588, 7.7375444292, 12.001216867, 17.4240717524, 20.1017094962, 25.3585635197]",0.36662559710000003,"[None, None, [835451, 1173355], [4443495, 4068157, 4517650], [4068203, 4443544, 4517694, 4554812], [4068203, 4443544, 4517694, 4554812, 1254170], [4333529, 4167296, 4407324, 4068157, 4517657, 4443495], [1035369, 3981336, 4382455, 2397978, 4566934, 2150553, 3931578], [1180573, 4566939, 3981337, 2150559, 1253987, 3931581, 1035369, 4382455], [1180573, 4566939, 3981337, 2150559, 1253987, 3931581, 1035369, 4382455, 2397978]]",[4],house,1 GB,SCAMPI (1 GB),5.0357286979840366,4.669103100884037
220,1288330,512,SCAMPI (1 GB),29.0227203369,7.618143819,17.522648657,5690.8203125,"[0.1109926349, 0.1109926349, 0.1109926349, 0.1541846332, 0.5770056424000001, 0.7755817625, 1.0220054062, 1.3234732892, 1.5565632865, 2.0004565941]",0.3329131482,"[None, None, [865164, 1036404], [520951, 865113, 1036353], [204255, 1181034, 466982, 1251991], [466979, 587356, 1251988, 1181032, 204253], [1021874, 413493, 418902, 27565, 1131494, 1197883], [466976, 587353, 1251984, 305008, 204250, 102316, 232502], [1197913, 413523, 418932, 27596, 467027, 1214151, 1181081, 1021906], [944881, 1131593, 916275, 18941, 27662, 784196, 1181147, 1282242, 587469]]",[3],BlackLeggedKittiwake,1 GB,SCAMPI (1 GB),1.4143749835528059,1.0814618353528058
221,1288330,1024,SCAMPI (1 GB),46.4250984192,7.894548977,34.076096702,5690.8203125,"[0.5263524476, 0.5263524476, 0.5263524476, 1.060612142, 1.7233618734, 2.6021998584, 3.9755942353, 4.2755563636, 4.7636847649, 7.5836859407]",0.5485435734,"[None, None, [688051, 772011], [771806, 687847, 1243525], [67873, 1131689, 837874, 473166], [473143, 1131666, 67851, 837853, 944956], [837826, 67825, 1131642, 473118, 236716, 944933], [1131644, 837829, 944932, 236718, 67826, 147183, 756564], [1131620, 944907, 147159, 756540, 1022000, 784224, 473097, 67803], [1131620, 944907, 147159, 756540, 1022000, 784224, 473097, 67803, 843058]]",[8],BlackLeggedKittiwake,1 GB,SCAMPI (1 GB),2.753849295204805,2.205305721804805
222,1288330,2048,SCAMPI (1 GB),29.9465751648,6.381854158,19.404073526,5690.8203125,"[3.7121459245, 3.7121459245, 3.7121459245, 6.1666463893, 11.9248131033, 16.0510325389, 25.5551136529, 38.5380109207, 58.9026973573, 62.7158430348]",0.7188808178,"[None, None, [770885, 1242604], [1021814, 756352, 673002], [67838, 756575, 147197, 673226], [771079, 745997, 994574, 659389, 48899], [771111, 746030, 659426, 243343, 1177973, 994614], [771013, 687054, 583404, 792672, 659324, 243253, 1242739], [673079, 1021891, 236586, 16788, 147044, 472991, 944789, 728648], [673079, 1021891, 236586, 16788, 147044, 472991, 944789, 728648, 640872]]","[3, 5]",BlackLeggedKittiwake,1 GB,SCAMPI (1 GB),7.919333496879646,7.200452679079646
223,1288330,4096,SCAMPI (1 GB),28.0996611118,4.675513943,19.401037659,5690.8203125,"[13.4919056765, 13.4919056765, 13.4919056765, 18.588380894, 45.2229219257, 109.2991870162, 142.905304681, 193.6055118279, 230.6399018541, 275.5547100402]",0.9160867632,"[None, None, [47301, 657790], [47568, 658050, 685776], [47694, 685908, 658164, 769861], [1177245, 745323, 853773, 658712, 81535], [852900, 328922, 457660, 744471, 47393, 1176406], [853773, 745326, 1119738, 1177245, 686460, 48206, 488392], [950326, 81564, 686459, 853767, 488388, 930803, 48204, 993947], [950326, 81564, 686459, 853767, 488388, 930803, 48204, 993947, 745247]]",[3],BlackLeggedKittiwake,1 GB,SCAMPI (1 GB),16.59984066309674,15.68375389989674
224,2100777,512,SCAMPI (2 GB),2.6808307171,2.267887364,0.197928078,4593.8828125,"[1.2880000000000002e-07, 1.2880000000000002e-07, 1.2880000000000002e-07, 6.408067358e-20, 1.622913815e-19, 7.963493883e-18, 6e-10, 9e-10, 1.3e-09, 1.7000000000000001e-09]",4.0757700000000005e-05,"[None, None, [192066, 584002], [595681, 616681, 1009141], [595681, 616681, 1009141, 1014793], [674461, 595681, 616681, 1009141, 1014793], [674461, 595681, 616681, 1009141, 1014793, 48769], [674461, 595681, 616681, 1009141, 1014793, 48769, 25437], [674461, 595681, 616681, 1009141, 1014793, 48769, 25437, 2011193], [674461, 595681, 616681, 1009141, 1014793, 48769, 25437, 2011193, 37329]]",[2],water,2 GB,SCAMPI (2 GB),4.123105625617661e-05,4.733562561766048e-07
225,2100777,1024,SCAMPI (2 GB),3.8184633255000002,3.55835831,0.098323777,4593.8828125,"[1.768359881e-19, 1.768359881e-19, 1.768359881e-19, 9.463436596e-18, 1.41e-08, 3.84e-08, 2.164e-07, 2.852e-07, 4.372e-07, 6.642e-07]",0.0008149733000000001,"[None, None, [24901, 53793], [76817, 24901, 53793], [76817, 24901, 53793, 30445], [24901, 53793, 30445, 726069, 76817], [48767, 151639, 221251, 169299, 800991, 204015], [48767, 151639, 221251, 169299, 800991, 204015, 1031307], [48766, 151638, 221250, 169298, 800990, 204014, 1031306, 365102], [48767, 151639, 221251, 169299, 800991, 204015, 1031307, 365103, 411279]]",[2],water,2 GB,SCAMPI (2 GB),0.0008149846624323675,1.1362432367385822e-08
226,2100777,2048,SCAMPI (2 GB),45.8555221558,7.964373055,29.979018318,4593.8828125,"[5.2049556171, 5.2049556171, 5.2049556171, 9.4489693069, 11.0510452429, 17.597616664, 23.4741216837, 25.0796057604, 35.3746147009, 43.5675157586]",0.7042938816000001,"[None, None, [179277, 1629766], [29507, 116236, 725206], [1082210, 116158, 29435, 725136], [895405, 1289640, 1232191, 1384424, 138992], [1324421, 725162, 863299, 1082233, 1635611, 1664126], [1324421, 725162, 863299, 1082233, 1635611, 1664126, 1509113], [1082210, 116158, 29435, 725136, 1509092, 1664112, 1779337, 1330342], [1082210, 116158, 29435, 725136, 1509092, 1664112, 1779337, 1330342, 1289690]]",[7],water,2 GB,SCAMPI (2 GB),6.600569351093889,5.896275469493889
227,2100777,4096,SCAMPI (2 GB),39.458912611,6.915407814,25.044866982,4593.8828125,"[45.8248732774, 45.8248732774, 45.8248732774, 85.1412401062, 186.1891627262, 229.511662839, 267.4725045566, 322.3822606285, 352.2717742946, 447.2471750867]",0.929616595,"[None, None, [826782, 953705], [1190689, 908557, 850869], [287353, 608301, 1875772, 1437961], [1018241, 1012468, 1219921, 1876816, 1099041], [28866, 1571294, 1214086, 1496328, 851039, 161469], [1754288, 1299236, 575043, 936345, 786454, 1904127, 1875313], [1587288, 136931, 872799, 309533, 976305, 901438, 705762, 142843], [1784565, 977948, 1260377, 1623405, 1916940, 1098966, 1219806, 547776, 770508]]","[3, 8]",water,2 GB,SCAMPI (2 GB),21.14821919421822,20.218602599218222
228,1330816,512,SCAMPI (2 GB),49.0597605705,12.102073235,30.552088283,4576.26953125,"[1.6772400000000002e-05, 1.6772400000000002e-05, 1.6772400000000002e-05, 0.0001805504, 0.0033154766, 0.0367193799, 0.07046800040000001, 0.11017676600000001, 0.1531279137, 0.21846346690000001]",0.32735202700000005,"[None, None, [356692, 1059820], [100911, 356692, 1059820], [356692, 1059820, 100909, 463391], [356692, 1059820, 100909, 463391, 531621], [90502, 207928, 271811, 503560, 219784, 1145878], [90488, 207914, 776497, 503546, 271797, 219770, 1145864], [512760, 230755, 623340, 460512, 619857, 626815, 611713, 615219], [626805, 623329, 615209, 619847, 611702, 230745, 460502, 512750, 443514]]",[3],stator_winding,2 GB,SCAMPI (2 GB),0.467400756203924,0.14004872920392397
229,1330816,1024,SCAMPI (2 GB),48.1520261765,11.467232329,30.160303689,4576.26953125,"[0.0274897409, 0.0274897409, 0.0274897409, 0.10249864160000001, 0.1932482604, 0.2172123983, 0.2368983131, 0.30391485090000003, 0.3483269685, 0.3622297879]",0.4378771039,"[None, None, [89990, 207416], [606093, 609139, 612565], [622910, 619427, 614790, 626385], [623148, 230565, 619666, 512570, 615028], [623151, 230568, 512573, 619668, 615031, 611525], [622993, 460165, 626468, 230411, 611367, 619510, 614873], [255171, 512512, 460260, 623089, 230508, 443273, 619608, 614969], [460248, 443261, 623077, 255159, 611450, 230494, 619595, 512500, 614957]]",[6],stator_winding,2 GB,SCAMPI (2 GB),0.6018552881715006,0.16397818427150057
230,1330816,2048,SCAMPI (2 GB),48.952477932,9.009545195,32.609854285,4576.26953125,"[0.17200605330000002, 0.17200605330000002, 0.17200605330000002, 0.3674435918, 0.4294682516, 0.5553610381, 0.6232205984, 0.6443973234, 0.8739478588, 0.9310760332]",0.6100112058,"[None, None, [605948, 608995], [507734, 79479, 213747], [79495, 507750, 213763, 64888], [557134, 213630, 507618, 79364, 263872], [213636, 79365, 507621, 263875, 557135, 58153], [507731, 79476, 213741, 64869, 557247, 58264, 263985], [557378, 213875, 507865, 65000, 264119, 231648, 576586, 79610], [79652, 65043, 213917, 58439, 264159, 507905, 231689, 576629, 557418]]",[7],stator_winding,2 GB,SCAMPI (2 GB),0.964922812042497,0.35491160624249696
231,1330816,4096,SCAMPI (2 GB),51.7910394669,7.195907888,36.653849594,4576.26953125,"[0.5271601452, 0.5271601452, 0.5271601452, 0.8056824431, 0.9006061072, 1.095356967, 1.36766824, 1.4583393635, 1.6757268211, 2.1560014287]",1.0003716962,"[None, None, [77417, 211685], [213072, 556576, 57594], [556585, 213080, 57606, 263322], [556584, 213082, 57604, 263322, 575790], [555742, 212239, 262479, 77970, 574947, 495424], [575753, 263284, 556546, 213044, 78774, 57568, 438860], [575801, 263335, 556594, 57614, 78823, 213087, 438912, 496276], [78769, 496223, 213037, 263276, 575749, 438853, 6982, 57555, 556538]]",[7],stator_winding,2 GB,SCAMPI (2 GB),1.4683328739424177,0.46796117774241774
232,2100777,512,SCAMPI (0.25 GB),2.675637722,2.264081186,0.19374701400000002,4593.8828125,"[1.2880000000000002e-07, 1.2880000000000002e-07, 1.2880000000000002e-07, 6.408067358e-20, 1.622913815e-19, 7.963493883e-18, 6e-10, 9e-10, 1.3e-09, 1.7000000000000001e-09]",4.0757700000000005e-05,"[None, None, [192066, 584002], [595681, 616681, 1009141], [595681, 616681, 1009141, 1014793], [674461, 595681, 616681, 1009141, 1014793], [674461, 595681, 616681, 1009141, 1014793, 48769], [674461, 595681, 616681, 1009141, 1014793, 48769, 25437], [674461, 595681, 616681, 1009141, 1014793, 48769, 25437, 2011193], [674461, 595681, 616681, 1009141, 1014793, 48769, 25437, 2011193, 37329]]",[2],water,0.25 GB,SCAMPI (0.25 GB),4.123105625617661e-05,4.733562561766048e-07
233,2100777,1024,SCAMPI (0.25 GB),3.7512409687,3.490016277,0.098625853,4593.8828125,"[1.768359881e-19, 1.768359881e-19, 1.768359881e-19, 9.463436596e-18, 1.41e-08, 3.84e-08, 2.164e-07, 2.852e-07, 4.372e-07, 6.642e-07]",0.0008149733000000001,"[None, None, [24901, 53793], [76817, 24901, 53793], [76817, 24901, 53793, 30445], [24901, 53793, 30445, 726069, 76817], [48767, 151639, 221251, 169299, 800991, 204015], [48767, 151639, 221251, 169299, 800991, 204015, 1031307], [48766, 151638, 221250, 169298, 800990, 204014, 1031306, 365102], [48767, 151639, 221251, 169299, 800991, 204015, 1031307, 365103, 411279]]",[2],water,0.25 GB,SCAMPI (0.25 GB),0.0008149846624323675,1.1362432367385822e-08
234,2100777,2048,SCAMPI (0.25 GB),10.191483736,3.206141064,5.679220142,4593.8828125,"[5.2049556171, 5.2049556171, 5.2049556171, 14.5890493352, 28.3780390508, 40.2997551526, 48.9195484431, 64.4932648859, 76.1517094276, 79.3631866348]",0.3407873621,"[None, None, [179277, 1629766], [1526017, 588298, 978145], [1081924, 1508811, 1635295, 1249109], [435742, 1480803, 1400320, 1855273, 720346], [716197, 1152338, 1837933, 1014091, 1659389, 1348388], [560591, 435757, 1008466, 76830, 1855265, 362141, 53732], [1001487, 1422167, 1992303, 1635295, 846015, 1231916, 1116686, 1081924], [1001487, 1422167, 1992303, 1635295, 846015, 1231916, 1116686, 1081924, 1508811]]",[2],water,0.25 GB,SCAMPI (0.25 GB),8.908601833890659,8.567814471790658
235,2100777,4096,SCAMPI (0.25 GB),9.0449240208,2.988910216,4.8115557110000005,4593.8828125,"[58.3595937775, 58.3595937775, 58.3595937775, 113.7816439626, 196.1259022765, 272.2353504777, 322.3822606285, 338.5547330264, 352.2717742946, 468.013074271]",0.42450699999999997,"[None, None, [136689, 872555], [851012, 1190826, 908719], [786454, 936345, 575043, 1754288], [161605, 609265, 288314, 334005, 1571433], [786454, 936345, 575043, 1754288, 1299236, 1875313], [1587288, 136931, 872799, 309533, 976305, 901438, 705762], [1587288, 136931, 872799, 309533, 976305, 901438, 705762, 142843], [1587288, 136931, 872799, 309533, 976305, 901438, 705762, 142843, 1258752]]",[8],water,0.25 GB,SCAMPI (0.25 GB),21.63360982986889,21.209102829868893
236,6375000,512,SCAMPI (0.25 GB),6.1778352261,5.492983803,0.1449963,8081.78125,"[0.0, 0.0, 0.0, 0.0, 0.0, 0.0, 0.0, 0.0, 0.0, 0.0]",0.0,"[None, None, [4825795, 4824795], [4825795, 4824795, 4826795], [4825795, 4824795, 4826795, 4827795], [4825795, 4824795, 4826795, 4827795, 4828795], [4825795, 4824795, 4826795, 4827795, 4828795, 4830795], [4825795, 4824795, 4826795, 4827795, 4828795, 4830795, 4831795], [4825795, 4824795, 4826795, 4827795, 4828795, 4830795, 4831795, 4832795], [4825795, 4824795, 4826795, 4827795, 4828795, 4830795, 4831795, 4832795, 4833795]]",[2],CinC_Challenge,0.25 GB,SCAMPI (0.25 GB),0.0,0.0
237,6375000,1024,SCAMPI (0.25 GB),8.383449316,7.736660802,0.132563504,8081.78125,"[0.0, 0.0, 0.0, 0.0, 0.0, 0.0, 0.0, 0.0, 0.0, 0.0]",0.0,"[None, None, [4823591, 4824591], [4823591, 4824591, 4825591], [4823591, 4824591, 4825591, 4826591], [4823591, 4824591, 4825591, 4826591, 4827591], [4823591, 4824591, 4825591, 4826591, 4827591, 4828591], [4823591, 4824591, 4825591, 4826591, 4827591, 4828591, 4829591], [4823591, 4824591, 4825591, 4826591, 4827591, 4828591, 4829591, 4830591], [4823591, 4824591, 4825591, 4826591, 4827591, 4828591, 4829591, 4830591, 4831591]]",[2],CinC_Challenge,0.25 GB,SCAMPI (0.25 GB),0.0,0.0
238,6375000,2048,SCAMPI (0.25 GB),7.9572470188,7.073655193,0.36813845100000003,6568.0078125,"[0.0, 0.0, 0.0, 0.0, 0.0, 0.0, 0.0, 0.0, 0.0, 0.0]",0.0,"[None, None, [4824632, 4833632], [4824632, 4833632, 4838632], [4824632, 4833632, 4838632, 4827632], [4824632, 4833632, 4838632, 4827632, 4829632], [4824632, 4833632, 4838632, 4827632, 4829632, 4831632], [4824632, 4833632, 4838632, 4827632, 4829632, 4831632, 4835632], [4824632, 4833632, 4838632, 4827632, 4829632, 4831632, 4835632, 4841632], [4824632, 4833632, 4838632, 4827632, 4829632, 4831632, 4835632, 4841632, 4843632]]",[2],CinC_Challenge,0.25 GB,SCAMPI (0.25 GB),0.0,0.0
239,6375000,4096,SCAMPI (0.25 GB),8.4701290131,7.275039189,0.6970126470000001,4597.46484375,"[0.0, 0.0, 0.0, 0.0, 0.0, 0.0, 0.0, 0.0, 0.0, 0.0]",0.0,"[None, None, [4823239, 4826239], [4823239, 4826239, 4829239], [4823239, 4826239, 4829239, 4832239], [4823239, 4826239, 4829239, 4832239, 4835239], [4823239, 4826239, 4829239, 4832239, 4835239, 4838239], [4823239, 4826239, 4829239, 4832239, 4835239, 4838239, 4841239], [4823239, 4826239, 4829239, 4832239, 4835239, 4838239, 4841239, 4844239], [4823239, 4826239, 4829239, 4832239, 4835239, 4838239, 4841239, 4844239, 4847239]]",[2],CinC_Challenge,0.25 GB,SCAMPI (0.25 GB),0.0,0.0
240,5231008,512,SCAMPI (0.25 GB),8.3217213154,2.461347658,3.822241515,4599.2578125,"[0.0014641571, 0.0014641571, 0.0014641571, 0.0077828904, 0.0144594448, 0.0325735969, 0.0397154393, 0.053992419800000004, 0.059800411500000004, 0.0651676902]",0.2306343525,"[None, None, [832883, 1802945], [832356, 2201633, 1802418], [156871, 1802417, 832355, 2201632], [3428506, 4889906, 4357006, 4587946, 695985], [3326408, 3428548, 4357048, 4889948, 4587988, 696027], [695987, 4889908, 3428508, 4357008, 4587948, 1561991, 3326368], [696032, 4889953, 3428553, 4357053, 4587993, 3326413, 1562036, 2157878], [4587909, 3428469, 4889869, 3326329, 4356969, 4859689, 695948, 2254129, 2477689]]",[4],WindTurbine,0.25 GB,SCAMPI (0.25 GB),0.2552796313848796,0.02464527888487958
241,5231008,1024,SCAMPI (0.25 GB),8.4973263741,2.183806339,4.287664678,4599.2578125,"[0.0051545205, 0.0051545205, 0.0051545205, 0.041534156100000004, 0.08772151360000001, 0.0957116115, 0.1472762279, 0.1664798659, 0.19131890910000002, 0.2116932547]",0.2752363452,"[None, None, [831835, 1801897], [831852, 1801914, 2201129], [3428430, 4356930, 2254090, 4587870], [2254079, 3428419, 4356919, 4587859, 695898], [2254081, 3428421, 4356921, 4587861, 695900, 3326281], [2682667, 3428267, 4356767, 2253927, 695746, 1561750, 2009752], [2682818, 3428418, 695897, 4356918, 2254078, 4587858, 2009903, 1561901], [2254078, 3428418, 4356918, 4587858, 695897, 3326278, 2157743, 4101758, 2682818]]",[5],WindTurbine,0.25 GB,SCAMPI (0.25 GB),0.46010135263874197,0.18486500743874196
242,5231008,2048,SCAMPI (0.25 GB),9.5622680187,2.51108607,5.118873042,4599.2578125,"[0.1318813235, 0.1318813235, 0.1318813235, 0.1872445116, 0.2472960458, 0.3111371059, 0.4204896582, 0.5131928435, 0.7044998177, 0.8350568617]",0.2773477334,"[None, None, [2253646, 4356486], [695578, 4356599, 2253759], [1561138, 4356155, 695134, 2253315], [695267, 4356288, 2253448, 1561271, 2157113], [1561356, 4356373, 695352, 2253533, 2009358, 2097378], [695331, 4356352, 2253512, 1561335, 2097357, 2009337, 2682252], [2253424, 4356264, 695243, 1561247, 2157089, 2682164, 2097269, 3163174], [1561291, 4356308, 695287, 2253467, 2157133, 2097313, 2045653, 3163218, 3325668]]",[7],WindTurbine,0.25 GB,SCAMPI (0.25 GB),0.9138144569331348,0.6364667235331347
243,5231008,4096,SCAMPI (0.25 GB),11.696927309,3.087558492,6.571400832,4599.2578125,"[0.37898797570000003, 0.37898797570000003, 0.37898797570000003, 0.5268042312, 0.5452558150000001, 1.0211143566, 1.7577136053, 1.8767863042, 2.3009878828, 2.6469229530000002]",0.3815361486,"[None, None, [694270, 4355291], [4355045, 2252205, 694024], [693971, 4354992, 2252152, 1559975], [2252591, 4355431, 694410, 1560414, 2681330], [695337, 2253518, 4356358, 3325718, 1561341, 2009343], [695356, 2253537, 4356378, 3325738, 2682277, 1561360, 2009363], [878264, 907264, 2170995, 2038374, 886890, 3282372, 2481760, 1951304], [2481334, 886465, 3281945, 906838, 1934721, 877840, 2170570, 2037948, 849316]]","[4, 7]",WindTurbine,0.25 GB,SCAMPI (0.25 GB),1.6269366776245473,1.2454005290245473
244,1288330,512,SCAMPI (0.5 GB),17.3978188038,5.513608794,9.875268478,12703.22265625,"[0.1109926349, 0.1109926349, 0.1109926349, 0.1543028387, 0.5770056424000001, 0.8340839854000001, 1.2020961927, 1.4633704269, 1.5565632865, 2.0004565941]",0.2885247284,"[None, None, [865164, 1036404], [1036352, 520950, 865112], [204255, 1181034, 466982, 1251991], [418917, 413507, 1131510, 27580, 1021889], [413474, 418883, 1197864, 27545, 1021856, 1131477], [944881, 1131593, 916275, 18941, 27662, 784196, 1181147], [1197913, 413523, 418932, 27596, 467027, 1214151, 1181081, 1021906], [944881, 1131593, 916275, 18941, 27662, 784196, 1181147, 1282242, 587469]]","[3, 8]",BlackLeggedKittiwake,0.5 GB,SCAMPI (0.5 GB),1.4143749835528059,1.1258502551528058
245,1288330,1024,SCAMPI (0.5 GB),26.2778553963,5.411499572,18.694906451,12703.22265625,"[0.5273624798000001, 0.5273624798000001, 0.5273624798000001, 1.0851437697, 1.9325033738, 2.6021998584, 3.9885630121, 6.3627750849, 6.6420224319, 7.7236363169]",0.4313789266,"[None, None, [688056, 772016], [687855, 771814, 1243533], [473178, 1131703, 67886, 837888], [473143, 1131666, 67851, 837853, 944956], [944971, 236757, 1131683, 473158, 837867, 67863], [236695, 1131622, 1022001, 843059, 837803, 473098, 67804], [67797, 473090, 837800, 1131613, 1102924, 1021994, 236686, 784221], [236696, 1131619, 944914, 1022002, 756540, 843060, 879588, 473099, 67805]]",[8],BlackLeggedKittiwake,0.5 GB,SCAMPI (0.5 GB),2.7791430903967504,2.3477641637967506
246,1288330,2048,SCAMPI (0.5 GB),16.5564761162,3.900572963,10.645842368,12703.22265625,"[3.7321010675, 3.7321010675, 3.7321010675, 6.2830362755, 13.5245749341, 17.0838353065, 28.3249359711, 38.9843798858, 66.0494711792, 118.2063993713]",0.5675374878,"[None, None, [236679, 944893], [756332, 672979, 1021788], [147163, 756544, 673194, 1022003], [771257, 659572, 49083, 687299, 1178110], [672562, 1130994, 16270, 842433, 1060276, 1180543], [672562, 1130994, 16270, 842433, 1060276, 1180543, 728143], [1021504, 672692, 236199, 837308, 842543, 640474, 1180659, 1060380], [672542, 1130972, 16250, 236039, 101814, 1144877, 336893, 1060278, 171469]]","[3, 5, 7]",BlackLeggedKittiwake,0.5 GB,SCAMPI (0.5 GB),10.872276641591677,10.304739153791678
247,1288330,4096,SCAMPI (0.5 GB),16.6670689583,3.004676151,11.450620965,12703.22265625,"[13.4919056765, 13.4919056765, 13.4919056765, 20.862595275, 53.5296112594, 109.2991870162, 142.905304681, 193.6055118279, 230.6399018541, 275.5547100402]",0.7643090746000001,"[None, None, [47301, 657790], [685638, 47421, 657908], [47688, 685910, 769873, 658204], [1177245, 745323, 853773, 658712, 81535], [852900, 328922, 457660, 744471, 47393, 1176406], [853773, 745326, 1119738, 1177245, 686460, 48206, 488392], [950326, 81564, 686459, 853767, 488388, 930803, 48204, 993947], [950326, 81564, 686459, 853767, 488388, 930803, 48204, 993947, 745247]]",[3],BlackLeggedKittiwake,0.5 GB,SCAMPI (0.5 GB),16.59984066309674,15.835531588496739
248,180000,512,SCAMPI (2 GB),107.541018486,25.185619633,74.531961579,2357.625,"[16.9484954762, 16.9484954762, 16.9484954762, 23.9797228273, 35.4908203176, 66.9443844565, 83.4842874315, 94.9392552352, 116.69052541800001, 181.3614043839]",2.39204391,"[None, None, [145579, 160801], [62991, 970, 83658], [83606, 62943, 919, 107033], [165350, 29679, 27674, 139800, 22723], [139668, 165219, 22593, 29547, 166292, 27546], [139547, 26393, 113496, 155606, 115478, 165096, 70129], [139547, 26393, 113496, 155606, 115478, 165096, 70129, 166163], [139547, 26393, 113496, 155606, 115478, 165096, 70129, 166163, 156543]]","[4, 8]",EOG_one_hour_50_Hz,2 GB,SCAMPI (2 GB),13.467048837213742,11.075004927213742
249,180000,1024,SCAMPI (2 GB),108.7108178139,25.890222118,75.021151799,2395.140625,"[74.5527298006, 74.5527298006, 74.5527298006, 139.5491555227, 255.0912906622, 404.0952183026, 549.0801057705, 637.1790636254, 819.8779992207, 1204.5764060271]",3.5342250887,"[None, None, [62537, 83202], [62613, 83281, 595], [83215, 62546, 525, 103304], [22421, 9407, 26350, 145037, 116208], [62497, 83165, 103247, 94343, 468, 36698], [65479, 94267, 21252, 30507, 74668, 83092, 25829], [155204, 139143, 32755, 21279, 43780, 144535, 71843, 47897], [62497, 83165, 103247, 94343, 468, 36698, 109987, 100560, 137367]]",[8],EOG_one_hour_50_Hz,2 GB,SCAMPI (2 GB),34.70700802470734,31.17278293600734
250,180000,2048,SCAMPI (2 GB),107.5803141594,24.730075862,74.981319678,2452.0234375,"[375.0888927048, 375.0888927048, 375.0888927048, 578.0453248639, 1148.8969083179, 1821.5538299648, 2280.9917899636, 2280.9917899636, 2280.9917899636, 2584.8092085578]",4.9957675466,"[None, None, [157739, 167974], [82103, 68708, 24838], [64446, 24943, 31706, 143630], [64982, 156463, 20765, 93762, 28491], [134718, 156784, 84563, 21875, 167020, 8851], [134718, 156784, 84563, 21875, 167020, 8851, 61094], [134718, 156784, 84563, 21875, 167020, 8851, 61094, 25796], [134718, 156784, 84563, 21875, 167020, 8851, 61094, 25796, 150044]]","[3, 8]",EOG_one_hour_50_Hz,2 GB,SCAMPI (2 GB),50.84101895672234,45.84525141012234
251,180000,4096,SCAMPI (2 GB),125.1139016151,25.544397208,91.900285477,2595.875,"[1487.0380959693, 1487.0380959693, 1487.0380959693, 2421.5213816711, 4106.6600453306, 5541.1108782056, 6334.3524063852, 6334.3524063852, 7747.3060668887, 7747.3060668887]",7.9745313761,"[None, None, [59557, 80224], [18180, 141585, 22894], [62289, 156847, 167058, 25844], [81315, 168328, 24058, 155202, 142901], [133167, 26338, 4776, 77196, 157336, 79294], [133167, 26338, 4776, 77196, 157336, 79294, 172761], [133167, 26338, 4776, 77196, 157336, 79294, 172761, 84971], [133167, 26338, 4776, 77196, 157336, 79294, 172761, 84971, 57787]]",[7],EOG_one_hour_50_Hz,2 GB,SCAMPI (2 GB),88.01878246652075,80.04425109042074
252,5153051,512,SCAMPI (8 GB),15.6864440441,10.905089091,4.383114327,4599.2578125,"[4.3819e-05, 4.3819e-05, 4.3819e-05, 0.0001519644, 0.0002350048, 0.0003200101, 0.0003685997, 0.0004626211, 0.0005219545, 0.0006477822]",0.0069767261,"[None, None, [691642, 737248], [857170, 883742, 1743531], [1203271, 789481, 438752, 570898], [789468, 1203253, 570880, 438736, 737389], [646634, 1203270, 789477, 570891, 737400, 438750], [574162, 438822, 1229227, 487764, 531450, 1225428, 570955], [574154, 438814, 487757, 1229225, 531452, 1225419, 570946, 1736758], [789462, 1203250, 570880, 438736, 737383, 1253504, 1033828, 1225337, 487699]]",[2],house,8 GB,SCAMPI (8 GB),0.02545156576715861,0.01847483966715861
253,5153051,1024,SCAMPI (8 GB),26.4034731388,20.790903174,5.154995495,4599.2578125,"[6.8601997621, 6.8601997621, 6.8601997621, 7.7521928077, 8.2651239669, 21.1759685581, 22.1079542046, 22.5187382475, 23.7317534791, 23.7317534791]",0.0099982121,"[None, None, [3900333, 3242006], [3900333, 3242006, 1656050], [3900333, 3242006, 1656050, 1161432], [3900333, 3242006, 1656050, 1161432, 3651392], [3900333, 3242006, 1656050, 1161432, 3651392, 1668158], [3900333, 3242006, 1656050, 1161432, 3651392, 1668158, 3174067], [3900333, 3242006, 1656050, 1161432, 3651392, 1668158, 3174067, 805165], [3900333, 3242006, 1656050, 1161432, 3651392, 1668158, 3174067, 805165, 3439568]]",[7],house,8 GB,SCAMPI (8 GB),4.871524759159087,4.8615265470590865
254,5153051,2048,SCAMPI (8 GB),79.9919273853,21.060197682,38.179179406,4599.2578125,"[0.0050505363, 0.0050505363, 0.0050505363, 0.0132593937, 0.023765391400000002, 0.0290241088, 0.046526728, 0.0527513653, 0.056056030800000003, 0.0725885562]",0.2668939033,"[None, None, [1301732, 1642450], [1642542, 1301823, 668406], [1742034, 1693016, 1815216, 1790410], [1741979, 1692961, 1815160, 910422, 1790355], [572767, 1901499, 1693042, 1815240, 1790435, 1742062], [572761, 1901493, 1693036, 1742053, 1815234, 1790430, 910496], [1790431, 1815236, 1693038, 882366, 1742054, 572763, 910498, 1901494], [1837697, 1472858, 1763373, 1324092, 1714429, 1447950, 1924704, 880924, 858237]]",[8],house,8 GB,SCAMPI (8 GB),0.26942263490657203,0.002528731606572021
255,5153051,4096,SCAMPI (8 GB),135.2138857841,19.752320737,78.145008881,4599.2578125,"[0.5907525145, 0.5907525145, 0.5907525145, 1.5968147121, 2.7736558832, 5.4692459321, 6.6506136646, 7.6262942009, 12.3657329486, 18.5694016342]",0.7916987533000001,"[None, None, [1589011, 1713596], [1837282, 1762961, 1714011], [4068257, 4443578, 4517738, 4554850], [4068224, 4443556, 4517718, 4554834, 4480778], [4443468, 4068138, 4517609, 4480652, 4554713, 1254103], [4554708, 4407302, 4517599, 4443454, 1254106, 4068074, 4480636], [4554708, 4407302, 4517599, 4443454, 1254106, 4068074, 4480636, 1180653], [4554714, 4407306, 4517596, 1254106, 4480652, 4068074, 1180653, 4333495, 3981479]]",[7],house,8 GB,SCAMPI (8 GB),4.309222857337503,3.5175241040375034
256,1288330,512,SCAMPI (8 GB),184.9809350967,39.37304711,120.787946029,5783.40625,"[0.1109926349, 0.1109926349, 0.1109926349, 0.1541846332, 0.5415119353, 0.607846259, 0.756312461, 1.1291997438, 1.2572565047, 1.6051314110000001]",0.540059107,"[None, None, [865164, 1036404], [865113, 520951, 1036353], [1252000, 466992, 1181044, 204265], [1252000, 466992, 1181044, 204265, 587369], [1181058, 818622, 467006, 1252014, 204279, 587383], [837781, 784198, 18943, 587474, 1181149, 1131597, 916278], [413524, 418933, 1197915, 27595, 1021905, 756446, 1131526, 467028], [971922, 525501, 413506, 27577, 1021887, 418916, 1214133, 1181062, 1131507]]","[3, 6, 8]",BlackLeggedKittiwake,8 GB,SCAMPI (8 GB),1.2669378086551841,0.7268787016551841
257,1288330,1024,SCAMPI (8 GB),177.1748321056,35.134217361,115.374268014,5244.08984375,"[0.5263524476, 0.5263524476, 0.5263524476, 1.0030337295, 1.6455490782, 2.6151865995, 3.2850785004, 3.7337978649, 4.4099864047, 5.3768496749]",0.8041755299000001,"[None, None, [688051, 772011], [771806, 687846, 1243525], [837894, 67892, 1131709, 473185], [837843, 1131658, 67840, 473133, 944946], [236669, 944884, 1131596, 756516, 1021975, 784199], [837814, 1131629, 67813, 944918, 236703, 756549, 784231], [837814, 1131629, 67813, 944918, 236703, 756549, 784231, 1022010], [837814, 1131629, 67813, 944918, 236703, 756549, 784231, 1022010, 1102938]]",[2],BlackLeggedKittiwake,8 GB,SCAMPI (8 GB),2.3188035007089325,1.5146279708089323
258,1288330,2048,SCAMPI (8 GB),177.7442715168,32.514497634,117.554797666,4941.0703125,"[3.6046636793, 3.6046636793, 3.6046636793, 5.3477595924, 9.2879971944, 11.8966792529, 13.0095691927, 18.6951282607, 25.9601654672, 34.2149685107]",1.2485824731,"[None, None, [770862, 1242581], [1021800, 756341, 672990], [147094, 756473, 673125, 1021934], [756488, 147106, 236640, 944854, 1021944], [147094, 756473, 673125, 1021934, 944843, 236629], [756498, 147116, 944866, 236651, 673146, 473053, 1021951], [944888, 236672, 756520, 1021980, 147137, 473077, 67783, 673163], [994442, 48769, 745857, 770941, 792602, 659266, 395505, 243176, 1242665]]",[6],BlackLeggedKittiwake,8 GB,SCAMPI (8 GB),5.849356247545536,4.600773774445536
259,1288330,4096,SCAMPI (8 GB),167.9611451626,25.991381108,113.58693932,4684.02734375,"[13.4153480464, 13.4153480464, 13.4153480464, 17.4863323748, 41.4182977096, 77.6197288346, 92.9772218794, 133.3362747423, 194.6773660395, 196.7942228635]",1.6749752061,"[None, None, [47310, 657799], [685758, 47545, 658035], [47681, 685898, 658180, 769865], [47697, 685924, 769864, 658164, 993387], [745081, 1177027, 853515, 47984, 686215, 81280], [853116, 329149, 744706, 47617, 80884, 1176630, 658127], [853116, 329149, 744706, 47617, 80884, 1176630, 658127, 993321], [853116, 329149, 744706, 47617, 80884, 1176630, 658127, 993321, 769823]]",[6],BlackLeggedKittiwake,8 GB,SCAMPI (8 GB),14.028336425374892,12.353361219274891
260,449919,512,SCAMPI (2 GB),1.0652229786,0.989223225,0.038561687000000004,4570.8515625,"[1.5728995460000002e-17, 1.5728995460000002e-17, 1.5728995460000002e-17, 6.979154263e-16, 0.0, 0.0, 0.0, 0.0, 0.0, 0.0]",5.777e-07,"[None, None, [245556, 258530], [245556, 258530, 249108], [236356, 248267, 238486, 244734], [245556, 258530, 249108, 248258, 236347], [245556, 258530, 249108, 248258, 236347, 238477], [236347, 248258, 238477, 244725, 249108, 258530, 245556], [236345, 248256, 238475, 244723, 249106, 258528, 245554, 241791], [236345, 248256, 238475, 244723, 249106, 258528, 245554, 241791, 259512]]",[2],swtAttack38,2 GB,SCAMPI (2 GB),0.0,-5.777e-07
261,449919,1024,SCAMPI (2 GB),67.2364006042,15.659048161,46.949915583,4570.8515625,"[0.7460488454, 0.7460488454, 0.7460488454, 0.856634593, 1.112813187, 1.4765983111, 1.8948694179, 2.051201857, 2.2147268124, 2.5307000229]",0.6877008802,"[None, None, [353836, 401454], [294248, 401670, 412280], [294250, 401669, 391074, 412278], [412070, 401468, 353842, 294040, 390866], [401606, 391009, 412221, 294186, 289861, 151421], [412084, 401478, 294056, 353855, 390880, 339961, 344293], [390872, 401470, 353850, 294047, 289717, 412072, 339951, 151281], [308827, 226363, 369766, 313149, 437370, 326115, 222011, 428065, 207918]]",[3],swtAttack38,2 GB,SCAMPI (2 GB),1.5908174071526877,0.9031165269526877
262,449919,2048,SCAMPI (2 GB),85.690032959,14.628501684,63.350173036,4570.8515625,"[0.9054740130000001, 0.9054740130000001, 0.9054740130000001, 1.6764203064, 2.0409268369, 2.8655778439, 4.2331283248, 5.4076084037, 6.0735171017, 6.8852234545]",0.9800803033000001,"[None, None, [390546, 401145], [353403, 401035, 390435], [401220, 390623, 293800, 353588], [401208, 390607, 353573, 293786, 289449], [289433, 411781, 401194, 390586, 353553, 293766], [166696, 307015, 311362, 220209, 224578, 319976, 170929], [311469, 307130, 220322, 171037, 324467, 166802, 224678, 320059], [171050, 307132, 320084, 311487, 324468, 220322, 224703, 166806, 121742]]",[4],swtAttack38,2 GB,SCAMPI (2 GB),2.6239709324800073,1.6438906291800073
263,449919,4096,SCAMPI (2 GB),88.4335441589,15.833469618,64.253821061,4570.8515625,"[3.2640418197, 3.2640418197, 3.2640418197, 12.1584722709, 15.1179777257, 16.3458550669, 17.3731521782, 20.4330430812, 22.1004723132, 23.2340681708]",1.7431435293,"[None, None, [311253, 319873], [47858, 43508, 52207], [56517, 52109, 43403, 47815], [60919, 47839, 43478, 52172, 56581], [60904, 47847, 43475, 65226, 56557, 52135], [56598, 47869, 43491, 52189, 60922, 65246, 82376], [65321, 43536, 52262, 47883, 56650, 60966, 69672, 95274], [43532, 52245, 47891, 65312, 56615, 60964, 82372, 95250, 69666]]",[6],swtAttack38,2 GB,SCAMPI (2 GB),4.820173043657251,3.0770295143572506
264,5983000,512,SCAMPI (16 GB),311.5499093533,48.554894977000004,185.044036746,17537.5390625,"[0.0114649051, 0.0114649051, 0.0114649051, 0.0579207042, 0.0907252424, 0.47997520850000003, 0.6838865813, 1.1709936054, 1.6246140487, 2.1904808088]",0.8413968904,"[None, None, [6703, 5943741], [6772, 5943809, 5889290], [1964419, 5943719, 6682, 5889204], [8633, 5945596, 3640953, 5821153, 2009321], [2009325, 5945600, 5821156, 3640957, 8634, 5145856], [5145889, 5821186, 5922777, 8670, 3640990, 5945632, 2009357], [5922705, 5145817, 5945562, 8601, 3640919, 2009288, 5821122, 3599602], [8642, 5945605, 3640962, 5821161, 2009331, 5145861, 5922747, 3599645, 5948787]]","[4, 6]",MGHSleepElectromyography,16 GB,SCAMPI (16 GB),1.4800273000184827,0.6386304096184827
265,5983000,1024,SCAMPI (16 GB),270.976950407,45.638149248,164.985850466,17514.88671875,"[0.0406492336, 0.0406492336, 0.0406492336, 0.4350988665, 0.5336747202000001, 6.0052409776, 9.4617038466, 12.1594119797, 18.8328406858, 22.1480432592]",1.3104533106,"[None, None, [6687, 5943724], [1964459, 5889244, 5943763], [5943759, 6722, 1964455, 5889240], [2009288, 5945562, 8599, 3640919, 5922705], [2009348, 5945621, 8662, 3640980, 5821172, 5145880], [2009333, 5945606, 8646, 3640964, 5821160, 5145864, 5948788], [3640970, 2009338, 5945612, 8652, 5145873, 5922765, 5948801, 5821171], [2009356, 5945629, 8670, 3640987, 5922776, 5145886, 5821174, 1174536, 5948801]]","[4, 7]",MGHSleepElectromyography,16 GB,SCAMPI (16 GB),4.706170763922619,3.395717453322619
266,5983000,2048,SCAMPI (16 GB),266.7536783218,51.144347554,153.699008417,17434.62109375,"[0.6584113075, 0.6584113075, 0.6584113075, 7.1425432956, 22.580978811, 45.8275170967, 64.7872248878, 101.8428076974, 193.3173132685, 408.0023431185]",2.2742539274,"[None, None, [1964405, 5889190], [8618, 5945580, 2009306], [5945565, 8602, 2009291, 5922708], [8620, 5945582, 2009308, 5922721, 3640934], [8606, 5945568, 2009295, 5922705, 3640918, 5145816], [8674, 5945631, 2009359, 5922796, 5145896, 1174539, 3641010], [5945662, 8706, 2009386, 5922808, 3641016, 1174544, 5145922, 3599724], [8696, 5945652, 2009375, 3641003, 1174549, 5191107, 5948827, 3721622, 5135648]]",[7],MGHSleepElectromyography,16 GB,SCAMPI (16 GB),20.199067877466526,17.924813950066525
267,5983000,4096,SCAMPI (16 GB),305.2536215782,48.883058055,183.284785872,17481.70703125,"[1.5377527307, 1.5377527307, 1.5377527307, 57.0485712743, 124.2313605488, 160.444079709, 415.1258213574, 442.2438101943, 2532.9392813601, 4242.9664080098]",2.7398656277,"[None, None, [1964402, 5889187], [3594818, 5939492, 2423], [2009299, 8610, 5922711, 3640921], [8654, 2009329, 5922759, 3640977, 5145870], [8650, 2009339, 5922752, 5145864, 1174523, 2609335], [8686, 2009371, 5922802, 5145902, 3640981, 1174558, 5191092], [8648, 2009334, 5922765, 5145861, 2609335, 3640929, 1174586, 5776622], [8648, 2009334, 5922765, 5145861, 2609335, 3640929, 1174586, 5776622, 1308479]]",[7],MGHSleepElectromyography,16 GB,SCAMPI (16 GB),65.13805652619519,62.39819089849519
268,8066432,512,SCAMPI (16 GB),233.5159220695,27.870511135,132.680090456,5749.19921875,"[0.0775571219, 0.0775571219, 0.0775571219, 0.1311679274, 0.2654881522, 0.2806220165, 0.3513705132, 0.4627285856, 0.5839512478000001, 0.6226859391]",0.3112137977,"[None, None, [4736813, 8016495], [1951631, 3663381, 2194849], [134610, 271748, 1475712, 2009855], [1299482, 1475708, 2009854, 1180576, 271741], [2204449, 1157559, 1251122, 1264743, 2848366, 1635713], [169321, 668577, 1572524, 2130876, 630648, 3037068, 2388485], [4964981, 897508, 679511, 4126849, 271809, 1180692, 1299566, 1475789], [1474965, 1624617, 4014501, 2000975, 4810931, 1089900, 55048, 1149561, 7448012]]","[3, 5]",solarwind,16 GB,SCAMPI (16 GB),0.789104517221895,0.477890719521895
269,8066432,1024,SCAMPI (16 GB),241.9954993725,34.017025372,137.807179389,5924.8046875,"[0.3907376098, 0.3907376098, 0.3907376098, 0.6593718443000001, 1.4409944344, 1.8957988853, 2.2190056953, 3.0917597704, 4.1017395376, 5.827155606]",0.44333122340000003,"[None, None, [271608, 1475574], [2204372, 1251056, 1635650], [1251065, 2204382, 1635653, 7464472], [1251048, 1635640, 2204361, 1264676, 7323726], [1635621, 2204346, 4830297, 1251027, 7323705, 1264648], [1635621, 2204346, 4830297, 1251027, 7323705, 1264648, 7464438], [1635621, 2204346, 4830297, 1251027, 7323705, 1264648, 7464438, 1594020], [7447694, 1089577, 1624292, 3195979, 6304634, 5570083, 630319, 1738045, 7397403]]",[6],solarwind,16 GB,SCAMPI (16 GB),2.4139502078543376,1.9706189844543376
270,8066432,2048,SCAMPI (16 GB),304.8776831627,34.582181949,189.028570899,4598.3203125,"[3.229539528, 3.229539528, 3.229539528, 11.3558686056, 14.9351334929, 36.3686515079, 46.1544683274, 69.4193701769, 85.7456793264, 104.8431145793]",0.7329437783,"[None, None, [3627246, 3662129], [1215628, 477190, 1608434], [1608496, 4633968, 477240, 1215702], [1298613, 232578, 4736027, 476915, 3614062], [4830994, 1801812, 477021, 4550097, 1298759, 1825676], [1179815, 381267, 1853386, 7820463, 477056, 7059259, 4550127], [1826758, 5531626, 7290571, 1568501, 7762094, 14604, 6124086, 5829989], [4183501, 4774540, 1933501, 7761960, 2033789, 5829895, 1353152, 2031020, 264388]]","[4, 6]",solarwind,16 GB,SCAMPI (16 GB),10.23929267963857,9.506348901338571
271,8066432,4096,SCAMPI (16 GB),258.1814775467,32.460252064,147.361063034,4598.3203125,"[47.3665995261, 47.3665995261, 47.3665995261, 163.6606040932, 295.6584954318, 483.2308361146, 742.676162656, 1020.6750417017, 1048.3684826958, 1323.742359399]",1.0083911125,"[None, None, [2035605, 3306793], [1162846, 4270587, 1519157], [4549656, 270662, 1179397, 7695798], [1179854, 1215581, 1013055, 271215, 381348], [3306729, 2035611, 7763524, 7252340, 2721603, 1013099], [7826156, 1407567, 3564041, 386594, 330969, 7648486, 1612198], [4754744, 1820329, 2802491, 827325, 2363133, 1198235, 1875904, 4602098], [336543, 1198244, 7865633, 4754749, 250356, 2802499, 1174918, 4911000, 7980010]]",[8],solarwind,16 GB,SCAMPI (16 GB),36.38327032303446,35.37487921053446
272,7583000,512,SCAMPI (0.25 GB),33.8606290817,25.094310439,6.976617739,4598.46484375,"[1.7675656735, 1.7675656735, 1.7675656735, 1.9581173713, 3.5929435624, 8.379942278, 24.8921178432, 37.622541917, 41.2823960678, 65.8924915638]",0.5694528118000001,"[None, None, [5563046, 5909349], [5909349, 5563046, 5935973], [5909349, 5563046, 5935973, 5539244], [5563042, 5909345, 5935969, 5539240, 6152590], [6800049, 6836062, 6998348, 6964159, 7338197, 6696199], [6836060, 6800051, 7111460, 7099115, 7338198, 6696210, 6964154], [6836060, 6800051, 7111460, 6696210, 6964154, 7099112, 7338191, 7321066], [6836060, 6800051, 7111460, 6696210, 6964154, 7099112, 7338191, 7321066, 2958678]]","[5, 8]",Lab_K_060314,0.25 GB,SCAMPI (0.25 GB),8.117419021080531,7.547966209280531
273,7583000,1024,SCAMPI (0.25 GB),29.3829240799,24.605789373,3.453111654,4598.46484375,"[4.9251685145, 4.9251685145, 4.9251685145, 6.2336506527, 15.590519294, 32.1582755023, 35.6080209622, 41.4144023705, 52.0197164911, 96.8202490163]",0.8232079093,"[None, None, [5562535, 5908838], [5935460, 5562533, 5908836], [5935460, 5562533, 5908836, 5705924], [6835887, 6799873, 7098946, 6696031, 6963987], [6799872, 6835885, 7098939, 6963987, 6696022, 7338024], [6696022, 6835884, 6799871, 7098935, 6963986, 7338021, 7111287], [6964019, 6998210, 7098973, 6835918, 6799909, 7338054, 6696056, 7111328], [7098951, 6835893, 6799883, 7338032, 6696032, 6964005, 7111308, 6998199, 3020322]]","[3, 8]",Lab_K_060314,0.25 GB,SCAMPI (0.25 GB),9.83972809666507,9.016520187365069
274,7583000,2048,SCAMPI (0.25 GB),31.403131485,25.308584397,4.568678004,4598.46484375,"[15.4698666499, 15.4698666499, 15.4698666499, 41.5276516803, 49.0431582012, 52.5901094194, 62.7418722759, 68.0127539791, 89.9029445178, 131.6563799615]",1.1311635095,"[None, None, [5561511, 5907814], [6835532, 6963642, 6799527], [6799460, 6835472, 6963575, 7098529], [7337700, 6835557, 6963664, 6799548, 7098621], [7337692, 6835549, 6963653, 6799541, 7098603, 6695688], [6835551, 6799537, 6963653, 7337694, 7098603, 6695692, 6997842], [6963611, 6997803, 6799496, 6835517, 7337651, 6695653, 7098579, 7110920], [6963512, 6997703, 6835404, 6799396, 7098466, 7337547, 6695548, 7110821, 3019830]]",[7],Lab_K_060314,0.25 GB,SCAMPI (0.25 GB),11.474161405588646,10.342997896088646
275,7583000,4096,SCAMPI (0.25 GB),23.5143139362,16.479731479,5.36467727,4598.46484375,"[63.4282881791, 63.4282881791, 63.4282881791, 90.017844295, 92.8651341767, 99.7343591742, 107.0369332396, 148.3402867059, 167.0861861088, 278.9847198648]",1.3398936152,"[None, None, [6962770, 6996961], [6996786, 6962601, 7097552], [6798530, 7097598, 6962645, 6996829], [6996550, 6962358, 7097318, 6694401, 6798246], [6996461, 6962282, 7097233, 6834169, 6694322, 6798169], [6996451, 6834155, 6962268, 6798147, 7097205, 6694293, 7109564], [7110486, 6799070, 7098115, 6835065, 7337205, 6963155, 6997334, 6695204], [6962786, 7097746, 6798676, 6996990, 6834682, 6694825, 7110090, 7336817, 3019097]]",[8],Lab_K_060314,0.25 GB,SCAMPI (0.25 GB),16.70283568334431,15.362942068144312
276,449919,512,SCAMPI (16 GB),1.097445488,1.022003527,0.038702887000000005,8512.21484375,"[1.5728995460000002e-17, 1.5728995460000002e-17, 1.5728995460000002e-17, 6.979154263e-16, 0.0, 0.0, 0.0, 0.0, 0.0, 0.0]",5.777e-07,"[None, None, [245556, 258530], [245556, 258530, 249108], [236356, 248267, 238486, 244734], [245556, 258530, 249108, 248258, 236347], [245556, 258530, 249108, 248258, 236347, 238477], [236347, 248258, 238477, 244725, 249108, 258530, 245556], [236345, 248256, 238475, 244723, 249106, 258528, 245554, 241791], [236345, 248256, 238475, 244723, 249106, 258528, 245554, 241791, 259512]]",[2],swtAttack38,16 GB,SCAMPI (16 GB),0.0,-5.777e-07
277,449919,1024,SCAMPI (16 GB),387.6947617531,127.122206124,235.45793681,16675.66796875,"[0.7460488454, 0.7460488454, 0.7460488454, 0.8544665024, 1.1124659504, 1.4667994947, 1.8925798658, 2.0501850782, 2.2068815705000002, 2.483783692]",0.8405232981,"[None, None, [353836, 401454], [294251, 401671, 412283], [412292, 401685, 294259, 391088], [294043, 401463, 412072, 390868, 353843], [412217, 401607, 294184, 391010, 289861, 151422], [344291, 353860, 401474, 339958, 412081, 390876, 294055], [289715, 390869, 401459, 151279, 294044, 339955, 353844, 412076], [369775, 226379, 437388, 207934, 308841, 313169, 428074, 222019, 326124]]",[3],swtAttack38,16 GB,SCAMPI (16 GB),1.5760024403534405,0.7354791422534405
278,449919,2048,SCAMPI (16 GB),517.4806435108,113.134122279,353.724740969,16675.66796875,"[0.9054740130000001, 0.9054740130000001, 0.9054740130000001, 1.6764203064, 2.0409268369, 2.8509705807, 4.2331283248, 5.3978686143, 6.0698808846, 6.922031001]",1.3092675807,"[None, None, [390546, 401145], [401034, 390435, 353403], [401222, 390623, 293800, 353588], [401205, 390606, 353572, 293784, 289448], [390586, 401184, 353552, 293764, 289429, 411781], [220200, 311349, 306998, 319967, 170930, 166706, 224567], [320080, 311464, 307130, 324466, 171058, 166806, 220314, 224681], [171064, 307155, 320101, 311490, 324480, 224709, 220346, 166834, 121763]]",[4],swtAttack38,16 GB,SCAMPI (16 GB),2.630975294638853,1.3217077139388531
279,449919,4096,SCAMPI (16 GB),598.5180552006,117.814749873,419.398315142,16549.9453125,"[3.2640418197, 3.2640418197, 3.2640418197, 12.1439828836, 15.1210599448, 16.3338215242, 17.3286799305, 20.4593771856, 21.9372385863, 23.2856940032]",2.433924866,"[None, None, [311253, 319873], [47859, 43489, 52208], [56578, 47861, 43473, 52173], [47859, 43489, 52208, 56585, 60924], [56556, 47853, 43470, 52146, 60902, 65224], [43451, 52203, 47854, 65248, 56594, 60934, 82378], [69673, 47879, 43542, 95275, 60970, 56637, 52263, 65333], [52219, 43508, 47871, 56620, 65279, 60953, 82367, 95243, 69658]]",[6],swtAttack38,16 GB,SCAMPI (16 GB),4.825525256715584,2.391600390715584
280,7583000,512,SCAMPI (0.5 GB),24.5306653976,16.310555703,5.813743469,4582.0703125,"[2.7635790015, 2.7635790015, 2.7635790015, 3.4496442445, 5.2429782959, 6.4430915836, 7.0138780733, 8.1032776399, 10.9673758932, 12.5393593582]",0.8262933959000001,"[None, None, [6627437, 6805495], [6627444, 6805495, 7066567], [6627443, 6805495, 7066563, 6810550], [3157576, 2740778, 2714754, 2814517, 6868960], [2814518, 6868986, 2740774, 2714757, 3158521, 3157574], [2707725, 2714774, 3157583, 2740770, 2814500, 6868970, 3158500], [2714776, 6868958, 2740777, 3157575, 3158515, 2814517, 2707754, 6869219], [3158498, 2714742, 2814495, 2740766, 6869039, 3157576, 2707719, 2720372, 6437601]]","[3, 7]",Lab_FD_061014,0.5 GB,SCAMPI (0.5 GB),3.5410957849513194,2.7148023890513193
281,7583000,1024,SCAMPI (0.5 GB),28.7176368237,20.11752113,6.131705059,4582.0703125,"[8.5426704593, 8.5426704593, 8.5426704593, 11.1899319175, 11.9882139851, 13.9565243424, 16.0086217507, 19.0630430854, 21.3079476059, 24.3228569352]",1.0949548837,"[None, None, [2740766, 3158511], [2714742, 2707719, 2740762], [2707714, 2714738, 2740759, 3158492], [3158492, 2740760, 2707714, 2714738, 2814493], [2798735, 2714760, 2740792, 2707751, 3158525, 2814496], [2740806, 3158526, 2814502, 2714770, 2707745, 2798740, 2674629], [6868937, 2740801, 3158552, 2714780, 2707791, 2674626, 2798734, 2814528], [6437625, 3158521, 2740766, 2707740, 2714756, 7080082, 2674588, 2798734, 2558370]]",[4],Lab_FD_061014,0.5 GB,SCAMPI (0.5 GB),4.931820853924036,3.8368659702240357
282,7583000,2048,SCAMPI (0.5 GB),31.5084385872,20.220290691,8.598854412,4582.0703125,"[17.3289782368, 17.3289782368, 17.3289782368, 26.5145060481, 30.1270611483, 33.2714302304, 35.724644638, 39.9744588395, 42.9265161472, 49.2053128974]",1.2342705048,"[None, None, [2814652, 7147733], [2792030, 2817541, 2814948], [2740918, 2716420, 2792004, 2814889], [2716419, 2740905, 2791997, 2814851, 7147943], [2814925, 2817537, 2792017, 7148011, 2740939, 2716464], [2815006, 2817580, 2792079, 7148102, 2716492, 2740970, 2778184], [2758827, 2716499, 2792040, 2814988, 2740977, 2778166, 7148039, 2817576], [2792397, 2778083, 2815283, 2716621, 2818126, 6803008, 2717689, 2741099, 7148393]]",[8],Lab_FD_061014,0.5 GB,SCAMPI (0.5 GB),7.014649877035916,5.780379372235917
283,7583000,4096,SCAMPI (0.5 GB),34.0323171616,20.258542624,10.977813263,4582.0703125,"[29.9918415821, 29.9918415821, 29.9918415821, 55.8936048764, 71.5851084883, 89.4979924922, 102.0162237149, 114.092057796, 126.706200703, 132.5914784819]",1.8754510686,"[None, None, [2791979, 2817513], [2758876, 2817838, 2792819], [2665406, 2791986, 2817518, 2758750], [2965292, 2817511, 2791989, 2665387, 2758740], [2758730, 2791964, 2817561, 2665390, 2965231, 2976308], [2792010, 2817534, 2665446, 2758817, 2965380, 2805893, 2976377], [2817532, 2791980, 2758778, 2665404, 2965279, 2806032, 2976209, 2670070], [2817513, 2791979, 2758753, 2665417, 2965263, 2976329, 2806016, 2670092, 2772397]]",[2],Lab_FD_061014,0.5 GB,SCAMPI (0.5 GB),11.514837318950711,9.63938625035071
284,1875227,512,SCAMPI (0.25 GB),12.0819811821,10.326266302,1.5922034999999999,4591.8828125,"[10.1808337828, 10.1808337828, 10.1808337828, 24.9776977623, 36.7751672952, 36.7751672952, 36.7751672952, 42.2383768496, 42.2383768496, 42.2383768496]",0.0072233809000000005,"[None, None, [1419249, 598650], [1419249, 598650, 518993], [1419249, 598650, 518993, 1509977], [1419249, 598650, 518993, 1509977, 86977], [1419249, 598650, 518993, 1509977, 86977, 1726307], [1419249, 598650, 518993, 1509977, 86977, 1726307, 1584467], [1419249, 598650, 518993, 1509977, 86977, 1726307, 1584467, 1655932], [1419249, 598650, 518993, 1509977, 86977, 1726307, 1584467, 1655932, 104400]]",[6],HAR_Ambient_Sensor_Data,0.25 GB,SCAMPI (0.25 GB),6.499105850007369,6.491882469107368
285,1875227,1024,SCAMPI (0.25 GB),15.3583052158,13.156598388,1.98893536,4592.8828125,"[48.7198574039, 48.7198574039, 48.7198574039, 86.8418976202, 86.8418976202, 137.4530531934, 137.4530531934, 137.4530531934, 179.1017804423, 220.6883660092]",0.0158848897,"[None, None, [1418862, 1634131], [1418862, 1634131, 294725], [1418862, 1634131, 294725, 245793], [1418862, 1634131, 294725, 245793, 1518108], [1418862, 1634131, 294725, 245793, 1518108, 1744085], [1418862, 1634131, 294725, 245793, 1518108, 1744085, 415423], [1418862, 1634131, 294725, 245793, 1518108, 1744085, 415423, 272989], [1418862, 1634131, 294725, 245793, 1518108, 1744085, 415423, 272989, 493591]]",[7],HAR_Ambient_Sensor_Data,0.25 GB,SCAMPI (0.25 GB),14.855583664373473,14.839698774673472
286,1875227,2048,SCAMPI (0.25 GB),17.703492403,12.498873913,4.011210542,4592.8828125,"[239.4244384829, 239.4244384829, 239.4244384829, 372.3480801919, 560.8261544915, 560.8261544915, 1002.0321938404, 1002.0321938404, 1002.0321938404, 1002.0321938404]",0.0694010691,"[None, None, [1418086, 1497513], [1418086, 1497513, 272218], [1418086, 1497513, 272218, 1332410], [1418086, 1497513, 272218, 1332410, 1707877], [1418086, 1497513, 272218, 1332410, 1707877, 1249745], [1418086, 1497513, 272218, 1332410, 1707877, 1249745, 98674], [1418086, 1497513, 272218, 1332410, 1707877, 1249745, 98674, 1842156], [1418086, 1497513, 272218, 1332410, 1707877, 1249745, 98674, 1842156, 1743281]]",[5],HAR_Ambient_Sensor_Data,0.25 GB,SCAMPI (0.25 GB),31.654892099648674,31.585491030548674
287,1875227,4096,SCAMPI (0.25 GB),18.1704113483,14.526395169,2.540519016,4592.8828125,"[2005.7164853285, 2005.7164853285, 2005.7164853285, 2028.5661270376, 2354.9301343517, 2354.9301343517, 3364.7112860702, 4300.5672066349, 4300.5672066349, 4300.5672066349]",0.09347017810000001,"[None, None, [1416536, 1706328], [1416536, 1706328, 1330862], [1416536, 1706328, 1330862, 1692287], [1416536, 1706328, 1330862, 1692287, 1495962], [1416536, 1706328, 1330862, 1692287, 1495962, 1392137], [1416536, 1706328, 1330862, 1692287, 1495962, 1392137, 415051], [1416536, 1706328, 1330862, 1692287, 1495962, 1392137, 415051, 5737], [1416536, 1706328, 1330862, 1692287, 1495962, 1392137, 415051, 5737, 879106]]",[5],HAR_Ambient_Sensor_Data,0.25 GB,SCAMPI (0.25 GB),65.57871001045156,65.48523983235155
288,2102701,512,SCAMPI (0.25 GB),3.3196377754,2.664423689,0.40794839400000005,5582.28515625,"[8.00025e-05, 8.00025e-05, 8.00025e-05, 0.0001460594, 0.0002357628, 0.0002894838, 0.0003971316, 0.00042224490000000004, 0.000469712, 0.0004977045]",0.0074098734,"[None, None, [995371, 1508491], [265281, 1103241, 969321], [265271, 969311, 616571, 1103231], [265175, 616475, 530075, 924515, 177395], [704295, 361695, 969255, 177435, 265215, 1103175], [704255, 361655, 969215, 177395, 265175, 1103135, 530075], [969273, 265233, 177453, 704313, 616533, 361713, 1103193, 1797213], [265173, 616473, 530073, 924513, 177393, 969213, 1103133, 704253, 361653]]",[2],SpainishEnergyDataset,0.25 GB,SCAMPI (0.25 GB),0.022309291786159417,0.014899418386159418
289,2102701,1024,SCAMPI (0.25 GB),4.4811348915,3.640678768,0.554692705,4974.015625,"[0.0005823949000000001, 0.0005823949000000001, 0.0005823949000000001, 0.0008515593, 0.0015124638, 0.0017728659, 0.0021371129, 0.0024588435000000002, 0.0024797545, 0.0028665967]",0.0473120422,"[None, None, [264906, 968946], [703987, 264907, 968947], [184390, 264970, 924310, 969010], [616239, 968979, 264939, 177159, 704019], [881047, 264907, 177127, 1012147, 703987, 968947], [177159, 1012179, 881079, 264939, 616239, 704019, 968979], [184400, 264980, 924320, 969020, 616280, 177200, 881120, 704060], [177200, 1012220, 264980, 881120, 616280, 704060, 184400, 969020, 924320]]",[8],SpainishEnergyDataset,0.25 GB,SCAMPI (0.25 GB),0.053540607953216225,0.006228565753216224
290,2102701,2048,SCAMPI (0.25 GB),9.1522781849,4.892551417,3.518966594,4974.015625,"[0.0027693347000000003, 0.0027693347000000003, 0.0027693347000000003, 0.0053196071, 0.0061532643, 0.0101170203, 0.010952132600000001, 0.013592799000000001, 0.0143123707, 0.0172302644]",0.1143209275,"[None, None, [573864, 791244], [615570, 791190, 835770], [573834, 791214, 835794, 615594], [923427, 968127, 1011327, 264087, 528987], [923400, 968100, 703140, 1011300, 264060, 528960], [264085, 528985, 968125, 923425, 1011325, 747805, 703165], [923419, 968119, 703159, 1011319, 264079, 528979, 1663639, 747799], [528999, 176319, 703179, 264099, 835599, 1011339, 923439, 747819, 968139]]","[4, 8]",SpainishEnergyDataset,0.25 GB,SCAMPI (0.25 GB),0.1312641017186344,0.016943174218634394
291,2102701,4096,SCAMPI (0.25 GB),8.5284025669,4.336621794,3.205111843,4598.2578125,"[0.022275671400000002, 0.022275671400000002, 0.022275671400000002, 0.0313294553, 0.0505489526, 0.056459210600000004, 0.0595179018, 0.0735116422, 0.091063427, 0.1145435999]",0.3066585982,"[None, None, [789727, 834307], [701887, 789727, 834307], [701887, 789727, 834307, 746527], [701887, 789727, 834307, 746527, 966847], [1009922, 701762, 789602, 966722, 834182, 746402], [701887, 1010047, 789727, 834307, 746527, 922147, 966847], [746526, 701886, 614106, 789726, 834306, 966846, 658686, 1010046], [922149, 834309, 701889, 966849, 789729, 746529, 1010049, 614109, 658689]]",[6],SpainishEnergyDataset,0.25 GB,SCAMPI (0.25 GB),0.3384429049337569,0.03178430673375687
292,6375000,512,SCAMPI (2 GB),6.0572757721,5.388679107,0.145276385,4597.46484375,"[0.0, 0.0, 0.0, 0.0, 0.0, 0.0, 0.0, 0.0, 0.0, 0.0]",0.0,"[None, None, [4825795, 4824795], [4825795, 4824795, 4826795], [4825795, 4824795, 4826795, 4827795], [4825795, 4824795, 4826795, 4827795, 4828795], [4825795, 4824795, 4826795, 4827795, 4828795, 4830795], [4825795, 4824795, 4826795, 4827795, 4828795, 4830795, 4831795], [4825795, 4824795, 4826795, 4827795, 4828795, 4830795, 4831795, 4832795], [4825795, 4824795, 4826795, 4827795, 4828795, 4830795, 4831795, 4832795, 4833795]]",[2],CinC_Challenge,2 GB,SCAMPI (2 GB),0.0,0.0
293,6375000,1024,SCAMPI (2 GB),8.3126823902,7.66133447,0.136577747,4597.46484375,"[0.0, 0.0, 0.0, 0.0, 0.0, 0.0, 0.0, 0.0, 0.0, 0.0]",0.0,"[None, None, [4823591, 4824591], [4823591, 4824591, 4825591], [4823591, 4824591, 4825591, 4826591], [4823591, 4824591, 4825591, 4826591, 4827591], [4823591, 4824591, 4825591, 4826591, 4827591, 4828591], [4823591, 4824591, 4825591, 4826591, 4827591, 4828591, 4829591], [4823591, 4824591, 4825591, 4826591, 4827591, 4828591, 4829591, 4830591], [4823591, 4824591, 4825591, 4826591, 4827591, 4828591, 4829591, 4830591, 4831591]]",[2],CinC_Challenge,2 GB,SCAMPI (2 GB),0.0,0.0
294,6375000,2048,SCAMPI (2 GB),8.10415411,7.215264539,0.36019862500000005,4597.46484375,"[0.0, 0.0, 0.0, 0.0, 0.0, 0.0, 0.0, 0.0, 0.0, 0.0]",0.0,"[None, None, [4824632, 4833632], [4824632, 4833632, 4838632], [4824632, 4833632, 4838632, 4827632], [4824632, 4833632, 4838632, 4827632, 4829632], [4824632, 4833632, 4838632, 4827632, 4829632, 4831632], [4824632, 4833632, 4838632, 4827632, 4829632, 4831632, 4835632], [4824632, 4833632, 4838632, 4827632, 4829632, 4831632, 4835632, 4841632], [4824632, 4833632, 4838632, 4827632, 4829632, 4831632, 4835632, 4841632, 4843632]]",[2],CinC_Challenge,2 GB,SCAMPI (2 GB),0.0,0.0
295,6375000,4096,SCAMPI (2 GB),8.6033110619,7.368534901,0.7158160020000001,4597.46484375,"[0.0, 0.0, 0.0, 0.0, 0.0, 0.0, 0.0, 0.0, 0.0, 0.0]",0.0,"[None, None, [4823239, 4826239], [4823239, 4826239, 4829239], [4823239, 4826239, 4829239, 4832239], [4823239, 4826239, 4829239, 4832239, 4835239], [4823239, 4826239, 4829239, 4832239, 4835239, 4838239], [4823239, 4826239, 4829239, 4832239, 4835239, 4838239, 4841239], [4823239, 4826239, 4829239, 4832239, 4835239, 4838239, 4841239, 4844239], [4823239, 4826239, 4829239, 4832239, 4835239, 4838239, 4841239, 4844239, 4847239]]",[2],CinC_Challenge,2 GB,SCAMPI (2 GB),0.0,0.0
296,2102701,512,SCAMPI (16 GB),3.3416109085,2.701652861,0.412986734,4598.2578125,"[8.00025e-05, 8.00025e-05, 8.00025e-05, 0.0001460594, 0.0002357628, 0.0002894838, 0.0003971316, 0.00042224490000000004, 0.000469712, 0.0004977045]",0.0074098734,"[None, None, [995371, 1508491], [265281, 1103241, 969321], [265271, 969311, 616571, 1103231], [265175, 616475, 530075, 924515, 177395], [704295, 361695, 969255, 177435, 265215, 1103175], [704255, 361655, 969215, 177395, 265175, 1103135, 530075], [969273, 265233, 177453, 704313, 616533, 361713, 1103193, 1797213], [265173, 616473, 530073, 924513, 177393, 969213, 1103133, 704253, 361653]]",[2],SpainishEnergyDataset,16 GB,SCAMPI (16 GB),0.022309291786159417,0.014899418386159418
297,2102701,1024,SCAMPI (16 GB),4.1927888393,3.448103728,0.504092467,4598.2578125,"[0.0005823949000000001, 0.0005823949000000001, 0.0005823949000000001, 0.0008515593, 0.0015124638, 0.0017728659, 0.0021371129, 0.0024588435000000002, 0.0024797545, 0.0028665967]",0.0473120422,"[None, None, [264906, 968946], [703987, 264907, 968947], [184390, 264970, 924310, 969010], [616239, 968979, 264939, 177159, 704019], [881047, 264907, 177127, 1012147, 703987, 968947], [177159, 1012179, 881079, 264939, 616239, 704019, 968979], [184400, 264980, 924320, 969020, 616280, 177200, 881120, 704060], [177200, 1012220, 264980, 881120, 616280, 704060, 184400, 969020, 924320]]",[8],SpainishEnergyDataset,16 GB,SCAMPI (16 GB),0.053540607953216225,0.006228565753216224
298,2102701,2048,SCAMPI (16 GB),8.4161469936,5.256330527,2.673657592,4598.2578125,"[0.0027693347000000003, 0.0027693347000000003, 0.0027693347000000003, 0.0053196071, 0.0061532643, 0.0101170203, 0.010952132600000001, 0.013592799000000001, 0.014770766400000001, 0.0172921306]",0.1295637178,"[None, None, [573864, 791244], [615570, 791190, 835770], [573834, 791214, 835794, 615594], [923427, 968127, 1011327, 264087, 528987], [923400, 968100, 703140, 1011300, 264060, 528960], [264085, 528985, 968125, 923425, 1011325, 747805, 703165], [264085, 528985, 968125, 923425, 1011325, 747805, 703165, 1663645], [747815, 1011335, 528995, 264095, 923435, 703175, 176315, 968135, 835595]]","[4, 8]",SpainishEnergyDataset,16 GB,SCAMPI (16 GB),0.13149954600682087,0.0019358282068208665
299,2102701,4096,SCAMPI (16 GB),15.5813107491,8.937310406,5.374392963,4598.2578125,"[0.022275671400000002, 0.022275671400000002, 0.022275671400000002, 0.0313014935, 0.0505489526, 0.056418541600000004, 0.0595179018, 0.0735654302, 0.09098011310000001, 0.11451333080000001]",0.3281784998,"[None, None, [789727, 834307], [789728, 834308, 701888], [701887, 789727, 834307, 746527], [1010048, 701888, 789728, 966848, 834308], [789602, 834182, 701762, 1009922, 746402, 966722], [701885, 1010045, 789725, 834305, 746525, 922145, 966845], [789729, 834309, 701889, 614109, 1010049, 746529, 966849, 658689], [789730, 834310, 701890, 614110, 1010050, 746530, 966850, 922150, 658690]]",[6],SpainishEnergyDataset,16 GB,SCAMPI (16 GB),0.3383981838012728,0.010219684001272766
300,180000,512,SCAMPI (0.25 GB),19.2447037697,4.994271229,12.73085977,493.859375,"[16.9484954762, 16.9484954762, 16.9484954762, 24.2592714294, 39.2065019618, 66.4437095133, 85.3892018072, 129.1482889008, 181.3614043839, 266.8262641114]",1.7921100676000001,"[None, None, [145579, 160801], [62996, 83661, 974], [932, 62956, 107048, 83622], [29499, 139620, 165173, 75877, 22544], [29499, 139620, 165173, 75877, 22544, 27499], [139547, 26393, 155606, 33161, 165096, 70129, 166163], [139547, 26393, 155606, 33161, 165096, 70129, 166163, 156543], [9559, 22575, 75907, 139649, 150758, 14965, 114294, 94794, 34705]]","[3, 6]",EOG_one_hour_50_Hz,0.25 GB,SCAMPI (0.25 GB),16.334817541417475,14.542707473817476
301,180000,1024,SCAMPI (0.25 GB),19.1823670864,4.587684818,13.348289529,535.3046875,"[75.0007712772, 75.0007712772, 75.0007712772, 139.5491555227, 315.4713417875, 464.2703017349, 627.3327810904, 637.1790636254, 711.8827789672, 1257.1478678466]",2.6108194668,"[None, None, [62510, 83174], [62613, 83281, 595], [9326, 33028, 160191, 139412], [27419, 22470, 139537, 26387, 94688], [40170, 62476, 57209, 144586, 30569, 23092], [65479, 94267, 21252, 30507, 74668, 83092, 25829], [65479, 94267, 21252, 30507, 74668, 83092, 147610, 25829], [135493, 167794, 11039, 157562, 162152, 85337, 137002, 150822, 94864]]","[3, 7]",EOG_one_hour_50_Hz,0.25 GB,SCAMPI (0.25 GB),35.45628107749881,32.845461610698806
302,180000,2048,SCAMPI (0.25 GB),19.5271241665,4.748039583,13.517330212,539.3046875,"[375.7213720131, 375.7213720131, 375.7213720131, 578.0453248639, 1405.3902213697, 2125.7802732919, 2280.9917899636, 2280.9917899636, 2280.9917899636, 2584.8092085578]",3.6594191515,"[None, None, [157794, 168025], [82103, 68708, 24838], [68593, 138013, 93160, 31631], [157794, 168025, 85566, 111908, 133907], [134718, 156784, 84563, 21875, 167020, 8851], [134718, 156784, 84563, 21875, 167020, 8851, 61094], [134718, 156784, 84563, 21875, 167020, 8851, 61094, 25796], [134718, 156784, 84563, 21875, 167020, 8851, 61094, 25796, 150044]]","[3, 8]",EOG_one_hour_50_Hz,0.25 GB,SCAMPI (0.25 GB),50.84101895672234,47.18159980522233
303,180000,4096,SCAMPI (0.25 GB),28.041374445,4.751653831,22.074188159,578.21875,"[1411.1305119416, 1411.1305119416, 1411.1305119416, 2375.2688084631, 4557.1173033174, 5962.7769975952, 6334.3524063852, 6334.3524063852, 7747.3060668887, 7747.3060668887]",5.7639890681,"[None, None, [59514, 80178], [142040, 18630, 23357], [66872, 11988, 6195, 23136], [6420, 23365, 80615, 164574, 59813], [133167, 26338, 4776, 77196, 157336, 79294], [133167, 26338, 4776, 77196, 157336, 79294, 172761], [133167, 26338, 4776, 77196, 157336, 79294, 172761, 84971], [133167, 26338, 4776, 77196, 157336, 79294, 172761, 84971, 57787]]","[3, 7]",EOG_one_hour_50_Hz,0.25 GB,SCAMPI (0.25 GB),88.01878246652075,82.25479339842074
304,180000,512,SCAMPI (16 GB),844.5756132603,197.310823575,592.846820104,16917.421875,"[16.8070363087, 16.8070363087, 16.8070363087, 23.6441591173, 32.8750426299, 50.097982988, 60.1282498297, 81.5538646438, 101.9328761108, 111.2621006134]",3.2073386188,"[None, None, [145577, 160799], [83652, 62987, 964], [62924, 901, 83588, 107016], [62924, 901, 83588, 107016, 33099], [165348, 29675, 27675, 139798, 114440, 22721], [22830, 27783, 160681, 139903, 114548, 165456, 33516], [139629, 165180, 29508, 22554, 155689, 166252, 33239, 9537], [33239, 160405, 155687, 26476, 22548, 139629, 9536, 14934, 29504]]",[6],EOG_one_hour_50_Hz,16 GB,SCAMPI (16 GB),10.548085163355479,7.340746544555479
305,180000,1024,SCAMPI (16 GB),792.3754050732,195.57973993,544.102438775,17171.27734375,"[71.7265427046, 71.7265427046, 71.7265427046, 122.3894713877, 207.0832994778, 291.3755107669, 399.8138308097, 523.953954579, 583.1153487555, 770.4695143969]",4.8423830531,"[None, None, [62476, 83141], [62641, 83306, 619], [139034, 155094, 25879, 69620], [62554, 533, 83212, 103308, 40238], [155093, 139034, 25872, 69620, 32647, 158863], [22306, 139383, 32994, 29262, 144926, 21517, 9302], [25998, 9059, 21277, 165777, 139156, 32770, 14461, 129269], [62491, 83151, 40187, 167268, 57222, 25893, 50354, 157031, 166117]]",[8],EOG_one_hour_50_Hz,16 GB,SCAMPI (16 GB),27.75733262395542,22.91494957085542
306,180000,2048,SCAMPI (16 GB),878.9670166969,210.49382699,611.964025433,17678.08984375,"[358.4804652092, 358.4804652092, 358.4804652092, 638.7355140355, 935.6220732036, 1349.5351755447, 1693.081703063, 2280.9917899636, 2280.9917899636, 2584.8092085578]",7.0002901391,"[None, None, [157753, 167985], [63217, 157765, 1196], [157696, 167925, 1130, 63142], [157700, 1133, 167939, 85478, 79655], [157700, 1133, 167939, 85478, 79655, 23754], [134718, 156784, 84563, 21875, 167020, 8851, 61094], [134718, 156784, 84563, 21875, 167020, 8851, 61094, 25796], [134718, 156784, 84563, 21875, 167020, 8851, 61094, 25796, 150044]]",[8],EOG_one_hour_50_Hz,16 GB,SCAMPI (16 GB),50.84101895672234,43.840728817622335
307,180000,4096,SCAMPI (16 GB),809.7785761356,217.628450532,543.207251986,18744.75390625,"[1409.4634657919, 1409.4634657919, 1409.4634657919, 2155.8889125426, 2968.9859690503, 4837.2153642059, 6334.3524063852, 6334.3524063852, 7744.9612549219, 7747.3060668887]",10.4061279149,"[None, None, [59433, 80097], [23021, 141714, 18305], [141905, 23214, 18492, 6274], [9669, 26599, 66111, 114394, 157604], [133167, 26338, 4776, 77196, 157336, 79294], [133167, 26338, 4776, 77196, 157336, 79294, 172761], [79629, 15520, 173259, 83798, 100892, 125286, 166891, 93965], [133167, 26338, 4776, 77196, 157336, 79294, 172761, 84971, 57787]]","[4, 7]",EOG_one_hour_50_Hz,16 GB,SCAMPI (16 GB),88.01878246652075,77.61265455162075
308,8595817,512,SCAMPI (0.25 GB),6.8566536903,6.090130731,0.197473275,4598.3203125,"[0.0, 0.0, 0.0, 0.0, 0.0, 0.0, 0.0, 0.0, 0.0, 0.0]",0.0,"[None, None, [59446, 928198], [59446, 928198, 410800], [59446, 928198, 410800, 536886], [59446, 928198, 410800, 536886, 596919], [59446, 928198, 410800, 536886, 596919, 663201], [59446, 928198, 410800, 536886, 596919, 663201, 693981], [59446, 928198, 410800, 536886, 596919, 663201, 693981, 696309], [59446, 928198, 410800, 536886, 596919, 663201, 693981, 696309, 725120]]",[2],Bird12-Week3_2018_1_10,0.25 GB,SCAMPI (0.25 GB),0.0,0.0
309,8595817,1024,SCAMPI (0.25 GB),28.2566454411,22.160885947,4.473400432,4598.3203125,"[0.0, 0.0, 0.0, 0.0, 0.0, 27.7148153465, 39.8124232302, 52.4864968582, 61.6466362598, 72.3878500098]",0.639498678,"[None, None, [536910, 586882], [536910, 586882, 696418], [537005, 586977, 696513, 7458145], [398831, 578281, 1249058, 947175, 8456254], [398999, 578446, 971254, 1249222, 8456417, 1293001], [398832, 578282, 1249058, 947175, 8456254, 2281992, 7489478], [7916580, 578214, 398786, 1248999, 5547609, 1292785, 2281921, 5221247], [398827, 578268, 1249047, 2281975, 8456245, 947156, 1292846, 7489471, 7916651]]",[2],Bird12-Week3_2018_1_10,0.25 GB,SCAMPI (0.25 GB),8.508104959966115,7.868606281966115
310,8595817,2048,SCAMPI (0.25 GB),25.8958888054,17.8832457,6.289281571,4598.3203125,"[32.1477580601, 32.1477580601, 32.1477580601, 68.6637101037, 107.5299709546, 162.9442909752, 194.8174344713, 207.0542484297, 246.5416741476, 248.8927249799]",0.9666305921,"[None, None, [398779, 1292795], [7301496, 7132599, 1932448], [578503, 392555, 399058, 971317], [232506, 1884674, 700126, 2201466, 194155], [1427507, 1360629, 8447298, 926595, 1362560, 1882661], [1882825, 232998, 8532841, 926739, 2371672, 7002281, 1360773], [1779761, 398328, 577795, 983306, 932151, 2017542, 988927, 6076986], [1779770, 398329, 577795, 983306, 932151, 2017542, 988927, 6076986, 5547221]]",[7],Bird12-Week3_2018_1_10,0.25 GB,SCAMPI (0.25 GB),15.77633433278783,14.80970374068783
311,8595817,4096,SCAMPI (0.25 GB),30.3394024372,17.618239159,10.995120904,4598.3203125,"[128.7091288008, 128.7091288008, 128.7091288008, 217.7212824967, 260.9880329835, 284.4837128574, 338.1807091168, 356.5677491855, 456.9634708796, 522.6083527775]",1.4473032493,"[None, None, [231480, 699117], [230665, 2199576, 698450], [698428, 192382, 230724, 2199446], [230722, 2199577, 698490, 192403, 629620], [192466, 698523, 629656, 2199546, 230762, 878401], [192466, 698523, 629656, 2199546, 230762, 878401, 1881521], [1040676, 925739, 231880, 699502, 8494342, 630275, 8486587, 1883873], [699221, 925475, 1040437, 629986, 8494101, 1883713, 232005, 878807, 1102416]]",[7],Bird12-Week3_2018_1_10,0.25 GB,SCAMPI (0.25 GB),22.860628879746507,21.413325630446508
312,5153051,512,SCAMPI (4 GB),15.5435633659,10.756710567,4.386794376,4599.2578125,"[4.3819e-05, 4.3819e-05, 4.3819e-05, 0.0001519644, 0.0002350048, 0.0003200101, 0.0003685997, 0.0004626211, 0.0005219545, 0.0006477822]",0.0069767261,"[None, None, [691642, 737248], [857170, 883742, 1743531], [1203271, 789481, 438752, 570898], [789468, 1203253, 570880, 438736, 737389], [646634, 1203270, 789477, 570891, 737400, 438750], [574162, 438822, 1229227, 487764, 531450, 1225428, 570955], [574154, 438814, 487757, 1229225, 531452, 1225419, 570946, 1736758], [789462, 1203250, 570880, 438736, 737383, 1253504, 1033828, 1225337, 487699]]",[2],house,4 GB,SCAMPI (4 GB),0.02545156576715861,0.01847483966715861
313,5153051,1024,SCAMPI (4 GB),27.0118095875,21.520717407,5.019258555,4599.2578125,"[6.8601997621, 6.8601997621, 6.8601997621, 7.7521928077, 8.2651239669, 21.1759685581, 22.1079542046, 22.5187382475, 23.7317534791, 23.7317534791]",0.0099982121,"[None, None, [3900333, 3242006], [3900333, 3242006, 1656050], [3900333, 3242006, 1656050, 1161432], [3900333, 3242006, 1656050, 1161432, 3651392], [3900333, 3242006, 1656050, 1161432, 3651392, 1668158], [3900333, 3242006, 1656050, 1161432, 3651392, 1668158, 3174067], [3900333, 3242006, 1656050, 1161432, 3651392, 1668158, 3174067, 805165], [3900333, 3242006, 1656050, 1161432, 3651392, 1668158, 3174067, 805165, 3439568]]",[7],house,4 GB,SCAMPI (4 GB),4.871524759159087,4.8615265470590865
314,5153051,2048,SCAMPI (4 GB),55.7245714664,14.640218194000001,25.984219332,4599.2578125,"[0.0050505363, 0.0050505363, 0.0050505363, 0.0132593937, 0.023765391400000002, 0.0321902404, 0.046526728, 0.056056030800000003, 0.056107435500000004, 0.0718584996]",0.2668939033,"[None, None, [1301732, 1642450], [1642542, 1301823, 668406], [1742034, 1693016, 1815216, 1790410], [910405, 1790337, 1741962, 1692944, 1815143], [1815240, 1742058, 1790435, 1693042, 572767, 1901499], [572763, 1901495, 1693038, 1742055, 1815236, 882366, 1790431], [1790430, 1693037, 1815235, 882365, 1742054, 572762, 910496, 1901494], [1837699, 1472860, 1763375, 1714431, 1447952, 1924706, 1324092, 880926, 858239]]",[8],house,4 GB,SCAMPI (4 GB),0.268064357198043,0.001170453898042989
315,5153051,4096,SCAMPI (4 GB),79.3877649307,13.614567206,43.276765709,4599.2578125,"[0.7054738355, 0.7054738355, 0.7054738355, 1.5968147121, 2.7736558832, 5.4963163155, 6.6506136646, 10.134724749, 17.4240717524, 18.973335611]",0.6216694908,"[None, None, [835451, 1173355], [1837282, 1762950, 1714011], [4068257, 4443578, 4517738, 4554850], [4517604, 4443454, 4068138, 4554714, 4480651], [4443468, 4068138, 4517609, 4480652, 4554713, 1254103], [4068201, 4443541, 4517694, 4554793, 4480759, 4407368, 1254163], [1035369, 3981336, 791756, 4382455, 2397978, 4566934, 2150553, 3931578], [4566920, 3931572, 4554606, 4382449, 1180561, 3981328, 791743, 4455762, 1035364]]",[6],house,4 GB,SCAMPI (4 GB),4.35583925449505,3.7341697636950504
316,1288330,512,SCAMPI (4 GB),95.7206990719,21.283574819,61.660065694000004,4589.19140625,"[0.1109926349, 0.1109926349, 0.1109926349, 0.1541846332, 0.5458826014, 0.6099579113, 0.7601213941, 1.2168763101, 1.446702548, 1.6674982448]",0.4660784074,"[None, None, [865164, 1036404], [865113, 520951, 1036353], [1251994, 466986, 1181038, 204259], [1252006, 466999, 204272, 1181051, 587376], [1252006, 466999, 204272, 1181051, 587376, 818615], [418933, 413524, 1131526, 1021905, 27594, 1197913, 756446], [1131697, 67880, 932269, 473172, 944986, 784299, 837881, 916379], [1131697, 67880, 932269, 473172, 944986, 784299, 837881, 916379, 510704]]","[3, 6]",BlackLeggedKittiwake,4 GB,SCAMPI (4 GB),1.291316477398163,0.825238069998163
317,1288330,1024,SCAMPI (4 GB),94.2683997154,19.372760179,60.97311897,4589.19140625,"[0.5263524476, 0.5263524476, 0.5263524476, 1.0030337295, 1.6583639422, 2.5013360807, 3.4033304916000002, 3.8843203127, 4.6783345393, 4.9212020953]",0.7189648777000001,"[None, None, [688051, 772011], [1243525, 771806, 687846], [1131711, 67895, 837896, 473188], [67854, 1131670, 837856, 473147, 944960], [1131642, 837827, 67825, 944929, 236716, 756562], [784236, 756552, 944920, 236706, 1022012, 67817, 1131630], [837815, 67814, 1131632, 147169, 756550, 236703, 784233, 1022009], [837815, 67814, 1131632, 473105, 147169, 756550, 236703, 784233, 1022009]]",[2],BlackLeggedKittiwake,4 GB,SCAMPI (4 GB),2.2183782579397953,1.4994133802397953
318,1288330,2048,SCAMPI (4 GB),102.7946202755,18.615221841,68.633752299,4589.19140625,"[3.6046636793, 3.6046636793, 3.6046636793, 5.3477595924, 9.5716748198, 11.8966792529, 15.4422980059, 18.6951282607, 25.9601654672, 37.8843078608]",1.172910808,"[None, None, [770862, 1242581], [1021800, 756341, 672990], [147091, 756473, 673121, 1021930], [756488, 147106, 236640, 944854, 1021944], [756455, 1021915, 673105, 236610, 944825, 147075], [756498, 147116, 944866, 236651, 673146, 473053, 1021951], [944888, 236672, 756520, 1021980, 147137, 473077, 67783, 673163], [771013, 687054, 583404, 994510, 48841, 792672, 659324, 243253, 395574]]",[7],BlackLeggedKittiwake,4 GB,SCAMPI (4 GB),6.155022978088709,4.982112170088709
319,1288330,4096,SCAMPI (4 GB),90.6294503212,14.392184064,61.070792998,4589.19140625,"[13.4919056765, 13.4919056765, 13.4919056765, 18.588380894, 45.2229219257, 79.4224631457, 111.2333635924, 154.1588253613, 217.319847505, 269.9314267611]",1.3605785654,"[None, None, [47301, 657790], [47568, 658050, 685776], [47694, 685908, 658164, 769861], [47715, 685926, 658193, 769865, 993390], [853352, 329381, 744906, 1119334, 47851, 81111], [658031, 685753, 744632, 769714, 47505, 853063, 80836], [853773, 745326, 1119738, 1177245, 686460, 48206, 558970, 488392], [853770, 1119738, 81564, 686459, 48204, 558970, 488388, 658701, 994061]]",[3],BlackLeggedKittiwake,4 GB,SCAMPI (4 GB),16.429589975440653,15.069011410040652
320,8595817,512,SCAMPI (2 GB),7.4428873062,6.457368594,0.22086845100000002,4598.3203125,"[0.0, 0.0, 0.0, 0.0, 0.0, 0.0, 0.0, 0.0, 0.0, 0.0]",0.0,"[None, None, [59446, 928198], [59446, 928198, 410800], [59446, 928198, 410800, 536886], [59446, 928198, 410800, 536886, 596919], [59446, 928198, 410800, 536886, 596919, 663201], [59446, 928198, 410800, 536886, 596919, 663201, 693981], [59446, 928198, 410800, 536886, 596919, 663201, 693981, 696309], [59446, 928198, 410800, 536886, 596919, 663201, 693981, 696309, 725120]]",[2],Bird12-Week3_2018_1_10,2 GB,SCAMPI (2 GB),0.0,0.0
321,8595817,1024,SCAMPI (2 GB),48.2931168079,25.984814376,15.757076296,4598.3203125,"[0.0, 0.0, 0.0, 0.0, 0.0, 23.4106720358, 25.6583593921, 31.0796774039, 40.77708162, 53.6457630722]",1.8310432233,"[None, None, [536910, 586882], [536910, 586882, 696418], [537005, 586977, 696513, 7458145], [1249012, 398789, 578238, 2281928, 1292800], [2281931, 398791, 1292804, 578237, 1249011, 947135], [578282, 398834, 947175, 1249058, 2281976, 8456254, 1292848], [947162, 578272, 398823, 8456240, 1249049, 2281961, 1292837, 7489451], [398918, 578360, 971171, 1249141, 1292934, 2282053, 8456337, 947252, 5547754]]",[6],Bird12-Week3_2018_1_10,2 GB,SCAMPI (2 GB),7.324326799931854,5.493283576631854
322,8595817,2048,SCAMPI (2 GB),49.4858632088,21.55154585,21.156422028,4598.3203125,"[32.0931689375, 32.0931689375, 32.0931689375, 48.8341646081, 105.3494933516, 142.041065778, 159.9332250669, 188.8614536111, 196.8608240146, 229.9744821549]",2.6988326131,"[None, None, [398783, 1292799], [1932443, 7301489, 7132590], [578503, 392555, 399058, 971316], [399019, 1293034, 578456, 392512, 971266], [578239, 398793, 1292797, 2281948, 1780211, 1989230], [1410939, 398793, 1292797, 1780189, 2281938, 1989230, 578239], [398796, 1292806, 578242, 2281943, 1989236, 1780224, 5221262, 1410938], [398909, 1292926, 578362, 971153, 2282046, 1989338, 5221389, 1780317, 1411075]]","[3, 8]",Bird12-Week3_2018_1_10,2 GB,SCAMPI (2 GB),15.164909566327786,12.466076953227786
323,8595817,4096,SCAMPI (2 GB),56.6134941578,21.465716941,27.785249303,4598.3203125,"[127.8282964032, 127.8282964032, 127.8282964032, 213.0412547892, 259.2981822115, 274.4369139301, 335.4210418209, 354.4741107297, 449.1387391417, 508.3601563902]",3.9705262726,"[None, None, [231550, 699187], [231601, 699227, 925453], [192394, 698473, 230700, 2199474], [2199544, 230640, 698550, 192422, 629642], [192600, 698647, 629757, 878478, 230820, 2199575], [629598, 878314, 1881601, 192398, 230632, 698629, 2199429], [925633, 231908, 1040627, 699310, 8494271, 1883934, 8486589, 630232], [630349, 879072, 232016, 8486626, 699637, 8494359, 7687235, 1040750, 925877]]",[7],Bird12-Week3_2018_1_10,2 GB,SCAMPI (2 GB),22.546843601493315,18.576317328893314
324,1875227,512,SCAMPI (16 GB),13.7180223465,11.958002282,1.593121751,4593.8828125,"[10.1808337828, 10.1808337828, 10.1808337828, 24.9776977623, 36.7751672952, 36.7751672952, 36.7751672952, 42.2383768496, 42.2383768496, 42.2383768496]",0.0072233809000000005,"[None, None, [1419249, 598650], [1419249, 598650, 518993], [1419249, 598650, 518993, 1509977], [1419249, 598650, 518993, 1509977, 86977], [1419249, 598650, 518993, 1509977, 86977, 1726307], [1419249, 598650, 518993, 1509977, 86977, 1726307, 1584467], [1419249, 598650, 518993, 1509977, 86977, 1726307, 1584467, 1655932], [1419249, 598650, 518993, 1509977, 86977, 1726307, 1584467, 1655932, 104400]]",[6],HAR_Ambient_Sensor_Data,16 GB,SCAMPI (16 GB),6.499105850007369,6.491882469107368
325,1875227,1024,SCAMPI (16 GB),14.9344754219,12.680636295,2.03773107,4593.8828125,"[48.7198574039, 48.7198574039, 48.7198574039, 86.8418976202, 86.8418976202, 137.4530531934, 137.4530531934, 137.4530531934, 179.1017804423, 220.6883660092]",0.0158848897,"[None, None, [1418862, 1634131], [1418862, 1634131, 294725], [1418862, 1634131, 294725, 245793], [1418862, 1634131, 294725, 245793, 1518108], [1418862, 1634131, 294725, 245793, 1518108, 1744085], [1418862, 1634131, 294725, 245793, 1518108, 1744085, 415423], [1418862, 1634131, 294725, 245793, 1518108, 1744085, 415423, 272989], [1418862, 1634131, 294725, 245793, 1518108, 1744085, 415423, 272989, 493591]]",[7],HAR_Ambient_Sensor_Data,16 GB,SCAMPI (16 GB),14.855583664373473,14.839698774673472
326,1875227,2048,SCAMPI (16 GB),17.3569114208,13.275533103,3.577065,4593.8828125,"[239.4244384829, 239.4244384829, 239.4244384829, 372.3480801919, 560.8261544915, 560.8261544915, 1002.0321938404, 1002.0321938404, 1002.0321938404, 1002.0321938404]",0.0231336897,"[None, None, [1418086, 1497513], [1418086, 1497513, 272218], [1418086, 1497513, 272218, 1332410], [1418086, 1497513, 272218, 1332410, 1707877], [1418086, 1497513, 272218, 1332410, 1707877, 1249745], [1418086, 1497513, 272218, 1332410, 1707877, 1249745, 98674], [1418086, 1497513, 272218, 1332410, 1707877, 1249745, 98674, 1842156], [1418086, 1497513, 272218, 1332410, 1707877, 1249745, 98674, 1842156, 1743281]]",[5],HAR_Ambient_Sensor_Data,16 GB,SCAMPI (16 GB),31.654892099648674,31.631758409948674
327,1875227,4096,SCAMPI (16 GB),280.1815948486,57.532194316,160.972297689,4593.8828125,"[2005.7164853285, 2005.7164853285, 2005.7164853285, 2028.5661270376, 2354.9301343517, 2354.9301343517, 3364.7112860702, 4300.5672066349, 4300.5672066349, 4300.5672066349]",0.8192386196,"[None, None, [1416536, 1706328], [1416536, 1706328, 1330862], [1416536, 1706328, 1330862, 1692287], [1416536, 1706328, 1330862, 1692287, 1495962], [1416536, 1706328, 1330862, 1692287, 1495962, 1392137], [1416536, 1706328, 1330862, 1692287, 1495962, 1392137, 415051], [1416536, 1706328, 1330862, 1692287, 1495962, 1392137, 415051, 5737], [1416536, 1706328, 1330862, 1692287, 1495962, 1392137, 415051, 5737, 879106]]",[5],HAR_Ambient_Sensor_Data,16 GB,SCAMPI (16 GB),65.57871001045156,64.75947139085156
328,440001,512,SCAMPI (0.5 GB),24.3354475498,5.926058146,16.72940942,17175.734375,"[4e-10, 4e-10, 4e-10, 0.18025940940000001, 0.2846429831, 0.48175502330000003, 0.6180962833, 0.7981133618, 0.9476154215, 0.9798905242]",0.8684954067,"[None, None, [3257, 46009], [148973, 346305, 347411], [184647, 208924, 261122, 364190], [345563, 182103, 344838, 272162, 184297], [261122, 208924, 184647, 186736, 364190, 263543], [200018, 262890, 177708, 193474, 208618, 181772, 179932], [199986, 241689, 177676, 193442, 208586, 157672, 181740, 179900], [200019, 262891, 177709, 193475, 208619, 157705, 181773, 179933, 99249]]",[2],Challenge2009TestSetA_101a,0.5 GB,SCAMPI (0.5 GB),0.9898941984878991,0.12139879178789903
329,440001,1024,SCAMPI (0.5 GB),24.4667747021,5.927893098,16.548492217,17175.734375,"[2.6057079368, 2.6057079368, 2.6057079368, 5.9556068911, 9.5802109231, 11.150859108, 19.9080980644, 24.8985230701, 33.9001149173, 50.2835390269]",1.4443620165,"[None, None, [353592, 354430], [421334, 435783, 436629], [419646, 417211, 411591, 354833], [419666, 417231, 411612, 354853, 418046], [417229, 419663, 354851, 411609, 418043, 352330], [354833, 417210, 418025, 419646, 353998, 411589, 358046], [419646, 417211, 411591, 354833, 418026, 353999, 358045, 437481], [423422, 427482, 422596, 424658, 433177, 420070, 351111, 431942, 437495]]",[5],Challenge2009TestSetA_101a,0.5 GB,SCAMPI (0.5 GB),7.091088705332912,5.646726688832912
330,440001,2048,SCAMPI (0.5 GB),23.012434721,5.845372185,15.168082443,17175.734375,"[32.5823680057, 32.5823680057, 32.5823680057, 69.6616851551, 116.5767096836, 167.5131343771, 190.2994846655, 377.0130788375, 444.2512139471, 543.8014250754]",2.028867365,"[None, None, [353000, 416212], [415941, 352729, 437056], [192695, 344828, 346310, 180996], [351161, 354484, 427533, 422654, 417284], [417205, 351086, 425046, 422582, 418826, 427459], [427414, 422946, 351042, 354361, 418774, 432287, 421711], [175525, 181087, 179246, 365014, 346400, 194946, 347876, 190148], [180743, 194974, 207216, 158119, 344951, 189811, 208313, 98951, 192825]]",[6],Challenge2009TestSetA_101a,0.5 GB,SCAMPI (0.5 GB),23.319550276010897,21.290682911010897
331,440001,4096,SCAMPI (0.5 GB),23.5085759163,4.8181613180000005,16.66274765,17175.734375,"[201.8406556975, 201.8406556975, 201.8406556975, 514.4941760441, 814.5684854023, 1882.822142613, 2181.7498562598, 2750.8924159637, 3400.6281786547, 4019.7999220922]",2.5383607244,"[None, None, [353744, 424381], [424110, 353880, 416676], [352876, 416081, 420637, 422705], [206376, 178807, 346351, 343758, 362377], [179497, 344813, 12431, 133721, 206318, 172119], [179497, 344813, 12431, 133721, 206318, 172119, 193002], [346461, 179666, 344229, 206881, 188348, 362490, 186131, 174095], [346461, 179666, 344229, 206881, 188348, 362490, 186131, 174095, 134999]]",[4],Challenge2009TestSetA_101a,0.5 GB,SCAMPI (0.5 GB),63.401892101830846,60.863531377430846
332,1439997,512,SCAMPI (16 GB),365.026676178,75.37542967,239.211940852,15689.9375,"[0.31258416040000003, 0.31258416040000003, 0.31258416040000003, 1.0043555618, 1.6272780514, 2.6159007082, 3.2742759923, 4.2735411193, 5.1667331754, 6.1452238502]",0.8056943126,"[None, None, [779914, 812268], [778808, 780068, 775433], [775435, 780070, 778811, 3224], [780068, 778807, 531160, 775429, 3223], [780018, 3171, 775398, 531120, 778769, 691291], [775404, 778779, 780032, 531133, 691304, 3191, 1180091], [691278, 775378, 531102, 779995, 778753, 3160, 686417, 802369], [3157, 346778, 314160, 691280, 778753, 802379, 269118, 775389, 531095]]",[2],EOG_one_hour_400_Hz,16 GB,SCAMPI (16 GB),2.4789562017510516,1.6732618891510516
333,1439997,1024,SCAMPI (16 GB),366.2286975384,69.869120366,243.412840353,16330.53125,"[9.964340874, 9.964340874, 9.964340874, 18.4677070893, 32.0868674986, 38.2940339195, 59.3904657583, 67.9627185347, 96.0144144867, 109.2395571142]",1.2503140921,"[None, None, [239124, 1324517], [775416, 780043, 1180100], [239135, 1324530, 273158, 400462], [625371, 775051, 346460, 268812, 605733], [223167, 675319, 215040, 497390, 1295537, 507678], [223167, 675319, 215040, 497390, 1295537, 507678, 751921], [507615, 672957, 860480, 215032, 310456, 1295491, 1179927, 223092], [360538, 214936, 672898, 833672, 1264037, 310403, 507552, 686314, 621767]]","[5, 7]",EOG_one_hour_400_Hz,16 GB,SCAMPI (16 GB),10.451772917271022,9.201458825171022
334,1439997,2048,SCAMPI (16 GB),377.5855352879,66.24622335,259.573659784,16007.015625,"[74.6421974366, 74.6421974366, 74.6421974366, 143.6710924541, 267.9077629951, 361.8197752019, 742.4570089036, 933.3002189808, 1027.7757609494, 1496.4441620544]",1.4877570278,"[None, None, [507203, 1263636], [1322698, 237326, 608323], [1324570, 239204, 497383, 223145], [223209, 917326, 497426, 1179986, 239144], [269088, 625658, 860546, 348357, 635872, 612831], [334354, 579870, 759583, 563081, 271400, 807138, 368672], [334354, 579870, 759583, 563081, 271400, 807138, 368672, 611019], [497360, 917252, 675259, 239209, 612758, 714608, 589329, 1295575, 1280861]]","[5, 8]",EOG_one_hour_400_Hz,16 GB,SCAMPI (16 GB),38.6839005537756,37.1961435259756
335,1439997,4096,SCAMPI (16 GB),403.7435362339,69.414428291,282.59207779,16576.453125,"[328.3562423631, 328.3562423631, 328.3562423631, 540.4613524086, 824.3165316566, 1541.7428707513, 3530.2387355843, 4312.2822954143, 5157.475614432, 5878.556360472]",2.5972050644,"[None, None, [237595, 1322963], [221514, 237529, 1322897], [1324509, 239138, 348257, 223121], [1324509, 239138, 348257, 223121, 286417], [776045, 118871, 1252295, 461656, 669222, 201554], [1253104, 1225201, 119550, 614140, 211805, 1160207, 687839], [1285741, 214270, 1163877, 859706, 926989, 784305, 953205, 1257807], [10961, 859927, 641026, 285594, 685730, 870110, 1236856, 251996, 1180490]]",[5],EOG_one_hour_400_Hz,16 GB,SCAMPI (16 GB),76.67174421174987,74.07453914734987
336,5231008,512,SCAMPI (1 GB),12.3638932705,3.432108292,5.759014108,4599.2578125,"[0.0014641571, 0.0014641571, 0.0014641571, 0.0077828904, 0.0144594448, 0.0325735969, 0.0397154393, 0.053992419800000004, 0.059800411500000004, 0.0651676902]",0.1562361743,"[None, None, [832883, 1802945], [832356, 2201633, 1802418], [156871, 1802417, 832355, 2201632], [695985, 4889906, 3428506, 4357006, 4587946], [4587988, 3428548, 4357048, 4889948, 3326408, 696027], [695987, 4889908, 3428508, 4357008, 4587948, 1561991, 3326368], [696032, 4889953, 3428553, 4357053, 4587993, 3326413, 1562036, 2157878], [4587909, 3428469, 4889869, 3326329, 4356969, 4859689, 695948, 2254129, 2477689]]",[4],WindTurbine,1 GB,SCAMPI (1 GB),0.2552796313848796,0.09904345708487958
337,5231008,1024,SCAMPI (1 GB),18.2074480057,3.516089133,9.944658499,4599.2578125,"[0.0051545205, 0.0051545205, 0.0051545205, 0.0410393296, 0.08772151360000001, 0.0957116115, 0.1470861403, 0.1664422026, 0.1913955947, 0.2116932547]",0.3271677311,"[None, None, [831835, 1801897], [1801915, 831853, 2201130], [2254090, 3428430, 4356930, 4587870], [3428419, 4356919, 2254079, 695898, 4587859], [3428420, 4356920, 2254080, 695899, 4587860, 3326280], [1561751, 695747, 4356768, 3428268, 2253928, 2009753, 2682668], [4356919, 3428419, 695898, 2254079, 2009904, 4587859, 1561902, 2682819], [2254078, 3428418, 4356918, 4587858, 695897, 3326278, 2157743, 4101758, 2682818]]",[5],WindTurbine,1 GB,SCAMPI (1 GB),0.46010135263874197,0.13293362153874194
338,5231008,2048,SCAMPI (1 GB),24.8585999012,3.933708594,14.692019901,4599.2578125,"[0.1318739939, 0.1318739939, 0.1318739939, 0.1872445116, 0.2472960458, 0.3111371059, 0.4204705141, 0.5128742559, 0.6946191140000001, 0.8280808533]",0.5475839864000001,"[None, None, [2253648, 4356488], [695578, 4356599, 2253759], [1561138, 4356155, 695134, 2253315], [695267, 4356288, 2253448, 1561271, 2157113], [695351, 4356372, 2253532, 1561355, 2009357, 2097377], [2097356, 695330, 2009336, 4356352, 2253511, 1561334, 2682251], [2097279, 4356274, 695253, 2253434, 1561257, 2157099, 2682174, 3163184], [2157127, 2253462, 695281, 4356302, 1561285, 2045647, 3325662, 2097307, 3163212]]",[2],WindTurbine,1 GB,SCAMPI (1 GB),0.9099894797743543,0.36240549337435424
339,5231008,4096,SCAMPI (1 GB),28.7073283195,4.636984577,18.330428996,4599.2578125,"[0.37866984870000003, 0.37866984870000003, 0.37866984870000003, 0.5262895225, 0.5451716296, 1.0203897904, 1.7498809512, 1.8323988531, 2.0141325168, 2.251890732]",0.735155018,"[None, None, [694267, 4355288], [4355056, 2252216, 694035], [2252150, 4354990, 693969, 1559973], [694415, 4355436, 1560419, 2252597, 2681336], [4356352, 695331, 2253512, 2009337, 3325712, 1561335], [4356352, 695331, 2253512, 2009337, 3325712, 1561335, 2682251], [1935098, 907216, 2038325, 878216, 2170947, 2481711, 886842, 3282322], [2038207, 907098, 2170829, 1934980, 878099, 3282206, 1951138, 2481593, 886725]]","[4, 7]",WindTurbine,1 GB,SCAMPI (1 GB),1.5006301116531016,0.7654750936531015
340,1799997,512,SCAMPI (16 GB),9.4479119778,7.88212839,1.468032559,4587.8828125,"[0.2998961314, 0.2998961314, 0.2998961314, 0.4830394633, 1.0975699423, 1.0975699423, 1.0975699423, 2.0149725741, 2.3152386118, 2.3152386118]",0.0073315315,"[None, None, [1362297, 1208050], [1362297, 1208050, 1090025], [1362297, 1208050, 1090025, 1693717], [1362297, 1208050, 1090025, 1693717, 65714], [1362297, 1208050, 1090025, 1693717, 65714, 1671024], [1362297, 1208050, 1090025, 1693717, 65714, 1671024, 782684], [1362297, 1208050, 1090025, 1693717, 65714, 1671024, 782684, 960101], [1362297, 1208050, 1090025, 1693717, 65714, 1671024, 782684, 960101, 599215]]",[6],Challenge2009Respiration500HZ,16 GB,SCAMPI (16 GB),1.5215908161526213,1.5142592846526213
341,1799997,1024,SCAMPI (16 GB),23.2849550247,15.44086806,6.309574338,4587.8828125,"[2.0563017518, 2.0563017518, 2.0563017518, 4.0710806949, 5.1905830676, 10.4977734245, 10.4977734245, 10.4977734245, 10.6236090927, 10.6236090927]",0.0362422831,"[None, None, [1361909, 51017], [1361909, 51017, 1279094], [1361909, 51017, 1279094, 377201], [1361909, 51017, 1279094, 377201, 1547162], [1361909, 51017, 1279094, 377201, 1547162, 130202], [1361909, 51017, 1279094, 377201, 1547162, 130202, 34215], [1361909, 51017, 1279094, 377201, 1547162, 130202, 34215, 299489], [1361909, 51017, 1279094, 377201, 1547162, 130202, 34215, 299489, 1046993]]",[7],Challenge2009Respiration500HZ,16 GB,SCAMPI (16 GB),3.2593878401779683,3.2231455570779683
342,1799997,2048,SCAMPI (16 GB),282.5835828781,38.858447624,187.978044032,4587.8828125,"[2.6890572947, 2.6890572947, 2.6890572947, 10.8966124013, 17.2916341083, 26.168383063, 36.051307681, 44.8024642568, 54.0516682997, 58.6568372279]",1.1520207204,"[None, None, [362940, 1187646], [1388856, 1478353, 1510855], [1510787, 1416040, 1478278, 1388804], [909249, 1687815, 512699, 4075, 1477828], [1477828, 512691, 1510319, 1388368, 909248, 1687830], [1435648, 539870, 1452450, 877129, 909701, 450974, 560881], [909249, 1687815, 512699, 4075, 1477828, 1415566, 1086689, 520338], [909249, 1687815, 512699, 4075, 1477828, 1415566, 1086689, 520338, 556773]]",[2],Challenge2009Respiration500HZ,16 GB,SCAMPI (16 GB),7.658775178049033,6.506754457649032
343,1799997,4096,SCAMPI (16 GB),289.8207325935,39.841753255,188.588657276,4587.8828125,"[47.5951127142, 47.5951127142, 47.5951127142, 107.3575999357, 176.9753755073, 241.4723738682, 337.0760960281, 369.1348531354, 402.3704478806, 546.9800890605]",1.69393225,"[None, None, [363755, 992678], [1082838, 537776, 1580255], [907543, 1085003, 1082730, 1580165], [1433613, 1082926, 1582629, 1068165, 1580353], [1264150, 1082936, 1087384, 1418370, 14727, 1500176], [1418370, 1087384, 1264150, 410585, 797690, 1082936, 1500176], [1418370, 1087384, 1264150, 410585, 797690, 1082936, 1500176, 1582579], [907711, 1082927, 1068166, 1582636, 1418414, 668556, 1325936, 1110388, 1511180]]",[8],Challenge2009Respiration500HZ,16 GB,SCAMPI (16 GB),23.387605458030542,21.693673208030543
344,1439997,512,SCAMPI (0.25 GB),12.4925456047,4.118166284,7.0789923,10918.8125,"[0.333027931, 0.333027931, 0.333027931, 1.0136271261, 2.0121478191, 2.7302504165, 4.8781418508, 6.2177387577, 7.7074090588, 8.8033945339]",0.2936642821,"[None, None, [779908, 812262], [775426, 778796, 780060], [775424, 778796, 780059, 531149], [780057, 778798, 775428, 531158, 3221], [780057, 778798, 775428, 531158, 3221, 1180121], [780057, 778798, 775428, 531158, 3221, 1180121, 215178], [780039, 3194, 778790, 531128, 215150, 775421, 1180080, 314185], [780038, 3194, 531128, 778790, 215150, 775421, 314185, 752024, 1180112]]",[5],EOG_one_hour_400_Hz,0.25 GB,SCAMPI (0.25 GB),2.9670514882455277,2.6733872061455277
345,1439997,1024,SCAMPI (0.25 GB),13.5155088902,2.243127173,9.781491935,10918.8125,"[10.5891735393, 10.5891735393, 10.5891735393, 25.3609183095, 39.0966561099, 61.6458416905, 102.0467866737, 161.4842722184, 230.1494410447, 270.7191949768]",0.460072285,"[None, None, [239117, 1324513], [239124, 1324514, 273144], [625373, 775052, 268812, 346456], [722358, 1180529, 1170494, 11054, 806321], [223094, 348232, 310488, 497335, 675327, 672992], [239213, 1324602, 273219, 183627, 269126, 843229, 1120138], [625397, 605772, 779712, 268822, 784733, 1057214, 1044675, 530796], [898610, 1179766, 310269, 960723, 620553, 537057, 1086309, 1300611, 718294]]",[2],EOG_one_hour_400_Hz,0.25 GB,SCAMPI (0.25 GB),16.45354657746469,15.993474292464688
346,1439997,2048,SCAMPI (0.25 GB),30.1728990078,2.087959674,26.60462802,10918.8125,"[74.6421974366, 74.6421974366, 74.6421974366, 206.9943315452, 438.1096878063, 529.2324313311, 969.0207995347, 1142.6939714855, 1336.6952350088, 1440.0518783175]",0.5164752376,"[None, None, [507203, 1263636], [182672, 1119268, 916440], [497200, 1324388, 917139, 1120022], [699891, 1323946, 1119528, 222563, 182959], [671989, 985144, 1344869, 721785, 468080, 464406], [832820, 953004, 309592, 1069720, 1015598, 616364, 191582], [536332, 1067586, 161273, 309591, 767960, 1015597, 832818, 1069719], [832820, 953004, 309592, 1069720, 1015598, 616364, 191582, 697079, 767962]]",[5],EOG_one_hour_400_Hz,0.25 GB,SCAMPI (0.25 GB),37.948015472716094,37.431540235116096
347,1439997,4096,SCAMPI (0.25 GB),26.4874222279,2.15514118,23.050485356,10918.8125,"[330.4565337051, 330.4565337051, 330.4565337051, 713.9738552086, 1121.3501510306, 1760.8323939058, 2592.4009907097, 3084.2576451996, 4183.1590636245, 4588.8095773923]",0.9349938232,"[None, None, [237780, 1323153], [1321477, 236093, 220099], [1117448, 180856, 1321866, 607483], [214857, 286391, 223092, 686391, 348273], [223049, 497256, 1120104, 214895, 127597, 43647], [214895, 43597, 127597, 497256, 223049, 360503, 860440], [1098499, 761342, 183496, 860417, 1164506, 507638, 1369221, 79281], [728830, 1357760, 504004, 573248, 1260347, 777297, 1275234, 893528, 461941]]",[7],EOG_one_hour_400_Hz,0.25 GB,SCAMPI (0.25 GB),67.7407527076006,66.8057588844006
348,7583000,512,SCAMPI (8 GB),96.9394545555,40.969500252,39.866485059,9453.62109375,"[1.6793944965, 1.6793944965, 1.6793944965, 1.9581173713, 2.7370468362, 5.8752644279, 7.5202881787, 8.4600359103, 9.6837453008, 11.3867527443]",2.3324163115,"[None, None, [5801858, 5882495], [5909349, 5563046, 5935973], [5882496, 5801859, 5771477, 5862529], [5563042, 5909345, 5935969, 5706433, 5539240], [5935968, 5909344, 5563041, 6152589, 5706432, 5737679], [5935971, 5909347, 5563044, 5539242, 6152592, 5706435, 5737682], [5909343, 5563040, 5935967, 5539238, 5706431, 6152588, 5647795, 5737678], [5563039, 5909342, 5706430, 5554893, 5935966, 5647794, 5539237, 6152587, 5737677]]",[4],Lab_K_060314,8 GB,SCAMPI (8 GB),3.3744262837258723,1.0420099722258724
349,7583000,1024,SCAMPI (8 GB),94.6054959297,40.704037446,38.766458646,9420.2421875,"[4.9251685145, 4.9251685145, 4.9251685145, 5.9022795386, 9.7575458047, 17.5921902081, 18.5913297103, 24.923504689, 30.886593557, 44.8212808809]",3.4530533109,"[None, None, [5562535, 5908838], [5908837, 5562534, 5935461], [5838771, 5994434, 5770459, 5861511], [6152079, 5935458, 5562531, 5705922, 5737169], [5562530, 5908833, 5935457, 5705921, 6152078, 5737168], [5908831, 5562528, 5935455, 5705919, 5647283, 6152076, 5737166], [5554381, 5562527, 5705918, 5935454, 5908830, 5647282, 6152075, 5737165], [5705922, 5562531, 5935458, 5908834, 5881476, 6152079, 6022286, 5966932, 5538729]]",[8],Lab_K_060314,8 GB,SCAMPI (8 GB),6.694869743385602,3.2418164324856016
350,7583000,2048,SCAMPI (8 GB),104.8308336735,41.087787737,46.461990426,9416.62890625,"[15.4698666499, 15.4698666499, 15.4698666499, 19.2139425971, 33.1012032693, 47.86191719, 58.2158509396, 66.864162755, 88.8712241488, 130.1874770819]",4.6104664422,"[None, None, [5561511, 5907814], [5561510, 5907813, 5934437], [5769435, 5837747, 5860487, 5993410], [5561508, 5907811, 5934435, 5704899, 5736146], [5561506, 5907809, 5704897, 5934433, 5736144, 6151054], [6997820, 6963629, 6835519, 6799518, 7098585, 6695670, 7337674], [6997659, 6963467, 6835358, 6799361, 6695510, 7098421, 7337506, 7110777], [6695618, 6835475, 6799472, 6963577, 7098532, 7337623, 6997773, 7110882, 3019899]]","[3, 7]",Lab_K_060314,8 GB,SCAMPI (8 GB),11.409972702942808,6.799506260742808
351,7583000,4096,SCAMPI (8 GB),123.4789505005,32.158931598,67.802332022,9417.24609375,"[54.3090849921, 54.3090849921, 54.3090849921, 66.7615187305, 92.2824846924, 96.5232958625, 101.046275556, 138.635269921, 157.4447924587, 268.6128813542]",5.6407867012,"[None, None, [5559462, 5905765], [5905765, 5559462, 5932389], [6996454, 6962263, 6834153, 7097221], [7097242, 6962292, 6834178, 6798177, 6996476], [6694321, 6962277, 7097237, 6798166, 6996469, 6834176], [7110706, 6799289, 7098350, 7337436, 6835290, 6963409, 6997585], [6963190, 6997382, 7098144, 6799073, 6835077, 6695223, 7337225, 7110483], [7097585, 6962632, 6798519, 6996820, 6694668, 6834519, 7109943, 7336669, 3018949]]","[3, 8]",Lab_K_060314,8 GB,SCAMPI (8 GB),16.38941369769523,10.74862699649523
352,1875227,512,SCAMPI (1 GB),13.7475357056,12.020764737,1.564177363,4593.8828125,"[10.1808337828, 10.1808337828, 10.1808337828, 24.9776977623, 36.7751672952, 36.7751672952, 36.7751672952, 42.2383768496, 42.2383768496, 42.2383768496]",0.0072233809000000005,"[None, None, [1419249, 598650], [1419249, 598650, 518993], [1419249, 598650, 518993, 1509977], [1419249, 598650, 518993, 1509977, 86977], [1419249, 598650, 518993, 1509977, 86977, 1726307], [1419249, 598650, 518993, 1509977, 86977, 1726307, 1584467], [1419249, 598650, 518993, 1509977, 86977, 1726307, 1584467, 1655932], [1419249, 598650, 518993, 1509977, 86977, 1726307, 1584467, 1655932, 104400]]",[6],HAR_Ambient_Sensor_Data,1 GB,SCAMPI (1 GB),6.499105850007369,6.491882469107368
353,1875227,1024,SCAMPI (1 GB),15.5631952286,13.327585065,2.027959377,4593.8828125,"[48.7198574039, 48.7198574039, 48.7198574039, 86.8418976202, 86.8418976202, 137.4530531934, 137.4530531934, 137.4530531934, 179.1017804423, 220.6883660092]",0.0158848897,"[None, None, [1418862, 1634131], [1418862, 1634131, 294725], [1418862, 1634131, 294725, 245793], [1418862, 1634131, 294725, 245793, 1518108], [1418862, 1634131, 294725, 245793, 1518108, 1744085], [1418862, 1634131, 294725, 245793, 1518108, 1744085, 415423], [1418862, 1634131, 294725, 245793, 1518108, 1744085, 415423, 272989], [1418862, 1634131, 294725, 245793, 1518108, 1744085, 415423, 272989, 493591]]",[7],HAR_Ambient_Sensor_Data,1 GB,SCAMPI (1 GB),14.855583664373473,14.839698774673472
354,1875227,2048,SCAMPI (1 GB),17.5144262314,13.492013196,3.519792065,4593.8828125,"[239.4244384829, 239.4244384829, 239.4244384829, 372.3480801919, 560.8261544915, 560.8261544915, 1002.0321938404, 1002.0321938404, 1002.0321938404, 1002.0321938404]",0.0231336897,"[None, None, [1418086, 1497513], [1418086, 1497513, 272218], [1418086, 1497513, 272218, 1332410], [1418086, 1497513, 272218, 1332410, 1707877], [1418086, 1497513, 272218, 1332410, 1707877, 1249745], [1418086, 1497513, 272218, 1332410, 1707877, 1249745, 98674], [1418086, 1497513, 272218, 1332410, 1707877, 1249745, 98674, 1842156], [1418086, 1497513, 272218, 1332410, 1707877, 1249745, 98674, 1842156, 1743281]]",[5],HAR_Ambient_Sensor_Data,1 GB,SCAMPI (1 GB),31.654892099648674,31.631758409948674
355,1875227,4096,SCAMPI (1 GB),30.9712622166,16.785548041,10.19644769,4593.8828125,"[2005.7164853285, 2005.7164853285, 2005.7164853285, 2028.5661270376, 2354.9301343517, 2354.9301343517, 3364.7112860702, 4300.5672066349, 4300.5672066349, 4300.5672066349]",0.2034350935,"[None, None, [1416536, 1706328], [1416536, 1706328, 1330862], [1416536, 1706328, 1330862, 1692287], [1416536, 1706328, 1330862, 1692287, 1495962], [1416536, 1706328, 1330862, 1692287, 1495962, 1392137], [1416536, 1706328, 1330862, 1692287, 1495962, 1392137, 415051], [1416536, 1706328, 1330862, 1692287, 1495962, 1392137, 415051, 5737], [1416536, 1706328, 1330862, 1692287, 1495962, 1392137, 415051, 5737, 879106]]",[5],HAR_Ambient_Sensor_Data,1 GB,SCAMPI (1 GB),65.57871001045156,65.37527491695155
356,2102701,512,SCAMPI (8 GB),3.3414225578,2.746191012,0.37507315100000005,4598.2578125,"[8.00025e-05, 8.00025e-05, 8.00025e-05, 0.0001460594, 0.0002357628, 0.0002894838, 0.0003971316, 0.00042224490000000004, 0.000469712, 0.0004977045]",0.0074098734,"[None, None, [995371, 1508491], [265281, 1103241, 969321], [265271, 969311, 616571, 1103231], [265175, 616475, 530075, 924515, 177395], [704295, 361695, 969255, 177435, 265215, 1103175], [704255, 361655, 969215, 177395, 265175, 1103135, 530075], [969273, 265233, 177453, 704313, 616533, 361713, 1103193, 1797213], [265173, 616473, 530073, 924513, 177393, 969213, 1103133, 704253, 361653]]",[2],SpainishEnergyDataset,8 GB,SCAMPI (8 GB),0.022309291786159417,0.014899418386159418
357,2102701,1024,SCAMPI (8 GB),4.5663766861,3.72620926,0.5737696800000001,4598.2578125,"[0.0005823949000000001, 0.0005823949000000001, 0.0005823949000000001, 0.0008515593, 0.0015124638, 0.0017728659, 0.0021371129, 0.0024588435000000002, 0.0024797545, 0.0028665967]",0.0473120422,"[None, None, [264906, 968946], [703987, 264907, 968947], [184390, 264970, 924310, 969010], [616239, 968979, 264939, 177159, 704019], [881047, 264907, 177127, 1012147, 703987, 968947], [177159, 1012179, 881079, 264939, 616239, 704019, 968979], [184400, 264980, 924320, 969020, 616280, 177200, 881120, 704060], [177200, 1012220, 264980, 881120, 616280, 704060, 184400, 969020, 924320]]",[8],SpainishEnergyDataset,8 GB,SCAMPI (8 GB),0.053540607953216225,0.006228565753216224
358,2102701,2048,SCAMPI (8 GB),8.7657985687,5.550283606,2.694070853,4598.2578125,"[0.0027693347000000003, 0.0027693347000000003, 0.0027693347000000003, 0.0053196071, 0.0061532643, 0.0101170203, 0.010952132600000001, 0.013592799000000001, 0.014770766400000001, 0.0172921306]",0.1295637178,"[None, None, [573864, 791244], [615570, 791190, 835770], [573834, 791214, 835794, 615594], [923427, 968127, 1011327, 264087, 528987], [923400, 968100, 703140, 1011300, 264060, 528960], [264085, 528985, 968125, 923425, 1011325, 747805, 703165], [264085, 528985, 968125, 923425, 1011325, 747805, 703165, 1663645], [747815, 1011335, 528995, 264095, 923435, 703175, 176315, 968135, 835595]]","[4, 8]",SpainishEnergyDataset,8 GB,SCAMPI (8 GB),0.13149954600682087,0.0019358282068208665
359,2102701,4096,SCAMPI (8 GB),15.0239486694,8.831780009000001,5.037230743,4598.2578125,"[0.022275671400000002, 0.022275671400000002, 0.022275671400000002, 0.0313014935, 0.0505489526, 0.056418541600000004, 0.0595179018, 0.0735654302, 0.09098011310000001, 0.11451333080000001]",0.3281784998,"[None, None, [789727, 834307], [789728, 834308, 701888], [701887, 789727, 834307, 746527], [1010048, 701888, 789728, 966848, 834308], [789602, 834182, 701762, 1009922, 746402, 966722], [701885, 1010045, 789725, 834305, 746525, 922145, 966845], [789729, 834309, 701889, 614109, 1010049, 746529, 966849, 658689], [789730, 834310, 701890, 614110, 1010050, 746530, 966850, 922150, 658690]]",[6],SpainishEnergyDataset,8 GB,SCAMPI (8 GB),0.3383981838012728,0.010219684001272766
360,449919,512,SCAMPI (0.25 GB),1.1277117729,1.048994777,0.036248010000000004,17541.6484375,"[1.5728995460000002e-17, 1.5728995460000002e-17, 1.5728995460000002e-17, 6.979154263e-16, 0.0, 0.0, 0.0, 0.0, 0.0, 0.0]",5.777e-07,"[None, None, [245556, 258530], [245556, 258530, 249108], [236356, 248267, 238486, 244734], [245556, 258530, 249108, 248258, 236347], [245556, 258530, 249108, 248258, 236347, 238477], [236347, 248258, 238477, 244725, 249108, 258530, 245556], [236345, 248256, 238475, 244723, 249106, 258528, 245554, 241791], [236345, 248256, 238475, 244723, 249106, 258528, 245554, 241791, 259512]]",[2],swtAttack38,0.25 GB,SCAMPI (0.25 GB),0.0,-5.777e-07
361,449919,1024,SCAMPI (0.25 GB),12.9098746777,2.5661399,9.509766252,17541.6484375,"[0.7460488454, 0.7460488454, 0.7460488454, 0.8544665024, 1.112813187, 1.4945272387, 1.9030544702, 2.0454206695, 2.3649212734, 2.6407224318]",0.4941258177,"[None, None, [353836, 401454], [294251, 401672, 412283], [412278, 401668, 294254, 391074], [412325, 401719, 294293, 391120, 289971], [401603, 391008, 412216, 294186, 289857, 151422], [401475, 412082, 353859, 390879, 294056, 339960, 344296], [294060, 412089, 401473, 390883, 353858, 339963, 151294, 289723], [353821, 401438, 390843, 344253, 294013, 412053, 339919, 289689, 151250]]",[7],swtAttack38,0.25 GB,SCAMPI (0.25 GB),1.625029978738854,1.130904161038854
362,449919,2048,SCAMPI (0.25 GB),13.9336335659,2.30862616,10.506590398,17541.6484375,"[0.9054740130000001, 0.9054740130000001, 0.9054740130000001, 1.6776304175, 2.0411109442, 2.8588541891, 4.2788267038, 5.4453135717, 6.0837635496, 7.1111747453]",0.680819142,"[None, None, [390546, 401145], [353401, 401031, 390433], [293800, 401220, 390624, 353589], [401204, 390605, 353572, 293783, 289448], [353554, 390587, 401197, 293762, 289430, 411779], [166705, 307021, 220220, 311378, 224590, 319989, 170943], [311469, 307126, 220321, 171041, 324467, 166802, 224678, 320064], [311464, 307122, 320079, 324459, 220302, 171023, 166793, 224686, 121736]]",[4],swtAttack38,0.25 GB,SCAMPI (0.25 GB),2.666678598050391,1.985859456050391
363,449919,4096,SCAMPI (0.25 GB),13.2407143116,3.17080825,8.88824373,17541.6484375,"[3.2739126804, 3.2739126804, 3.2739126804, 12.2400006345, 15.1327162498, 16.3555425911, 17.4314549164, 20.4725171397, 22.6180532826, 23.5809302666]",1.0199818175,"[None, None, [311219, 319839], [47861, 43484, 52209], [56583, 47878, 43474, 52177], [47882, 43503, 52216, 56617, 60931], [60902, 47822, 56564, 65232, 43471, 52192], [65249, 43459, 47840, 52194, 60910, 56602, 82379], [52252, 43504, 65316, 56629, 47835, 82379, 60920, 95257], [52242, 43507, 47873, 56608, 65299, 60952, 82379, 95255, 69665]]",[6],swtAttack38,0.25 GB,SCAMPI (0.25 GB),4.856020002697682,3.8360381851976824
364,7583000,512,SCAMPI (2 GB),41.2448904514,19.505272789,15.737396772,4582.0703125,"[2.7440502407, 2.7440502407, 2.7440502407, 3.4106006361, 5.1462304277, 6.3723846977, 6.9244630062, 7.6754968439, 10.6951476582, 11.9436237392]",1.3823039053,"[None, None, [6627436, 6805494], [7066566, 6627438, 6805494], [6805495, 6627436, 7066562, 6810548], [3157570, 2714756, 2740765, 2814511, 6868995], [3158517, 2714761, 2814514, 2740767, 6868983, 3157570], [2707729, 2714746, 2740765, 3157573, 3158517, 6868960, 2814496], [2714769, 2740764, 6868957, 3158508, 2814509, 3157572, 2707752, 6869217], [3153008, 3156439, 2951822, 2780428, 3152326, 2674578, 2669883, 2590952, 2791982]]","[3, 7]",Lab_FD_061014,2 GB,SCAMPI (2 GB),3.455954823084353,2.073650917784353
365,7583000,1024,SCAMPI (2 GB),46.3508110046,23.270248736,16.557063148,4582.0703125,"[8.5426704593, 8.5426704593, 8.5426704593, 11.2761603426, 11.9882139851, 13.5916181136, 15.885296866000001, 18.8171233196, 21.2949879942, 23.7819118634]",1.8762794741,"[None, None, [2740766, 3158511], [2707728, 2740764, 2714744], [2707714, 2714738, 2740759, 3158492], [2714751, 2814496, 2707726, 2740811, 3158499], [2798741, 2714767, 2740771, 2707747, 3158531, 2814502], [2798737, 2714779, 2740797, 2707768, 2814503, 3158531, 2674631], [6868934, 2740796, 3158562, 2798737, 2714782, 2674622, 2707790, 2814529], [2740792, 3158512, 2707729, 2814522, 2714747, 2798732, 2674622, 6868934, 2558369]]",[4],Lab_FD_061014,2 GB,SCAMPI (2 GB),4.876670161431877,3.0003906873318766
366,7583000,2048,SCAMPI (2 GB),56.3327748775,23.432770609,24.69951694,4582.0703125,"[17.3289782368, 17.3289782368, 17.3289782368, 26.3387204472, 29.9266151787, 32.8277021206, 35.6849988384, 39.0156281992, 43.5372853278, 48.8310550653]",2.352100396,"[None, None, [2814652, 7147733], [2817536, 2792022, 2814928], [2716458, 2740903, 2792011, 2814869], [2716415, 2740873, 2814836, 2791991, 7147944], [2817529, 2792018, 2814931, 7147978, 2716456, 2740942], [2817521, 2791987, 2814917, 7147969, 2740916, 2716456, 2758767], [2740977, 2716482, 2792035, 2814958, 2817546, 7148039, 2778187, 2758827], [2815368, 2792106, 2778084, 2817928, 2716649, 6802983, 2741101, 7148503, 2717822]]",[2],Lab_FD_061014,2 GB,SCAMPI (2 GB),6.987922084947714,4.635821688947714
367,7583000,4096,SCAMPI (2 GB),62.6512746811,23.448194119,30.53520845,4582.0703125,"[29.6936424467, 29.6936424467, 29.6936424467, 55.6304713671, 71.9648764211, 88.8735957248, 102.3764358765, 114.20776121, 126.9190021392, 130.6204873925]",3.5474074465,"[None, None, [2791974, 2817513], [2758915, 2817956, 2792858], [2791974, 2817513, 2758754, 2665405], [2965293, 2817511, 2791945, 2758733, 2665398], [2817516, 2791985, 2758740, 2665392, 2965256, 2976293], [2965339, 2817530, 2791971, 2665428, 2758798, 2976321, 2806019], [2976241, 2817514, 2670072, 2758765, 2965243, 2791965, 2772365, 2665395], [2965285, 2817534, 2791970, 2665395, 2758784, 2976227, 2805983, 2772371, 2670072]]",[2],Lab_FD_061014,2 GB,SCAMPI (2 GB),11.428932032018565,7.881524585518566
368,7583000,512,SCAMPI (1 GB),39.3512659073,27.348687876,8.536041908,4598.46484375,"[1.6793944965, 1.6793944965, 1.6793944965, 1.9581173713, 2.7370468362, 5.8752644279, 8.379942278, 20.2688381206, 25.2599185849, 42.8286933631]",1.3339237099,"[None, None, [5801858, 5882495], [5909349, 5563046, 5935973], [5882496, 5801859, 5771477, 5862529], [5563042, 5909345, 5935969, 5706433, 5539240], [5563042, 5909345, 5935969, 5706433, 5539240, 6152590], [5909346, 5563043, 5935970, 5539241, 6152591, 5967444, 6022798], [6964154, 6836051, 6998341, 6800040, 7099112, 7111457, 7338195, 6696195], [6836054, 6800041, 6964153, 7099115, 7111460, 7338198, 6696197, 6998338, 7321065]]","[4, 6, 8]",Lab_K_060314,1 GB,SCAMPI (1 GB),6.5443634803623185,5.210439770462319
369,7583000,1024,SCAMPI (1 GB),39.1462438107,27.223275817,8.530821419,4598.46484375,"[4.9251685145, 4.9251685145, 4.9251685145, 5.9022795386, 9.7575458047, 18.5449353536, 35.4370273563, 38.273255386, 51.4787395435, 94.9399025759]",1.9944835924,"[None, None, [5562535, 5908838], [5908837, 5562534, 5935461], [5994434, 5838771, 5861511, 5770459], [5908832, 5562529, 5935456, 5705920, 6152077], [6963946, 7098899, 6799831, 6835847, 7337984, 6695982], [6696048, 6835909, 6799896, 7098967, 6964008, 7338050, 7111313], [6835937, 7098996, 6799920, 6696080, 7338074, 6964043, 7111344, 6998229], [6964036, 6998228, 7098991, 6835928, 7338079, 6696083, 6799909, 7111348, 3020354]]","[3, 7]",Lab_K_060314,1 GB,SCAMPI (1 GB),9.743710924278286,7.749227331878286
370,7583000,2048,SCAMPI (1 GB),40.377194643,27.183928109,9.686542032,4598.46484375,"[15.4698666499, 15.4698666499, 15.4698666499, 20.3587658331, 38.2157694178, 52.608812791, 62.7418722759, 66.864162755, 89.4459639206, 130.5531494009]",2.6133777634,"[None, None, [5561511, 5907814], [5907812, 5561509, 5934436], [5837748, 5769436, 5860488, 5993411], [7098645, 6835586, 6799580, 6963691, 7337726], [6695688, 6835549, 6799533, 6963651, 7098603, 7337692], [6695670, 6799516, 6835523, 6963629, 7098589, 7337674, 6997820], [7110837, 6835433, 7337573, 6799409, 7098486, 6963535, 6997718, 6695569], [6799460, 6835473, 6963576, 7098525, 7337612, 6997764, 6695606, 7110877, 3019891]]","[3, 7]",Lab_K_060314,1 GB,SCAMPI (1 GB),11.425985708064752,8.812607944664752
371,7583000,4096,SCAMPI (1 GB),35.9955787659,17.653686673,14.066883773,4598.46484375,"[63.3479874914, 63.3479874914, 63.3479874914, 89.8514647689, 92.8651341767, 98.334956264, 103.7826444804, 140.603230685, 157.7037662616, 269.4600046158]",3.2146418835,"[None, None, [6962759, 6996950], [6996751, 6962558, 7097517], [6798530, 7097598, 6962645, 6996829], [6834103, 6798100, 7097171, 6962216, 6996400], [7097197, 6962241, 6798129, 6834139, 6996429, 6694282], [6835259, 6799260, 6963364, 7098312, 6997546, 7110670, 7337405], [6997388, 6963196, 7098160, 6799078, 6835084, 6695223, 7337229, 7110491], [6798473, 6962589, 6996770, 6834487, 7097552, 6694627, 7109908, 7336617, 3018897]]",[8],Lab_K_060314,1 GB,SCAMPI (1 GB),16.41523696496033,13.200595081460328
372,5231008,512,SCAMPI (8 GB),14.305990696,6.203411756,5.036507176,4599.2578125,"[0.0014641571, 0.0014641571, 0.0014641571, 0.0077828904, 0.0144594448, 0.0325735969, 0.0397154393, 0.053992419800000004, 0.059800411500000004, 0.0651676902]",0.1562361743,"[None, None, [832883, 1802945], [832356, 2201633, 1802418], [156871, 1802417, 832355, 2201632], [695985, 4889906, 3428506, 4357006, 4587946], [4587988, 3428548, 4357048, 4889948, 3326408, 696027], [695987, 4889908, 3428508, 4357008, 4587948, 1561991, 3326368], [696032, 4889953, 3428553, 4357053, 4587993, 3326413, 1562036, 2157878], [4587909, 3428469, 4889869, 3326329, 4356969, 4859689, 695948, 2254129, 2477689]]",[4],WindTurbine,8 GB,SCAMPI (8 GB),0.2552796313848796,0.09904345708487958
373,5231008,1024,SCAMPI (8 GB),65.5854208469,16.57873473,32.156464847,4599.2578125,"[0.0051545205, 0.0051545205, 0.0051545205, 0.0410393296, 0.08772151360000001, 0.0957116115, 0.1470861403, 0.1664422026, 0.191479863, 0.2116932547]",0.3583265626,"[None, None, [831835, 1801897], [1801915, 831853, 2201130], [2254090, 3428430, 4356930, 4587870], [3428419, 4356919, 2254079, 695898, 4587859], [3428420, 4356920, 2254080, 695899, 4587860, 3326280], [4356768, 3428268, 695747, 2009753, 2253928, 1561751, 2682668], [695899, 3428420, 4356920, 4587860, 2254080, 1561903, 2009905, 2682820], [2254078, 3428418, 4356918, 4587858, 695897, 3326278, 2157743, 4101758, 2682818]]",[5],WindTurbine,8 GB,SCAMPI (8 GB),0.46010135263874197,0.10177479003874196
374,5231008,2048,SCAMPI (8 GB),140.0923202038,17.67131764,82.60245568,4599.2578125,"[0.1318739939, 0.1318739939, 0.1318739939, 0.1872445116, 0.2472960458, 0.3111371059, 0.4204705141, 0.5128742559, 0.6940341600000001, 0.8280808533]",0.6613676719,"[None, None, [2253648, 4356488], [695578, 4356599, 2253759], [1561138, 4356155, 695134, 2253315], [4356288, 2253448, 695267, 1561271, 2157113], [4356372, 2253532, 695351, 1561355, 2009357, 2097377], [2253511, 4356351, 695330, 1561334, 2682251, 2009336, 2097356], [2253432, 4356272, 695251, 1561255, 2157097, 2682172, 2097277, 3163182], [2157127, 2253462, 695281, 4356302, 1561285, 2045647, 3325662, 2097307, 3163212]]",[2],WindTurbine,8 GB,SCAMPI (8 GB),0.9099894797743543,0.24862180787435428
375,5231008,4096,SCAMPI (8 GB),153.8450717926,20.34349579,94.435773793,5635.91015625,"[0.37866984870000003, 0.37866984870000003, 0.37866984870000003, 0.5262895225, 0.5452359910000001, 1.0202806104, 1.7491118939, 1.8293222785, 1.9747927914, 2.2264805233]",1.1446084458,"[None, None, [694267, 4355288], [2252216, 4355057, 694035], [2252149, 4354989, 693968, 1559972], [4355436, 694415, 1560419, 2252596, 2681335], [4356351, 695330, 2253511, 2009336, 3325711, 1561334], [2682245, 4356345, 695324, 2253505, 2009330, 1561328, 3325706], [3282294, 886814, 2481683, 2170919, 2038297, 907188, 878188, 1935070], [2481612, 886743, 3282224, 1951157, 2038225, 1934999, 2170848, 878117, 907116]]",[4],WindTurbine,8 GB,SCAMPI (8 GB),1.4921395790273777,0.3475311332273776
376,449919,512,SCAMPI (4 GB),0.9997832775000001,0.8574355260000001,0.09686528500000001,8756.234375,"[0.0, 0.0, 0.0, 0.0, 4.1294e-06, 2.48571e-05, 4.80124e-05, 7.64758e-05, 0.0001285675, 0.000143033]",0.0075740331000000004,"[None, None, [230909, 66059], [156525, 181573, 233997], [156525, 181573, 233997, 69457], [156531, 181579, 234003, 69463, 74244], [156531, 181579, 234003, 69463, 74244, 328310], [156531, 181579, 234003, 69463, 74244, 328310, 103771], [69463, 234003, 74244, 328310, 103771, 181579, 92529, 156531], [165785, 211072, 188717, 48362, 417337, 374642, 415339, 115242, 245098]]",[4],swtAttack7,4 GB,SCAMPI (4 GB),0.011959640462823287,0.004385607362823287
377,449919,1024,SCAMPI (4 GB),130.3903589249,31.946508737,88.593733193,8756.234375,"[0.0, 0.0, 0.0, 3.086e-07, 0.3452807992, 1.8162050922, 1.9849202653, 2.2180866828, 2.417386391, 2.5960712083]",1.1029887826,"[None, None, [57053, 232626], [56702, 230960, 386991], [56704, 230962, 386993, 95364], [404973, 401094, 415542, 301952, 399696], [404974, 401095, 415543, 301953, 399696, 308019], [411654, 301927, 401070, 335218, 399671, 415518, 446114], [446135, 399693, 301950, 401093, 415540, 308018, 404971, 394355], [411669, 301944, 335233, 401084, 415532, 399686, 308010, 394348, 446128]]",[3],swtAttack7,4 GB,SCAMPI (4 GB),1.6112328224995915,0.5082440398995915
378,449919,2048,SCAMPI (4 GB),133.0680480003,32.326772825,90.913235381,8756.234375,"[0.9047688931000001, 0.9047688931000001, 0.9047688931000001, 2.748989724, 4.5109382615, 7.183308127, 10.0106648745, 12.1095689965, 13.9356564876, 15.931652687]",2.446056214,"[None, None, [299081, 309480], [298988, 309387, 432845], [432913, 299056, 309455, 340581], [281518, 351178, 346272, 356308, 366858], [356305, 366858, 351175, 281515, 346268, 273683], [361571, 356232, 281443, 366786, 351102, 346197, 273611], [393338, 414525, 292338, 403955, 300932, 398672, 425138, 388020], [292318, 393319, 414505, 403936, 425122, 300915, 398656, 382675, 388002]]",[2],swtAttack7,4 GB,SCAMPI (4 GB),3.9914474425952298,1.5453912285952298
379,449919,4096,SCAMPI (4 GB),155.3700785637,30.515716544,112.58821577,8756.234375,"[6.1782433662, 6.1782433662, 6.1782433662, 20.8461964208, 34.5005853094, 41.088444347, 78.7907443334, 122.4034584549, 163.7956745204, 235.2452718622]",3.3620374978,"[None, None, [309258, 432716], [309041, 432499, 298642], [408616, 385975, 332178, 396624], [396611, 385954, 417843, 408595, 332160], [396622, 385969, 408607, 332168, 417843, 326642], [385857, 348974, 396513, 408496, 359443, 417741, 332049], [214768, 119819, 111066, 161483, 227145, 169624, 104446, 128569], [161481, 111094, 169583, 119849, 214819, 178615, 227123, 128601, 183893]]",[5],swtAttack7,4 GB,SCAMPI (4 GB),15.33770751651628,11.975670018716281
380,1439997,512,SCAMPI (2 GB),51.5741136074,11.426561265,32.742971637,9968.2578125,"[0.3145241321, 0.3145241321, 0.3145241321, 1.0070874143, 1.6341505172, 2.6929196416, 3.4074067778, 5.4844874796, 5.8055642495, 7.2608996111]",0.48944047020000003,"[None, None, [779912, 812266], [778804, 780065, 775430], [775433, 778807, 780075, 3222], [775440, 780076, 778813, 3230, 531167], [691284, 775382, 531109, 780010, 778761, 3168], [531174, 780084, 1180129, 775440, 778811, 673222, 3219], [778762, 775385, 686423, 531112, 3163, 802381, 780010, 346789], [780032, 3184, 775404, 531133, 1180084, 778783, 215138, 672093, 314175]]",[8],EOG_one_hour_400_Hz,2 GB,SCAMPI (2 GB),2.694605650387455,2.205165180187455
381,1439997,1024,SCAMPI (2 GB),51.1770157814,9.872170215,34.262567979,9968.2578125,"[10.441903839, 10.441903839, 10.441903839, 20.1521408304, 36.8464392544, 55.9432432329, 72.7773390129, 101.1157968753, 137.381045495, 180.2586782919]",0.7631787316,"[None, None, [239118, 1324514], [1180079, 780013, 775389], [722295, 801481, 464937, 775715], [464949, 722311, 801483, 1180448, 775764], [1180494, 722332, 809441, 806297, 11003, 953429], [1170466, 11014, 1368785, 722341, 616724, 953414, 801553], [223094, 348232, 310488, 497335, 675327, 672992, 286406, 1179890], [672898, 507570, 360505, 860410, 1070670, 1263993, 1164556, 183443, 1324471]]",[2],EOG_one_hour_400_Hz,2 GB,SCAMPI (2 GB),13.426044774686996,12.662866043086996
382,1439997,2048,SCAMPI (2 GB),82.490165472,9.303177596,65.363713943,9968.2578125,"[74.6421974366, 74.6421974366, 74.6421974366, 143.6710924541, 267.9077629951, 634.7469730117, 775.802286521, 933.3002189808, 1027.7757609494, 1496.4441620544]",1.0406590609,"[None, None, [507203, 1263636], [1322698, 237326, 608323], [1324570, 239204, 497383, 223145], [860419, 1324456, 625570, 183516, 917261], [334354, 579870, 759583, 563081, 271400, 368672], [334354, 579870, 759583, 563081, 271400, 807138, 368672], [334354, 579870, 759583, 563081, 271400, 807138, 368672, 611019], [497360, 917252, 675259, 239209, 612758, 714608, 589329, 1295575, 1280861]]","[4, 8]",EOG_one_hour_400_Hz,2 GB,SCAMPI (2 GB),38.6839005537756,37.6432414928756
383,1439997,4096,SCAMPI (2 GB),91.6766326427,10.037104009,74.10934621,9968.2578125,"[330.4565337051, 330.4565337051, 330.4565337051, 554.3884456714, 1121.3501510306, 2931.2950005672, 3090.7918358581, 4340.5144970664, 5195.2872524952, 5768.7018158824]",1.6239366402,"[None, None, [237780, 1323153], [1322984, 237608, 221607], [1117448, 180856, 1321866, 607483], [496409, 268037, 611737, 1119127, 78409], [496409, 268037, 611737, 1119127, 78409, 720856], [960091, 638931, 468265, 1236674, 1188412, 621081, 832909], [960091, 638931, 468265, 464691, 1236674, 1188412, 621081, 832909], [1342662, 636416, 266832, 669695, 608018, 1154172, 572569, 1096429, 1275591]]","[4, 6]",EOG_one_hour_400_Hz,2 GB,SCAMPI (2 GB),75.9519704542443,74.3280338140443
384,5153051,512,SCAMPI (0.5 GB),15.4051039219,10.602849887,4.405112546,4599.2578125,"[4.3819e-05, 4.3819e-05, 4.3819e-05, 0.0001519644, 0.0002350048, 0.0003200101, 0.0003685997, 0.0004626211, 0.0005219545, 0.0006477822]",0.0069767261,"[None, None, [691642, 737248], [857170, 883742, 1743531], [1203271, 789481, 438752, 570898], [789468, 1203253, 570880, 438736, 737389], [646634, 1203270, 789477, 570891, 737400, 438750], [574162, 438822, 1229227, 487764, 531450, 1225428, 570955], [574154, 438814, 487757, 1229225, 531452, 1225419, 570946, 1736758], [789462, 1203250, 570880, 438736, 737383, 1253504, 1033828, 1225337, 487699]]",[2],house,0.5 GB,SCAMPI (0.5 GB),0.02545156576715861,0.01847483966715861
385,5153051,1024,SCAMPI (0.5 GB),26.8406672478,21.340884892,5.062260771,4599.2578125,"[6.8601997621, 6.8601997621, 6.8601997621, 7.7521928077, 8.2651239669, 21.1759685581, 22.1079542046, 22.5187382475, 23.7317534791, 23.7317534791]",0.0099982121,"[None, None, [3900333, 3242006], [3900333, 3242006, 1656050], [3900333, 3242006, 1656050, 1161432], [3900333, 3242006, 1656050, 1161432, 3651392], [3900333, 3242006, 1656050, 1161432, 3651392, 1668158], [3900333, 3242006, 1656050, 1161432, 3651392, 1668158, 3174067], [3900333, 3242006, 1656050, 1161432, 3651392, 1668158, 3174067, 805165], [3900333, 3242006, 1656050, 1161432, 3651392, 1668158, 3174067, 805165, 3439568]]",[7],house,0.5 GB,SCAMPI (0.5 GB),4.871524759159087,4.8615265470590865
386,5153051,2048,SCAMPI (0.5 GB),20.7872128487,9.486703407,7.542885788,4599.2578125,"[0.0050505363, 0.0050505363, 0.0050505363, 0.013205966100000001, 0.0262225308, 0.0362359181, 0.0486538646, 0.0584792841, 0.06976764170000001, 0.0725484591]",0.1947604159,"[None, None, [1301732, 1642450], [668389, 1301807, 1642525], [1693076, 1790469, 1742092, 1815274], [1924741, 1324130, 880962, 858274, 1714466], [835138, 882579, 666546, 1344601, 1693251, 1790643], [739574, 666499, 835092, 1693204, 1790597, 882531, 1344555], [1815402, 1790597, 1693202, 835092, 666499, 882531, 739574, 1321994], [858245, 1924712, 880933, 1714437, 1324101, 1763382, 1837705, 1447958, 1472866]]",[2],house,0.5 GB,SCAMPI (0.5 GB),0.2693482116146309,0.0745877957146309
387,5153051,4096,SCAMPI (0.5 GB),21.8093545437,8.32460499,10.50124482,4599.2578125,"[0.7900880234000001, 0.7900880234000001, 0.7900880234000001, 2.0257194522, 3.095950588, 7.7375444292, 12.001216867, 17.4240717524, 20.1017094962, 25.3585635197]",0.270984137,"[None, None, [4068121, 4443454], [4443495, 4068157, 4517650], [4068203, 4443544, 4517694, 4554812], [4068203, 4443544, 4517694, 4554812, 1254170], [4333529, 4167296, 4407324, 4068157, 4517657, 4443495], [1035369, 3981336, 4382455, 2397978, 4566934, 2150553, 3931578], [1180573, 4566939, 3981337, 2150559, 1253987, 3931581, 1035369, 4382455], [1180573, 4566939, 3981337, 2150559, 1253987, 3931581, 1035369, 4382455, 2397978]]",[4],house,0.5 GB,SCAMPI (0.5 GB),5.0357286979840366,4.764744560984036
388,8066432,512,SCAMPI (4 GB),62.3151955605,9.05925526,35.636286721,4582.68359375,"[0.0775571219, 0.0775571219, 0.0775571219, 0.1337023361, 0.2912785019, 0.33375336380000004, 0.382669684, 0.4916925526, 0.6226859391, 0.8242654799]",0.22436343560000002,"[None, None, [4736813, 8016495], [3663384, 1951635, 2194852], [1157560, 2204441, 1635697, 1264740], [2204454, 1157562, 1251128, 1264744, 2848370], [2204447, 1157561, 1251118, 1264741, 1635702, 2848366], [169310, 668568, 1572516, 3037055, 149297, 630637, 2130870], [1474965, 1624617, 4014501, 2000975, 4810931, 55048, 1149561, 7448012], [1506482, 6254080, 7425177, 1738370, 1305021, 5724574, 5988723, 2219514, 165811]]","[3, 6]",solarwind,4 GB,SCAMPI (4 GB),0.9078906761829862,0.6835272405829862
389,8066432,1024,SCAMPI (4 GB),71.0640127659,13.589293449,39.876863513,4582.68359375,"[0.3907376098, 0.3907376098, 0.3907376098, 0.6914564447, 1.6231675298000001, 1.9719113714, 2.9848989759, 4.2672544226, 5.5393000556, 6.6291810073]",0.32858667150000004,"[None, None, [271608, 1475574], [1251053, 2204370, 1635646], [1251062, 2204379, 1635646, 7464459], [1635634, 2204354, 1251046, 1264671, 7323722], [1626028, 3266639, 6901651, 53973, 5078258, 7763793], [7447694, 1624292, 3195979, 5570083, 630319, 1738045, 6175468], [4184234, 59608, 4270846, 524341, 3305953, 1827415, 7464230, 1389144], [7323709, 1635614, 4830305, 7464418, 3920371, 2822486, 1594020, 2034728, 1264631]]",[5],solarwind,4 GB,SCAMPI (4 GB),2.5747195978008945,2.2461329263008945
390,8066432,2048,SCAMPI (4 GB),81.9300131798,16.665171049,46.873278197,4582.68359375,"[3.6031112968, 3.6031112968, 3.6031112968, 11.7833985108, 27.3864599977, 42.1550257842, 70.2592151996, 84.9963927687, 97.5776135815, 119.7295624598]",0.4760356498,"[None, None, [3627206, 3662086], [3306696, 2035512, 1861267], [1180007, 1608523, 2883426, 1853609], [2388781, 630892, 1853448, 381345, 1298803], [3662330, 3615292, 1411841, 14558, 517381, 5462757], [1180135, 2883543, 1608635, 1853686, 7840339, 679175, 1410828], [1568501, 14603, 6124086, 5829989, 1826758, 5462795, 7290571, 34130], [3305248, 1568488, 2502217, 7340786, 6376214, 2039228, 2847285, 2031079, 1534179]]",[2],solarwind,4 GB,SCAMPI (4 GB),10.942100459226282,10.466064809426282
391,8066432,4096,SCAMPI (4 GB),87.5495409966,16.067307492,52.305913949,4582.68359375,"[51.6230019489, 51.6230019489, 51.6230019489, 154.0632756627, 295.6584954318, 483.2308361146, 751.349913094, 1048.3684826958, 1146.8182466839, 1503.0044295603]",0.6377392441,"[None, None, [2035502, 3306672], [4828602, 4269375, 1517919], [4549656, 270662, 1179397, 7695798], [1179854, 1215581, 1013055, 271215, 381348], [1179854, 1215581, 1013055, 271215, 381348, 1614713], [4754744, 1820329, 2802491, 827325, 2363133, 1198235, 1875904], [336543, 1198244, 3596700, 4754749, 250356, 2802499, 1174918, 7980010], [330945, 3858462, 2239291, 4626723, 1407291, 6334659, 3185944, 5920227, 2006716]]",[8],solarwind,4 GB,SCAMPI (4 GB),38.768601078196,38.130861834096
392,2102701,512,SCAMPI (1 GB),3.2517073154,2.6272341740000003,0.38953698400000003,4598.2578125,"[8.00025e-05, 8.00025e-05, 8.00025e-05, 0.0001460594, 0.0002357628, 0.0002894838, 0.0003971316, 0.00042224490000000004, 0.000469712, 0.0004977045]",0.0074098734,"[None, None, [995371, 1508491], [265281, 1103241, 969321], [265271, 969311, 616571, 1103231], [265175, 616475, 530075, 924515, 177395], [704295, 361695, 969255, 177435, 265215, 1103175], [704255, 361655, 969215, 177395, 265175, 1103135, 530075], [969273, 265233, 177453, 704313, 616533, 361713, 1103193, 1797213], [265173, 616473, 530073, 924513, 177393, 969213, 1103133, 704253, 361653]]",[2],SpainishEnergyDataset,1 GB,SCAMPI (1 GB),0.022309291786159417,0.014899418386159418
393,2102701,1024,SCAMPI (1 GB),4.3231160641,3.476966583,0.55150484,4598.2578125,"[0.0005823949000000001, 0.0005823949000000001, 0.0005823949000000001, 0.0008515593, 0.0015124638, 0.0017728659, 0.0021371129, 0.0024588435000000002, 0.0024797545, 0.0028665967]",0.0473120422,"[None, None, [264906, 968946], [703987, 264907, 968947], [184390, 264970, 924310, 969010], [616239, 968979, 264939, 177159, 704019], [881047, 264907, 177127, 1012147, 703987, 968947], [177159, 1012179, 881079, 264939, 616239, 704019, 968979], [184400, 264980, 924320, 969020, 616280, 177200, 881120, 704060], [177200, 1012220, 264980, 881120, 616280, 704060, 184400, 969020, 924320]]",[8],SpainishEnergyDataset,1 GB,SCAMPI (1 GB),0.053540607953216225,0.006228565753216224
394,2102701,2048,SCAMPI (1 GB),8.431855917,5.259208524,2.635454021,4598.2578125,"[0.0027693347000000003, 0.0027693347000000003, 0.0027693347000000003, 0.0053196071, 0.0061532643, 0.0101170203, 0.010952132600000001, 0.013592799000000001, 0.014770766400000001, 0.0172921306]",0.1295637178,"[None, None, [573864, 791244], [615570, 791190, 835770], [573834, 791214, 835794, 615594], [923427, 968127, 1011327, 264087, 528987], [923400, 968100, 703140, 1011300, 264060, 528960], [264085, 528985, 968125, 923425, 1011325, 747805, 703165], [264085, 528985, 968125, 923425, 1011325, 747805, 703165, 1663645], [747815, 1011335, 528995, 264095, 923435, 703175, 176315, 968135, 835595]]","[4, 8]",SpainishEnergyDataset,1 GB,SCAMPI (1 GB),0.13149954600682087,0.0019358282068208665
395,2102701,4096,SCAMPI (1 GB),14.1927051544,6.243036644,6.000911298,4598.2578125,"[0.022275671400000002, 0.022275671400000002, 0.022275671400000002, 0.0313014935, 0.0505489526, 0.056418541600000004, 0.0595179018, 0.0735654302, 0.09098011310000001, 0.1145435999]",0.27437874570000004,"[None, None, [789727, 834307], [789728, 834308, 701888], [701887, 789727, 834307, 746527], [1010048, 701888, 789728, 966848, 834308], [789602, 834182, 701762, 1009922, 746402, 966722], [701885, 1010045, 789725, 834305, 746525, 922145, 966845], [789729, 834309, 701889, 614109, 1010049, 746529, 966849, 658689], [789729, 834309, 701889, 614109, 1010049, 746529, 966849, 922149, 658689]]",[6],SpainishEnergyDataset,1 GB,SCAMPI (1 GB),0.3384429049337569,0.06406415923375686
396,1875227,512,SCAMPI (8 GB),14.3079206944,12.562469984,1.5821274060000001,4593.8828125,"[10.1808337828, 10.1808337828, 10.1808337828, 24.9776977623, 36.7751672952, 36.7751672952, 36.7751672952, 42.2383768496, 42.2383768496, 42.2383768496]",0.0072233809000000005,"[None, None, [1419249, 598650], [1419249, 598650, 518993], [1419249, 598650, 518993, 1509977], [1419249, 598650, 518993, 1509977, 86977], [1419249, 598650, 518993, 1509977, 86977, 1726307], [1419249, 598650, 518993, 1509977, 86977, 1726307, 1584467], [1419249, 598650, 518993, 1509977, 86977, 1726307, 1584467, 1655932], [1419249, 598650, 518993, 1509977, 86977, 1726307, 1584467, 1655932, 104400]]",[6],HAR_Ambient_Sensor_Data,8 GB,SCAMPI (8 GB),6.499105850007369,6.491882469107368
397,1875227,1024,SCAMPI (8 GB),15.5559732914,13.36126716,1.983115248,4593.8828125,"[48.7198574039, 48.7198574039, 48.7198574039, 86.8418976202, 86.8418976202, 137.4530531934, 137.4530531934, 137.4530531934, 179.1017804423, 220.6883660092]",0.0158848897,"[None, None, [1418862, 1634131], [1418862, 1634131, 294725], [1418862, 1634131, 294725, 245793], [1418862, 1634131, 294725, 245793, 1518108], [1418862, 1634131, 294725, 245793, 1518108, 1744085], [1418862, 1634131, 294725, 245793, 1518108, 1744085, 415423], [1418862, 1634131, 294725, 245793, 1518108, 1744085, 415423, 272989], [1418862, 1634131, 294725, 245793, 1518108, 1744085, 415423, 272989, 493591]]",[7],HAR_Ambient_Sensor_Data,8 GB,SCAMPI (8 GB),14.855583664373473,14.839698774673472
398,1875227,2048,SCAMPI (8 GB),16.9956183434,13.010355958,3.52997147,4593.8828125,"[239.4244384829, 239.4244384829, 239.4244384829, 372.3480801919, 560.8261544915, 560.8261544915, 1002.0321938404, 1002.0321938404, 1002.0321938404, 1002.0321938404]",0.0231336897,"[None, None, [1418086, 1497513], [1418086, 1497513, 272218], [1418086, 1497513, 272218, 1332410], [1418086, 1497513, 272218, 1332410, 1707877], [1418086, 1497513, 272218, 1332410, 1707877, 1249745], [1418086, 1497513, 272218, 1332410, 1707877, 1249745, 98674], [1418086, 1497513, 272218, 1332410, 1707877, 1249745, 98674, 1842156], [1418086, 1497513, 272218, 1332410, 1707877, 1249745, 98674, 1842156, 1743281]]",[5],HAR_Ambient_Sensor_Data,8 GB,SCAMPI (8 GB),31.654892099648674,31.631758409948674
399,1875227,4096,SCAMPI (8 GB),148.2512452602,37.729216464,81.176496251,4593.8828125,"[2005.7164853285, 2005.7164853285, 2005.7164853285, 2028.5661270376, 2354.9301343517, 2354.9301343517, 3364.7112860702, 4300.5672066349, 4300.5672066349, 4300.5672066349]",0.5773158057000001,"[None, None, [1416536, 1706328], [1416536, 1706328, 1330862], [1416536, 1706328, 1330862, 1692287], [1416536, 1706328, 1330862, 1692287, 1495962], [1416536, 1706328, 1330862, 1692287, 1495962, 1392137], [1416536, 1706328, 1330862, 1692287, 1495962, 1392137, 415051], [1416536, 1706328, 1330862, 1692287, 1495962, 1392137, 415051, 5737], [1416536, 1706328, 1330862, 1692287, 1495962, 1392137, 415051, 5737, 879106]]",[5],HAR_Ambient_Sensor_Data,8 GB,SCAMPI (8 GB),65.57871001045156,65.00139420475156
400,1799997,512,SCAMPI (4 GB),9.4725255966,7.757948457,1.585775631,4587.8828125,"[0.2998961314, 0.2998961314, 0.2998961314, 0.4830394633, 1.0975699423, 1.0975699423, 1.0975699423, 2.0149725741, 2.3152386118, 2.3152386118]",0.0073315315,"[None, None, [1362297, 1208050], [1362297, 1208050, 1090025], [1362297, 1208050, 1090025, 1693717], [1362297, 1208050, 1090025, 1693717, 65714], [1362297, 1208050, 1090025, 1693717, 65714, 1671024], [1362297, 1208050, 1090025, 1693717, 65714, 1671024, 782684], [1362297, 1208050, 1090025, 1693717, 65714, 1671024, 782684, 960101], [1362297, 1208050, 1090025, 1693717, 65714, 1671024, 782684, 960101, 599215]]",[6],Challenge2009Respiration500HZ,4 GB,SCAMPI (4 GB),1.5215908161526213,1.5142592846526213
401,1799997,1024,SCAMPI (4 GB),21.659712553,14.584820367,5.836960263,4587.8828125,"[2.0563017518, 2.0563017518, 2.0563017518, 4.0710806949, 5.1905830676, 10.4977734245, 10.4977734245, 10.4977734245, 10.6236090927, 10.6236090927]",0.0362422831,"[None, None, [1361909, 51017], [1361909, 51017, 1279094], [1361909, 51017, 1279094, 377201], [1361909, 51017, 1279094, 377201, 1547162], [1361909, 51017, 1279094, 377201, 1547162, 130202], [1361909, 51017, 1279094, 377201, 1547162, 130202, 34215], [1361909, 51017, 1279094, 377201, 1547162, 130202, 34215, 299489], [1361909, 51017, 1279094, 377201, 1547162, 130202, 34215, 299489, 1046993]]",[7],Challenge2009Respiration500HZ,4 GB,SCAMPI (4 GB),3.2593878401779683,3.2231455570779683
402,1799997,2048,SCAMPI (4 GB),73.0719382763,11.097344663,47.890737737,4587.8828125,"[3.0088095351, 3.0088095351, 3.0088095351, 13.6321645425, 21.7527656987, 31.7905844899, 43.0331712474, 48.1168417352, 62.6382397469, 73.7100268275]",0.7506715662,"[None, None, [128988, 184707], [1032839, 539086, 1084167], [512706, 1477842, 909256, 1510328], [984586, 1086705, 1084466, 818184, 1088938], [1083583, 664956, 955675, 1699253, 538530, 1434302], [1510329, 512707, 1477833, 980792, 1687830, 1738738, 1546367], [1361134, 1411720, 1096353, 1046177, 1103956, 1335443, 764712, 33426], [1361134, 1411720, 1096353, 1046177, 1103956, 1335443, 764712, 33426, 777219]]",[7],Challenge2009Respiration500HZ,4 GB,SCAMPI (4 GB),8.58545437513356,7.83478280893356
403,1799997,4096,SCAMPI (4 GB),93.9015831947,11.984005506,66.482655381,4587.8828125,"[47.5951127142, 47.5951127142, 47.5951127142, 120.5750629595, 176.9753755073, 241.4723738682, 337.0760960281, 369.1348531354, 402.3704478806, 546.9800890605]",1.3412523494,"[None, None, [363755, 992678], [537984, 1083060, 1580469], [907543, 1085003, 1082730, 1580165], [1433613, 1082926, 1582629, 1068165, 1580353], [1264150, 1082936, 1087384, 1418370, 14727, 1500176], [1418370, 1087384, 1264150, 410585, 797690, 1082936, 1500176], [1418370, 1087384, 1264150, 410585, 797690, 1082936, 1500176, 1582579], [907711, 1082927, 1068166, 1582636, 1418414, 668556, 1325936, 1110388, 1511180]]",[8],Challenge2009Respiration500HZ,4 GB,SCAMPI (4 GB),23.387605458030542,22.04635310863054
404,5153051,512,SCAMPI (0.25 GB),15.4223978519,10.635699757,4.389501326,4599.2578125,"[4.3819e-05, 4.3819e-05, 4.3819e-05, 0.0001519644, 0.0002350048, 0.0003200101, 0.0003685997, 0.0004626211, 0.0005219545, 0.0006477822]",0.0069767261,"[None, None, [691642, 737248], [857170, 883742, 1743531], [1203271, 789481, 438752, 570898], [789468, 1203253, 570880, 438736, 737389], [646634, 1203270, 789477, 570891, 737400, 438750], [574162, 438822, 1229227, 487764, 531450, 1225428, 570955], [574154, 438814, 487757, 1229225, 531452, 1225419, 570946, 1736758], [789462, 1203250, 570880, 438736, 737383, 1253504, 1033828, 1225337, 487699]]",[2],house,0.25 GB,SCAMPI (0.25 GB),0.02545156576715861,0.01847483966715861
405,5153051,1024,SCAMPI (0.25 GB),26.1205308437,20.587834236,5.073974888,4599.2578125,"[6.8601997621, 6.8601997621, 6.8601997621, 7.7521928077, 8.2651239669, 21.1759685581, 22.1079542046, 22.5187382475, 23.7317534791, 23.7317534791]",0.0099982121,"[None, None, [3900333, 3242006], [3900333, 3242006, 1656050], [3900333, 3242006, 1656050, 1161432], [3900333, 3242006, 1656050, 1161432, 3651392], [3900333, 3242006, 1656050, 1161432, 3651392, 1668158], [3900333, 3242006, 1656050, 1161432, 3651392, 1668158, 3174067], [3900333, 3242006, 1656050, 1161432, 3651392, 1668158, 3174067, 805165], [3900333, 3242006, 1656050, 1161432, 3651392, 1668158, 3174067, 805165, 3439568]]",[7],house,0.25 GB,SCAMPI (0.25 GB),4.871524759159087,4.8615265470590865
406,5153051,2048,SCAMPI (0.25 GB),14.9153726101,8.907214702,4.083879993,4599.2578125,"[0.003355911, 0.003355911, 0.003355911, 0.020897976800000002, 0.028668042, 0.0598969987, 0.0708508523, 0.0830565855, 0.1284515854, 0.1633397824]",0.1947604159,"[None, None, [1850577, 2117333], [835213, 882653, 1344676], [835221, 882661, 1344684, 1790726], [882667, 835227, 1790734, 1322130, 1742352], [835233, 882673, 1790738, 1322135, 530543, 1394178], [530542, 1322134, 835231, 882671, 1394177, 1742356, 1790738], [530534, 1322126, 835223, 882663, 1742348, 1790730, 1344688, 2025903], [835223, 882663, 1344688, 1322125, 1790730, 530534, 1742348, 2025903, 910788]]",[7],house,0.25 GB,SCAMPI (0.25 GB),0.4041531670047879,0.20939275110478792
407,5153051,4096,SCAMPI (0.25 GB),18.4224374294,7.826727165,8.702406055,4599.2578125,"[0.7900880234000001, 0.7900880234000001, 0.7900880234000001, 2.0257194522, 3.095950588, 7.7375444292, 12.001216867, 17.4240717524, 20.1017094962, 25.3585635197]",0.1965963347,"[None, None, [4068121, 4443454], [4443495, 4068157, 4517650], [4068203, 4443544, 4517694, 4554812], [4068203, 4443544, 4517694, 4554812, 1254170], [4333529, 4167296, 4407324, 4068157, 4517657, 4443495], [1035369, 3981336, 4382455, 2397978, 4566934, 2150553, 3931578], [1180573, 4566939, 3981337, 2150559, 1253987, 3931581, 1035369, 4382455], [1180573, 4566939, 3981337, 2150559, 1253987, 3931581, 1035369, 4382455, 2397978]]",[4],house,0.25 GB,SCAMPI (0.25 GB),5.0357286979840366,4.839132363284037
408,1330816,512,SCAMPI (4 GB),84.325168848,20.901172648,52.989492482,4576.26953125,"[1.6772400000000002e-05, 1.6772400000000002e-05, 1.6772400000000002e-05, 0.0001805504, 0.0033154766, 0.0367193799, 0.07046800040000001, 0.11017676600000001, 0.1531279137, 0.21846346690000001]",0.356449985,"[None, None, [356692, 1059820], [100911, 356692, 1059820], [356692, 1059820, 100909, 463391], [356692, 1059820, 100909, 463391, 531621], [90502, 207928, 271811, 503560, 219784, 1145878], [90488, 207914, 776497, 503546, 271797, 219770, 1145864], [230755, 623340, 512760, 615219, 611711, 619857, 460512, 626814], [626805, 623330, 615209, 619847, 611702, 230745, 460502, 512750, 443514]]",[3],stator_winding,4 GB,SCAMPI (4 GB),0.467400756203924,0.11095077120392399
409,1330816,1024,SCAMPI (4 GB),83.1714804173,18.516308442,52.706974655,4576.26953125,"[0.0274897409, 0.0274897409, 0.0274897409, 0.10249864160000001, 0.1930934897, 0.2172123983, 0.2368409418, 0.3029740642, 0.3478840761, 0.3622297879]",0.4893920573,"[None, None, [89990, 207416], [609139, 606093, 612565], [622909, 619427, 614789, 626384], [512571, 230566, 623148, 615028, 619666], [619668, 623150, 230568, 615030, 512573, 611524], [611369, 626471, 460167, 230413, 622995, 619512, 614875], [255172, 512513, 460261, 230507, 623090, 443274, 619607, 614970], [230495, 512500, 623078, 614957, 611450, 619595, 460249, 255159, 443261]]",[6],stator_winding,4 GB,SCAMPI (4 GB),0.6018552881715006,0.11246323087150056
410,1330816,2048,SCAMPI (4 GB),85.1903860569,15.239192934,56.559047242,4576.26953125,"[0.17200605330000002, 0.17200605330000002, 0.17200605330000002, 0.3674435918, 0.4291602102, 0.5547156539, 0.6229660222, 0.6423423632, 0.8463535072, 0.9332966304]",0.6688074666,"[None, None, [605948, 608995], [507734, 79479, 213747], [507747, 213760, 79492, 64885], [263877, 79367, 213635, 507625, 557139], [79368, 507622, 213634, 263874, 557138, 58156], [213771, 557274, 507758, 79502, 64896, 58291, 264012], [264087, 64970, 213845, 58363, 557348, 507832, 79579, 385260], [264206, 65089, 213966, 58485, 557469, 507950, 231737, 79698, 576673]]",[7],stator_winding,4 GB,SCAMPI (4 GB),0.9660727873198789,0.2972653207198789
411,1330816,4096,SCAMPI (4 GB),94.5612237453,13.413404047,66.452583924,4576.26953125,"[0.5271601452, 0.5271601452, 0.5271601452, 0.8068737596000001, 0.9008265482000001, 1.094166906, 1.3638099589000001, 1.4583854514, 1.6616708866, 2.1541245938]",1.1591608544,"[None, None, [77417, 211685], [212766, 263006, 78497], [213084, 263325, 556588, 57605], [575792, 263322, 556588, 213082, 57606], [574947, 555743, 77969, 262477, 495425, 212238], [556556, 213054, 57572, 263291, 575761, 78780, 438869], [263305, 213065, 575770, 496249, 57587, 556568, 78800, 438883], [78762, 213031, 263269, 496216, 575743, 438848, 57555, 6977, 556537]]",[8],stator_winding,4 GB,SCAMPI (4 GB),1.4676936307690376,0.30853277636903753
412,6375000,512,SCAMPI (1 GB),6.0511040688,5.42600953,0.127269497,4597.46484375,"[0.0, 0.0, 0.0, 0.0, 0.0, 0.0, 0.0, 0.0, 0.0, 0.0]",0.0,"[None, None, [4825795, 4824795], [4825795, 4824795, 4826795], [4825795, 4824795, 4826795, 4827795], [4825795, 4824795, 4826795, 4827795, 4828795], [4825795, 4824795, 4826795, 4827795, 4828795, 4830795], [4825795, 4824795, 4826795, 4827795, 4828795, 4830795, 4831795], [4825795, 4824795, 4826795, 4827795, 4828795, 4830795, 4831795, 4832795], [4825795, 4824795, 4826795, 4827795, 4828795, 4830795, 4831795, 4832795, 4833795]]",[2],CinC_Challenge,1 GB,SCAMPI (1 GB),0.0,0.0
413,6375000,1024,SCAMPI (1 GB),8.2357699871,7.623796159,0.11737887200000001,4597.46484375,"[0.0, 0.0, 0.0, 0.0, 0.0, 0.0, 0.0, 0.0, 0.0, 0.0]",0.0,"[None, None, [4823591, 4824591], [4823591, 4824591, 4825591], [4823591, 4824591, 4825591, 4826591], [4823591, 4824591, 4825591, 4826591, 4827591], [4823591, 4824591, 4825591, 4826591, 4827591, 4828591], [4823591, 4824591, 4825591, 4826591, 4827591, 4828591, 4829591], [4823591, 4824591, 4825591, 4826591, 4827591, 4828591, 4829591, 4830591], [4823591, 4824591, 4825591, 4826591, 4827591, 4828591, 4829591, 4830591, 4831591]]",[2],CinC_Challenge,1 GB,SCAMPI (1 GB),0.0,0.0
414,6375000,2048,SCAMPI (1 GB),8.1166651249,7.225866961,0.363024938,4597.46484375,"[0.0, 0.0, 0.0, 0.0, 0.0, 0.0, 0.0, 0.0, 0.0, 0.0]",0.0,"[None, None, [4824632, 4833632], [4824632, 4833632, 4838632], [4824632, 4833632, 4838632, 4827632], [4824632, 4833632, 4838632, 4827632, 4829632], [4824632, 4833632, 4838632, 4827632, 4829632, 4831632], [4824632, 4833632, 4838632, 4827632, 4829632, 4831632, 4835632], [4824632, 4833632, 4838632, 4827632, 4829632, 4831632, 4835632, 4841632], [4824632, 4833632, 4838632, 4827632, 4829632, 4831632, 4835632, 4841632, 4843632]]",[2],CinC_Challenge,1 GB,SCAMPI (1 GB),0.0,0.0
415,6375000,4096,SCAMPI (1 GB),8.5245218277,7.33223118,0.690187839,4597.46484375,"[0.0, 0.0, 0.0, 0.0, 0.0, 0.0, 0.0, 0.0, 0.0, 0.0]",0.0,"[None, None, [4823239, 4826239], [4823239, 4826239, 4829239], [4823239, 4826239, 4829239, 4832239], [4823239, 4826239, 4829239, 4832239, 4835239], [4823239, 4826239, 4829239, 4832239, 4835239, 4838239], [4823239, 4826239, 4829239, 4832239, 4835239, 4838239, 4841239], [4823239, 4826239, 4829239, 4832239, 4835239, 4838239, 4841239, 4844239], [4823239, 4826239, 4829239, 4832239, 4835239, 4838239, 4841239, 4844239, 4847239]]",[2],CinC_Challenge,1 GB,SCAMPI (1 GB),0.0,0.0
416,2100777,512,SCAMPI (4 GB),2.6452040672,2.21798975,0.208710157,4593.8828125,"[1.2880000000000002e-07, 1.2880000000000002e-07, 1.2880000000000002e-07, 6.408067358e-20, 1.622913815e-19, 7.963493883e-18, 6e-10, 9e-10, 1.3e-09, 1.7000000000000001e-09]",4.0757700000000005e-05,"[None, None, [192066, 584002], [595681, 616681, 1009141], [595681, 616681, 1009141, 1014793], [674461, 595681, 616681, 1009141, 1014793], [674461, 595681, 616681, 1009141, 1014793, 48769], [674461, 595681, 616681, 1009141, 1014793, 48769, 25437], [674461, 595681, 616681, 1009141, 1014793, 48769, 25437, 2011193], [674461, 595681, 616681, 1009141, 1014793, 48769, 25437, 2011193, 37329]]",[2],water,4 GB,SCAMPI (4 GB),4.123105625617661e-05,4.733562561766048e-07
417,2100777,1024,SCAMPI (4 GB),3.8524236679,3.574977684,0.108152334,4593.8828125,"[1.768359881e-19, 1.768359881e-19, 1.768359881e-19, 9.463436596e-18, 1.41e-08, 3.84e-08, 2.164e-07, 2.852e-07, 4.372e-07, 6.642e-07]",0.0008149733000000001,"[None, None, [24901, 53793], [76817, 24901, 53793], [76817, 24901, 53793, 30445], [24901, 53793, 30445, 726069, 76817], [48767, 151639, 221251, 169299, 800991, 204015], [48767, 151639, 221251, 169299, 800991, 204015, 1031307], [48766, 151638, 221250, 169298, 800990, 204014, 1031306, 365102], [48767, 151639, 221251, 169299, 800991, 204015, 1031307, 365103, 411279]]",[2],water,4 GB,SCAMPI (4 GB),0.0008149846624323675,1.1362432367385822e-08
418,2100777,2048,SCAMPI (4 GB),89.0466544628,13.299647205,58.100258282,4593.8828125,"[4.8947707658, 4.8947707658, 4.8947707658, 8.735835302, 11.0510452429, 17.4089322795, 22.3629092859, 24.8366812007, 24.8366812007, 29.2379969747]",0.8860471413000001,"[None, None, [179284, 1629772], [116176, 725149, 29449], [1082210, 116158, 29435, 725136], [116168, 1082214, 29441, 725136, 1509088], [725016, 116035, 392307, 1663976, 851468, 1295343], [1324421, 1577706, 725162, 863299, 1082233, 1635611, 1664126], [1324421, 1577706, 725162, 863299, 1082233, 116188, 1635611, 1664126], [1324421, 1577706, 725162, 863299, 1082233, 116188, 1635611, 1664126, 1509113]]",[8],water,4 GB,SCAMPI (4 GB),5.407217119249051,4.521169977949051
419,2100777,4096,SCAMPI (4 GB),76.0260014534,12.370962283,48.879329644,4593.8828125,"[45.8248732774, 45.8248732774, 45.8248732774, 85.1412401062, 154.289688919, 201.8768877157, 242.1401094126, 322.3822606285, 352.2717742946, 468.013074271]",1.1875448988,"[None, None, [826782, 953705], [1190689, 908557, 850869], [978224, 1784811, 914861, 1254925], [1099226, 1877006, 984167, 857276, 576700], [978224, 1784811, 914861, 1254925, 1260652, 1220067], [1754288, 1299236, 575043, 936345, 786454, 1904127, 1875313], [1587288, 136931, 872799, 309533, 976305, 901438, 705762, 142843], [1587288, 136931, 872799, 309533, 976305, 901438, 705762, 142843, 1258752]]",[8],water,4 GB,SCAMPI (4 GB),21.63360982986889,20.446064931068893
420,8595817,512,SCAMPI (1 GB),7.6194972992,6.633073842,0.223200796,4598.3203125,"[0.0, 0.0, 0.0, 0.0, 0.0, 0.0, 0.0, 0.0, 0.0, 0.0]",0.0,"[None, None, [59446, 928198], [59446, 928198, 410800], [59446, 928198, 410800, 536886], [59446, 928198, 410800, 536886, 596919], [59446, 928198, 410800, 536886, 596919, 663201], [59446, 928198, 410800, 536886, 596919, 663201, 693981], [59446, 928198, 410800, 536886, 596919, 663201, 693981, 696309], [59446, 928198, 410800, 536886, 596919, 663201, 693981, 696309, 725120]]",[2],Bird12-Week3_2018_1_10,1 GB,SCAMPI (1 GB),0.0,0.0
421,8595817,1024,SCAMPI (1 GB),39.4287517071,24.397014203,10.661407089,4598.3203125,"[0.0, 0.0, 0.0, 0.0, 0.0, 23.4106720358, 27.835685253, 31.8498861565, 40.77708162, 53.6457630722]",1.492163582,"[None, None, [536910, 586882], [536910, 586882, 696418], [537005, 586977, 696513, 7458145], [1249012, 398789, 578238, 2281928, 1292800], [1249049, 398831, 578274, 2281964, 1292835, 947162], [947162, 578272, 398823, 8456242, 1249049, 2281961, 1292837], [947162, 578272, 398823, 8456240, 1249049, 2281961, 1292837, 7489451], [398918, 578374, 971171, 1249141, 2282053, 8456337, 947252, 1292926, 5547754]]",[7],Bird12-Week3_2018_1_10,1 GB,SCAMPI (1 GB),7.324326799931854,5.832163217931854
422,8595817,2048,SCAMPI (1 GB),38.9353744984,20.049471477,14.474618787,4598.3203125,"[32.1477580601, 32.1477580601, 32.1477580601, 51.7197610674, 106.1681740893, 158.1663198232, 168.3628295518, 188.8614536111, 212.7234779288, 229.9744821549]",2.1265873026,"[None, None, [398779, 1292795], [7301486, 1932440, 7132586], [398938, 1292941, 578384, 971178], [399041, 578485, 1293034, 392531, 971283], [398796, 1292819, 578257, 2281943, 1989236, 1780224], [398792, 1292797, 578239, 2281928, 1989230, 1780225, 1410939], [398796, 1292819, 578257, 2281943, 1989236, 1780224, 5221262, 1410938], [398909, 1292919, 578362, 971153, 2282046, 1989338, 5221389, 1780317, 1411075]]","[3, 6]",Bird12-Week3_2018_1_10,1 GB,SCAMPI (1 GB),15.164909566327786,13.038322263727785
423,8595817,4096,SCAMPI (1 GB),43.1064324379,19.873237157,18.698480568,4598.3203125,"[128.6127903606, 128.6127903606, 128.6127903606, 213.0988770144, 260.1364727966, 274.564571169, 335.9406662195, 356.5248108417, 456.9634708796, 508.0647188195]",3.1403749749,"[None, None, [231526, 699188], [231595, 699231, 925457], [2199486, 230699, 698338, 192396], [230717, 2199570, 698588, 629707, 192462], [192515, 698554, 629699, 230715, 2199484, 878328], [629658, 878344, 1881623, 192462, 230605, 698656, 2199530], [1040676, 925739, 231880, 699502, 8494342, 630275, 8486587, 1883873], [1040629, 925719, 231950, 699322, 8494296, 630230, 8486597, 1883910, 878967]]",[7],Bird12-Week3_2018_1_10,1 GB,SCAMPI (1 GB),22.54029101008902,19.399916035189023
424,6375000,512,SCAMPI (8 GB),6.1199791431,5.483990739,0.12907975700000002,4597.46484375,"[0.0, 0.0, 0.0, 0.0, 0.0, 0.0, 0.0, 0.0, 0.0, 0.0]",0.0,"[None, None, [4825795, 4824795], [4825795, 4824795, 4826795], [4825795, 4824795, 4826795, 4827795], [4825795, 4824795, 4826795, 4827795, 4828795], [4825795, 4824795, 4826795, 4827795, 4828795, 4830795], [4825795, 4824795, 4826795, 4827795, 4828795, 4830795, 4831795], [4825795, 4824795, 4826795, 4827795, 4828795, 4830795, 4831795, 4832795], [4825795, 4824795, 4826795, 4827795, 4828795, 4830795, 4831795, 4832795, 4833795]]",[2],CinC_Challenge,8 GB,SCAMPI (8 GB),0.0,0.0
425,6375000,1024,SCAMPI (8 GB),8.2688269615,7.656938277,0.116917853,4597.46484375,"[0.0, 0.0, 0.0, 0.0, 0.0, 0.0, 0.0, 0.0, 0.0, 0.0]",0.0,"[None, None, [4823591, 4824591], [4823591, 4824591, 4825591], [4823591, 4824591, 4825591, 4826591], [4823591, 4824591, 4825591, 4826591, 4827591], [4823591, 4824591, 4825591, 4826591, 4827591, 4828591], [4823591, 4824591, 4825591, 4826591, 4827591, 4828591, 4829591], [4823591, 4824591, 4825591, 4826591, 4827591, 4828591, 4829591, 4830591], [4823591, 4824591, 4825591, 4826591, 4827591, 4828591, 4829591, 4830591, 4831591]]",[2],CinC_Challenge,8 GB,SCAMPI (8 GB),0.0,0.0
426,6375000,2048,SCAMPI (8 GB),8.0512042046,7.209444838,0.345659209,4597.46484375,"[0.0, 0.0, 0.0, 0.0, 0.0, 0.0, 0.0, 0.0, 0.0, 0.0]",0.0,"[None, None, [4824632, 4833632], [4824632, 4833632, 4838632], [4824632, 4833632, 4838632, 4827632], [4824632, 4833632, 4838632, 4827632, 4829632], [4824632, 4833632, 4838632, 4827632, 4829632, 4831632], [4824632, 4833632, 4838632, 4827632, 4829632, 4831632, 4835632], [4824632, 4833632, 4838632, 4827632, 4829632, 4831632, 4835632, 4841632], [4824632, 4833632, 4838632, 4827632, 4829632, 4831632, 4835632, 4841632, 4843632]]",[2],CinC_Challenge,8 GB,SCAMPI (8 GB),0.0,0.0
427,6375000,4096,SCAMPI (8 GB),8.6397414207,7.436879009,0.701252824,4597.46484375,"[0.0, 0.0, 0.0, 0.0, 0.0, 0.0, 0.0, 0.0, 0.0, 0.0]",0.0,"[None, None, [4823239, 4826239], [4823239, 4826239, 4829239], [4823239, 4826239, 4829239, 4832239], [4823239, 4826239, 4829239, 4832239, 4835239], [4823239, 4826239, 4829239, 4832239, 4835239, 4838239], [4823239, 4826239, 4829239, 4832239, 4835239, 4838239, 4841239], [4823239, 4826239, 4829239, 4832239, 4835239, 4838239, 4841239, 4844239], [4823239, 4826239, 4829239, 4832239, 4835239, 4838239, 4841239, 4844239, 4847239]]",[2],CinC_Challenge,8 GB,SCAMPI (8 GB),0.0,0.0
428,1439997,512,SCAMPI (0.5 GB),17.2774877548,5.149735648,10.145329491,9968.2578125,"[0.3136491332, 0.3136491332, 0.3136491332, 1.0087573543, 1.7660262212, 2.6929196416, 4.1599347053, 5.2768611169, 6.9462728212, 8.1786083088]",0.368962816,"[None, None, [779915, 812269], [778804, 780064, 775430], [775440, 780076, 778813, 3230], [775440, 780076, 778813, 3230, 531167], [780031, 3189, 775406, 531133, 778781, 1180090], [775379, 778755, 691281, 531099, 779997, 686409, 802366], [780072, 778816, 531167, 775432, 3217, 1180123, 314212, 215204], [780031, 3189, 775406, 531133, 778781, 1180090, 215144, 314175, 269151]]",[2],EOG_one_hour_400_Hz,0.5 GB,SCAMPI (0.5 GB),2.8598266221573643,2.490863806157364
429,1439997,1024,SCAMPI (0.5 GB),19.2534432411,3.39859744,13.414235733,9968.2578125,"[10.441903839, 10.441903839, 10.441903839, 20.1521408304, 34.8477381137, 61.6458416905, 72.7773390129, 125.2417147954, 137.381045495, 195.6002164177]",0.5791498176000001,"[None, None, [239118, 1324514], [1180079, 780013, 775389], [625373, 775052, 268812, 346469], [722358, 1180529, 1170494, 11054, 806321], [1180494, 722332, 809441, 806297, 11003, 953429], [223228, 497413, 1179966, 1295587, 1324573, 974651, 239185], [223094, 348232, 310488, 497335, 675327, 672992, 286406, 1179890], [675256, 223099, 310431, 751880, 507557, 1324484, 286408, 1070750, 1369356]]","[6, 8]",EOG_one_hour_400_Hz,0.5 GB,SCAMPI (0.5 GB),13.985714726738138,13.406564909138138
430,1439997,2048,SCAMPI (0.5 GB),41.2414853573,3.142762897,35.542853876,9968.2578125,"[74.6421974366, 74.6421974366, 74.6421974366, 206.3601541657, 432.2808087381, 555.8461936097, 573.0029156965, 1142.6939714855, 1336.6952350088, 1440.0518783175]",0.6860641216000001,"[None, None, [507203, 1263636], [686304, 860410, 1369239], [700332, 497207, 1324401, 1295337], [699891, 496746, 1323946, 1119528, 222563], [699891, 496746, 1323946, 1119528, 222563, 182959], [832820, 953004, 309592, 1069720, 1015598, 616364, 191582], [536332, 1067586, 161273, 309591, 767960, 1015597, 832818, 1069719], [832820, 953004, 309592, 1069720, 1015598, 616364, 191582, 697079, 767962]]",[6],EOG_one_hour_400_Hz,0.5 GB,SCAMPI (0.5 GB),37.948015472716094,37.261951351116096
431,1439997,4096,SCAMPI (0.5 GB),50.3473947048,3.370875224,44.67136181,9968.2578125,"[330.4565337051, 330.4565337051, 330.4565337051, 590.3132857273, 1121.3501510306, 2492.2084887896, 3090.7918358581, 3178.9723729153, 4223.0024048182, 4446.5314301376]",1.252126231,"[None, None, [237780, 1323153], [220739, 236765, 1322126], [1117448, 180856, 1321866, 607483], [119547, 211806, 180483, 1283249, 669889], [496409, 268037, 611737, 1119127, 78409, 720856], [1120073, 269025, 1286296, 239125, 917177, 127578, 34047], [1210616, 239078, 612645, 79318, 920622, 959763, 672921, 787887], [1210615, 348142, 239078, 612645, 79318, 920622, 959763, 672921, 787887]]","[4, 7]",EOG_one_hour_400_Hz,0.5 GB,SCAMPI (0.5 GB),66.68231722231614,65.43019099131614
432,449919,512,SCAMPI (4 GB),1.079791069,1.008612988,0.032721352,4570.8515625,"[1.5728995460000002e-17, 1.5728995460000002e-17, 1.5728995460000002e-17, 6.979154263e-16, 0.0, 0.0, 0.0, 0.0, 0.0, 0.0]",5.777e-07,"[None, None, [245556, 258530], [245556, 258530, 249108], [236356, 248267, 238486, 244734], [245556, 258530, 249108, 248258, 236347], [245556, 258530, 249108, 248258, 236347, 238477], [236347, 248258, 238477, 244725, 249108, 258530, 245556], [236345, 248256, 238475, 244723, 249106, 258528, 245554, 241791], [236345, 248256, 238475, 244723, 249106, 258528, 245554, 241791, 259512]]",[2],swtAttack38,4 GB,SCAMPI (4 GB),0.0,-5.777e-07
433,449919,1024,SCAMPI (4 GB),132.2918171883,31.020281338,92.201377074,4570.8515625,"[0.7460488454, 0.7460488454, 0.7460488454, 0.8544665024, 1.1124659504, 1.4765983111, 1.8925798658, 2.051201857, 2.2279156862, 2.5037536268]",0.7590180086,"[None, None, [353836, 401454], [294251, 401671, 412283], [412292, 401685, 294266, 391088], [412070, 401468, 353842, 294040, 390866], [412217, 401607, 294184, 391010, 289861, 151422], [412084, 401478, 294056, 353858, 390880, 339961, 344293], [401464, 353848, 412073, 390868, 294046, 339949, 289718, 151281], [313190, 437407, 226402, 222047, 428099, 369796, 207951, 326153, 422805]]",[3],swtAttack38,4 GB,SCAMPI (4 GB),1.582325385879908,0.823307377279908
434,449919,2048,SCAMPI (4 GB),155.7084813118,29.241278317,111.562333218,4570.8515625,"[0.9054740130000001, 0.9054740130000001, 0.9054740130000001, 1.6764203064, 2.0409268369, 2.8540884711, 4.2331283248, 5.4082778321, 6.0724315282, 6.922031001]",1.144673942,"[None, None, [390546, 401145], [353403, 401035, 390435], [401220, 390623, 293800, 353588], [401205, 390607, 353572, 293784, 289448], [289433, 411781, 401194, 390586, 353553, 293766], [170925, 311350, 319980, 307008, 224571, 220204, 166699], [171040, 307129, 320086, 311473, 324465, 220318, 166806, 224690], [171064, 307155, 320101, 311490, 324480, 224709, 220347, 166834, 121763]]",[4],swtAttack38,4 GB,SCAMPI (4 GB),2.630975294638853,1.486301352638853
435,449919,4096,SCAMPI (4 GB),168.4843528271,30.159287779,121.956220953,4570.8515625,"[3.2640418197, 3.2640418197, 3.2640418197, 12.1584722709, 15.1034793583, 16.3024115683, 17.3286799305, 20.4330430812, 22.1004723132, 23.3685528051]",1.9050454051,"[None, None, [311253, 319873], [47858, 43507, 52207], [52112, 43407, 47818, 56519], [60924, 47849, 43484, 52211, 56610], [56556, 47845, 43470, 52148, 60902, 65224], [56598, 47869, 43491, 52189, 60933, 65246, 82376], [65321, 43536, 52262, 47883, 56650, 60976, 69672, 95274], [65284, 43505, 52214, 47844, 60946, 56617, 82370, 95263, 69663]]",[6],swtAttack38,4 GB,SCAMPI (4 GB),4.834103102448271,2.929057697348271
436,440001,512,SCAMPI (0.25 GB),14.9525847435,3.9825484110000002,9.960288114,17175.734375,"[4e-10, 4e-10, 4e-10, 0.18025940940000001, 0.2846429831, 0.48175502330000003, 0.6180962833, 0.7981133618, 0.8558880835, 0.9798905242]",0.7929740670000001,"[None, None, [3257, 46009], [148973, 346305, 347411], [184647, 208924, 261122, 364190], [345563, 182103, 344838, 272162, 184297], [261122, 208924, 184647, 186736, 364190, 263543], [200018, 262890, 177708, 193474, 208618, 181772, 179932], [181748, 179908, 177683, 241697, 262866, 199994, 193450, 208594], [200014, 262886, 177704, 193470, 208614, 157700, 181768, 179928, 99244]]",[8],Challenge2009TestSetA_101a,0.25 GB,SCAMPI (0.25 GB),0.9898941984878991,0.196920131487899
437,440001,1024,SCAMPI (0.25 GB),13.5321857929,3.987599287,8.522176138,17175.734375,"[2.6057079368, 2.6057079368, 2.6057079368, 5.9557208119, 9.5802109231, 12.331124327, 21.4904711318, 26.0903783961, 40.3548029731, 57.6800397648]",1.1936425721,"[None, None, [353592, 354430], [436631, 421336, 435785], [417223, 419657, 354845, 411603], [354833, 418025, 419646, 417209, 411589], [353997, 354834, 418027, 411590, 417211, 419646], [354833, 418025, 419646, 417209, 353995, 411589, 358046], [354860, 418053, 417238, 419673, 354023, 411618, 438350, 425078], [416838, 354462, 350711, 415982, 353621, 352771, 438788, 425509, 437525]]",[7],Challenge2009TestSetA_101a,0.25 GB,SCAMPI (0.25 GB),7.594737636337413,6.401095064237413
438,440001,2048,SCAMPI (0.25 GB),13.7018129826,3.928516924,8.724120299,17175.734375,"[32.5823680057, 32.5823680057, 32.5823680057, 74.3331254914, 116.5767096836, 187.0088649376, 254.8361462522, 398.9744774381, 444.2512139471, 683.5518194191]",1.6712892087,"[None, None, [353000, 416212], [415918, 352706, 437032], [192695, 344828, 346310, 180996], [418826, 432341, 417205, 427458, 351089], [192785, 344549, 207187, 365021, 179241, 140912], [417204, 422579, 425045, 354404, 356817, 426651, 418407], [175525, 181087, 179246, 365014, 346400, 194946, 347876, 190148], [180743, 194971, 207216, 189063, 347534, 158114, 344951, 98951, 192825]]","[6, 8]",Challenge2009TestSetA_101a,0.25 GB,SCAMPI (0.25 GB),26.144823950814814,24.473534742114815
439,440001,4096,SCAMPI (0.25 GB),13.4650948048,2.888242428,9.509125754,17175.734375,"[201.8406556975, 201.8406556975, 201.8406556975, 514.4941760441, 1097.0140618988, 1957.0697864662, 2181.7498562598, 2750.8924159637, 3400.6281786547, 4019.7999220922]",2.1639387521,"[None, None, [353744, 424381], [424110, 353880, 416676], [420676, 352914, 416127, 423143], [175161, 179985, 345284, 141279, 188291], [179497, 344813, 12431, 133721, 206318, 172119], [179497, 344813, 12431, 133721, 206318, 172119, 193002], [346461, 179666, 344229, 206881, 188348, 362490, 186131, 174095], [346461, 179666, 344229, 206881, 188348, 362490, 186131, 174095, 134999]]",[6],Challenge2009TestSetA_101a,0.25 GB,SCAMPI (0.25 GB),63.401892101830846,61.237953349730844
440,449919,512,SCAMPI (0.5 GB),1.0978751183,1.020044082,0.033779006,17486.234375,"[1.5728995460000002e-17, 1.5728995460000002e-17, 1.5728995460000002e-17, 6.979154263e-16, 0.0, 0.0, 0.0, 0.0, 0.0, 0.0]",5.777e-07,"[None, None, [245556, 258530], [245556, 258530, 249108], [236356, 248267, 238486, 244734], [245556, 258530, 249108, 248258, 236347], [245556, 258530, 249108, 248258, 236347, 238477], [236347, 248258, 238477, 244725, 249108, 258530, 245556], [236345, 248256, 238475, 244723, 249106, 258528, 245554, 241791], [236345, 248256, 238475, 244723, 249106, 258528, 245554, 241791, 259512]]",[2],swtAttack38,0.5 GB,SCAMPI (0.5 GB),0.0,-5.777e-07
441,449919,1024,SCAMPI (0.5 GB),22.6549091339,4.507153333,16.651935322,17486.234375,"[0.7460488454, 0.7460488454, 0.7460488454, 0.856634593, 1.1124659504, 1.4929706566, 1.9004718053, 2.0598318192, 2.2147268124, 2.5898379403]",0.5756311072,"[None, None, [353836, 401454], [412280, 401670, 294248], [401683, 412292, 391088, 294267], [401459, 353840, 412072, 390867, 294043], [401606, 412221, 294187, 391006, 289861, 151421], [353862, 401478, 344293, 412085, 390877, 339961, 294055], [390872, 401473, 353850, 294047, 289717, 412072, 339951, 151281], [226373, 308838, 437383, 313159, 222017, 369772, 422779, 207931, 326119]]",[8],swtAttack38,0.5 GB,SCAMPI (0.5 GB),1.6092973436565412,1.0336662364565412
442,449919,2048,SCAMPI (0.5 GB),22.8618936539,4.141322502,16.82140763,17449.453125,"[0.9054740130000001, 0.9054740130000001, 0.9054740130000001, 1.6776304175, 2.0409268369, 2.8588541891, 4.2788267038, 5.4076084037, 6.0837635496, 7.0507604975]",0.7556344323,"[None, None, [390546, 401145], [353401, 401031, 390433], [293800, 401225, 390624, 353588], [401204, 390605, 353572, 293783, 289448], [353554, 390587, 401197, 293762, 289430, 411779], [166696, 307033, 311362, 220209, 224578, 319976, 170929], [311469, 307126, 220321, 171041, 324467, 166802, 224678, 320064], [171028, 320076, 311458, 307125, 324457, 166803, 220312, 224680, 121741]]",[4],swtAttack38,0.5 GB,SCAMPI (0.5 GB),2.6553268155728023,1.8996923832728023
443,449919,4096,SCAMPI (0.5 GB),25.3494904041,5.007205777,17.999020973,17449.453125,"[3.2640418197, 3.2640418197, 3.2640418197, 12.2257581423, 15.0621698272, 16.3555425911, 17.3983185003, 20.4725171397, 22.2212202773, 23.430230572]",1.3114051939,"[None, None, [311253, 319873], [43478, 52213, 47864], [43411, 52116, 47821, 56524], [47882, 43503, 52216, 56617, 60931], [60906, 47841, 43476, 65228, 52195, 56559], [43459, 52213, 47859, 56574, 65249, 60911, 82379], [95282, 43534, 52266, 69676, 47888, 56642, 65334, 60973], [95247, 47881, 43552, 69666, 52226, 60971, 56640, 82373, 65294]]",[6],swtAttack38,0.5 GB,SCAMPI (0.5 GB),4.840478341238601,3.5290731473386012
444,8595817,512,SCAMPI (8 GB),7.4748282433,6.50184735,0.214755888,4602.75,"[0.0, 0.0, 0.0, 0.0, 0.0, 0.0, 0.0, 0.0, 0.0, 0.0]",0.0,"[None, None, [59446, 928198], [59446, 928198, 410800], [59446, 928198, 410800, 536886], [59446, 928198, 410800, 536886, 596919], [59446, 928198, 410800, 536886, 596919, 663201], [59446, 928198, 410800, 536886, 596919, 663201, 693981], [59446, 928198, 410800, 536886, 596919, 663201, 693981, 696309], [59446, 928198, 410800, 536886, 596919, 663201, 693981, 696309, 725120]]",[2],Bird12-Week3_2018_1_10,8 GB,SCAMPI (8 GB),0.0,0.0
445,8595817,1024,SCAMPI (8 GB),111.9146142006,40.166404884,52.052844494,9539.2734375,"[0.0, 0.0, 0.0, 0.0, 0.0, 23.1101831499, 25.4482097565, 30.4314500738, 40.6013095546, 51.1563827164]",2.6181185193,"[None, None, [536910, 586882], [536910, 586882, 696418], [537005, 586977, 696513, 7458145], [947131, 578237, 398787, 1249010, 2281929], [1249003, 398779, 578231, 1292789, 2281920, 947120], [947193, 578303, 398853, 1249075, 8456272, 1292865, 2281993], [2281979, 398838, 1292853, 1249065, 7489466, 578285, 8456255, 947174], [398902, 578350, 1249123, 971158, 2282039, 8456318, 947241, 1292913, 5547738]]",[6],Bird12-Week3_2018_1_10,8 GB,SCAMPI (8 GB),7.152369028259098,4.534250508959099
446,8595817,2048,SCAMPI (8 GB),126.4608812332,34.879267584,66.681243285,9421.1640625,"[31.9693956978, 31.9693956978, 31.9693956978, 47.9822042484, 94.955592432, 130.2187493875, 156.123142873, 171.7149398968, 191.4710862342, 214.535620507]",3.9206536814,"[None, None, [398792, 1292807], [7301492, 7132595, 1932448], [578498, 392545, 399050, 971304], [399020, 1293038, 578475, 392513, 971268], [398762, 1292783, 578209, 2281915, 1989202, 1780177], [398787, 1292800, 578227, 2281928, 5221258, 1780181, 1989200], [543977, 6968138, 1291347, 5219778, 1414477, 1025138, 437897, 7794521], [398874, 1292886, 578323, 971121, 2281998, 1989305, 5221355, 1780293, 1411022]]",[3],Bird12-Week3_2018_1_10,8 GB,SCAMPI (8 GB),14.647034529453395,10.726380848053395
447,8595817,4096,SCAMPI (8 GB),135.8359606266,34.072859841,78.073566638,9468.1640625,"[127.6646124689, 127.6646124689, 127.6646124689, 212.3895208085, 258.144951628, 274.4369139301, 331.858084539, 351.2725630755, 441.7006840117, 489.7950118515]",5.6199058246,"[None, None, [231544, 699181], [231604, 699230, 925453], [2199493, 230643, 698360, 192389], [2199544, 230640, 698550, 192422, 629642], [192554, 698568, 629805, 2199585, 878456, 230758], [629576, 1881550, 878318, 192402, 230629, 698536, 2199431], [8494250, 231966, 699196, 925598, 1040553, 630163, 8486563, 1883894], [8494343, 232069, 925736, 699542, 630321, 1040704, 8486661, 1883911, 879021]]",[7],Bird12-Week3_2018_1_10,8 GB,SCAMPI (8 GB),22.13131292651884,16.51140710191884
448,180000,512,SCAMPI (4 GB),225.6968085766,50.305968846,160.24199936,4429.1875,"[16.8070363087, 16.8070363087, 16.8070363087, 23.6441591173, 32.8604366938, 50.5782075612, 60.1282498297, 89.1695201798, 122.0612794693, 130.9503645923]",2.6997022907,"[None, None, [145577, 160799], [83652, 62987, 964], [62938, 915, 83602, 107030], [898, 62922, 107014, 83585, 33097], [165348, 29675, 27675, 139798, 114440, 22721], [165379, 29706, 27706, 114471, 139826, 22750, 160604], [29599, 165272, 27599, 22648, 9630, 166344, 33329, 160499], [139547, 26393, 165100, 113496, 155606, 115478, 72229, 70129, 166168]]",[6],EOG_one_hour_50_Hz,4 GB,SCAMPI (4 GB),11.443354603974308,8.743652313274309
449,180000,1024,SCAMPI (4 GB),215.719301939,49.786349861,150.950847137,4495.50390625,"[71.897098935, 71.897098935, 71.897098935, 137.284042331, 255.0912906622, 353.7979701158, 410.1811580541, 637.1790636254, 819.8779992207, 1122.0462616029]",3.9849349756,"[None, None, [62488, 83153], [83316, 629, 62653], [83215, 62546, 525, 103304], [62586, 83250, 562, 157132, 167364], [83197, 62531, 40226, 36745, 30626, 157085], [65479, 94267, 21252, 30507, 74668, 83092, 25829], [155204, 139143, 32755, 94295, 21279, 144535, 71843, 47897], [144663, 4551, 78568, 23178, 94266, 32731, 102910, 149381, 156419]]",[6],EOG_one_hour_50_Hz,4 GB,SCAMPI (4 GB),33.496958990375525,29.512024014775527
450,180000,2048,SCAMPI (4 GB),219.1979556084,46.965833784,157.051392842,4620.35546875,"[375.0888927048, 375.0888927048, 375.0888927048, 640.6373122451, 928.973003301, 1658.8783037737, 2067.3150073405, 2280.9917899636, 2280.9917899636, 2584.8092085578]",5.6017860048,"[None, None, [157739, 167974], [1245, 157821, 63268], [8123, 25061, 20348, 143765], [1245, 157821, 63268, 168055, 97821], [20394, 25106, 143803, 31862, 128840, 82228], [134718, 156784, 84563, 21875, 167020, 8851, 61094], [134718, 156784, 84563, 21875, 167020, 8851, 61094, 25796], [134718, 156784, 84563, 21875, 167020, 8851, 61094, 25796, 150044]]","[4, 8]",EOG_one_hour_50_Hz,4 GB,SCAMPI (4 GB),50.84101895672234,45.23923295192234
451,180000,4096,SCAMPI (4 GB),234.7920057774,50.462758524,169.293849922,4891.2109375,"[1409.4634657919, 1409.4634657919, 1409.4634657919, 2421.5213816711, 3630.7327693728, 4837.2153642059, 6334.3524063852, 6334.3524063852, 7747.3060668887, 7747.3060668887]",9.057697107,"[None, None, [59433, 80097], [18180, 141585, 22894], [9669, 26599, 66111, 114394], [9669, 26599, 66111, 114394, 157604], [133167, 26338, 4776, 77196, 157336, 79294], [133167, 26338, 4776, 77196, 157336, 79294, 172761], [133167, 26338, 4776, 77196, 157336, 79294, 172761, 84971], [133167, 26338, 4776, 77196, 157336, 79294, 172761, 84971, 57787]]",[7],EOG_one_hour_50_Hz,4 GB,SCAMPI (4 GB),88.01878246652075,78.96108535952075
452,440001,512,SCAMPI (4 GB),118.9376893044,33.88898857,76.897099524,4563.69921875,"[4e-10, 4e-10, 4e-10, 0.18025940940000001, 0.2846429831, 0.48175502330000003, 0.6180962833, 0.7981133618, 0.9476154215, 0.9798905242]",0.6872441914,"[None, None, [3257, 46009], [148973, 346305, 347411], [184647, 208924, 261122, 364190], [345563, 182103, 344838, 272162, 184297], [261122, 208924, 184647, 186736, 364190, 263543], [200011, 262883, 177701, 193467, 208611, 181765, 179925], [199976, 241679, 177666, 193432, 208576, 157662, 181730, 179890], [200002, 262874, 177692, 193458, 208602, 157688, 181756, 179916, 99232]]",[2],Challenge2009TestSetA_101a,4 GB,SCAMPI (4 GB),0.9898941984878991,0.302650007087899
453,440001,1024,SCAMPI (4 GB),144.6957542896,32.455197919,99.769075727,4563.69921875,"[2.6057079368, 2.6057079368, 2.6057079368, 5.9556068911, 9.414848733, 11.1502696181, 18.804072187, 21.6528774069, 24.461764038, 34.0627199922]",2.1093135863,"[None, None, [353592, 354430], [421334, 435783, 436629], [437471, 354409, 358038, 353570], [354843, 418036, 417221, 419656, 411600], [419669, 417234, 354857, 411613, 352335, 418049], [419671, 417236, 354859, 411616, 352337, 418051, 438350], [419665, 417230, 411610, 354853, 352331, 418045, 355652, 438344], [419646, 417211, 411591, 354833, 418026, 438325, 353999, 358045, 437481]]",[8],Challenge2009TestSetA_101a,4 GB,SCAMPI (4 GB),5.836327611794938,3.727014025494938
454,440001,2048,SCAMPI (4 GB),154.5672492981,33.082335503,107.771301275,4564.69921875,"[32.2209170673, 32.2209170673, 32.2209170673, 69.5788289085, 102.1885364366, 146.8924338311, 174.407278039, 223.6846587393, 233.1129695646, 383.0224837634]",3.2570705975,"[None, None, [352985, 416197], [415940, 352727, 437055], [417416, 351298, 422788, 427668], [351245, 422733, 354564, 427609, 417360], [417241, 427088, 351124, 424678, 418863, 422618], [418879, 427104, 356872, 425103, 422632, 417665, 354466], [417241, 427088, 351124, 424678, 418863, 422618, 356856, 431963], [432025, 423085, 416893, 351185, 424330, 356912, 421861, 427152, 418927]]",[8],Challenge2009TestSetA_101a,4 GB,SCAMPI (4 GB),19.570960215671587,16.313889618171586
455,440001,4096,SCAMPI (4 GB),157.2285215855,31.13230187,111.729484342,4624.35546875,"[201.6495848566, 201.6495848566, 201.6495848566, 487.4176300479, 848.8252291895, 1377.0896048353, 1954.3226563792, 2317.0252102019, 3329.0444985787, 3521.652218237]",4.2012347782,"[None, None, [353703, 424339], [424107, 353878, 416676], [420319, 352567, 430491, 415761], [344210, 346435, 188704, 179279, 206844], [419901, 430484, 415350, 435618, 351321, 422386], [346754, 179587, 344167, 174789, 140906, 12545, 191658], [192693, 172174, 275354, 128306, 342644, 185638, 347423, 175822], [179569, 344517, 346736, 134152, 131966, 206020, 173285, 193061, 363113]]",[7],Challenge2009TestSetA_101a,4 GB,SCAMPI (4 GB),59.34351032958027,55.142275551380266
456,1439997,512,SCAMPI (1 GB),28.6601727009,7.637353539,17.295962209,9968.2578125,"[0.3136491332, 0.3136491332, 0.3136491332, 1.0087573543, 1.7660262212, 2.6929196416, 3.4074067778, 5.2768611169, 6.9462728212, 7.8933978696]",0.42920164310000003,"[None, None, [779915, 812269], [778804, 780064, 775430], [775440, 780076, 778813, 3230], [775440, 780076, 778813, 3230, 531167], [691284, 775382, 531109, 780010, 778761, 3168], [775379, 778755, 691281, 531099, 779997, 686409, 802366], [780072, 778816, 531167, 775432, 3217, 1180123, 314212, 215204], [780039, 3193, 778790, 531128, 215150, 775421, 1180080, 314185, 565041]]",[6],EOG_one_hour_400_Hz,1 GB,SCAMPI (1 GB),2.8095191527377064,2.3803175096377065
457,1439997,1024,SCAMPI (1 GB),28.419914484,5.572622878,18.935860545,9968.2578125,"[10.441903839, 10.441903839, 10.441903839, 20.1521408304, 36.8464392544, 55.9432432329, 72.7773390129, 113.8549940148, 137.381045495, 188.7585738212]",0.6549264292,"[None, None, [239118, 1324514], [1180079, 780013, 775389], [722295, 801481, 464937, 775715], [464949, 722311, 801483, 1180448, 775764], [1180494, 722332, 809441, 806297, 11003, 953429], [239155, 273184, 675324, 974533, 1280840, 348244, 860531], [223094, 348232, 310488, 497335, 675327, 672992, 286406, 1179890], [531003, 806819, 612705, 1295430, 286495, 812181, 346694, 1057381, 532372]]","[6, 8]",EOG_one_hour_400_Hz,1 GB,SCAMPI (1 GB),13.738943693792475,13.084017264592475
458,1439997,2048,SCAMPI (1 GB),57.8020205498,5.398651377,48.20936455,9968.2578125,"[74.6421974366, 74.6421974366, 74.6421974366, 143.6710924541, 267.9077629951, 614.1636797915, 966.4244645875, 1042.0572940681, 1336.6952350088, 1440.0518783175]",0.9019045194,"[None, None, [507203, 1263636], [1322698, 237326, 608323], [1324570, 239204, 497383, 223145], [183363, 497180, 917135, 1119935, 222967], [334354, 579870, 563081, 271400, 368672, 611019], [671989, 985144, 832661, 1344869, 721785, 468080, 464406], [536332, 1067586, 161273, 309591, 767960, 1015597, 832818, 1069719], [832820, 953004, 309592, 1069720, 1015598, 616364, 191582, 697079, 767962]]","[4, 7]",EOG_one_hour_400_Hz,1 GB,SCAMPI (1 GB),37.948015472716094,37.046110953316095
459,1439997,4096,SCAMPI (1 GB),67.3343102932,5.17730502,58.219145334,9968.2578125,"[326.5675993367, 326.5675993367, 326.5675993367, 554.3884456714, 1121.3501510306, 2931.2950005672, 3090.7918358581, 4340.5144970664, 5195.2872524952, 6047.4668421141]",1.4380314356,"[None, None, [236996, 1322369], [1322984, 237608, 221607], [1117448, 180856, 1321866, 607483], [496409, 268037, 611737, 1119127, 78409], [496409, 268037, 611737, 1119127, 78409, 720856], [960091, 638931, 468265, 1236674, 1188412, 621081, 832909], [960091, 638931, 468265, 464691, 1236674, 1188412, 621081, 832909], [1259629, 668577, 613953, 675526, 757929, 856068, 997445, 1041462, 862375]]","[4, 6]",EOG_one_hour_400_Hz,1 GB,SCAMPI (1 GB),77.76546047001908,76.32742903441908
460,7583000,512,SCAMPI (2 GB),50.8088479042,29.244771342,15.354764374,4598.46484375,"[1.6793944965, 1.6793944965, 1.6793944965, 1.9581173713, 2.7370468362, 5.8752644279, 7.9392003415, 8.8565676793, 16.9872216109, 19.6379775348]",1.7239598824,"[None, None, [5801858, 5882495], [5909349, 5563046, 5935973], [5882496, 5801859, 5771477, 5862529], [5563042, 5909345, 5935969, 5706433, 5539240], [5909343, 5563040, 5935967, 5539238, 5706431, 5647795], [5706434, 5563043, 5539241, 5935970, 6152591, 5909346, 5737681], [5770965, 5862017, 5839277, 5994940, 5801346, 5542597, 5563037, 5554891], [5770965, 5862017, 5839277, 5994940, 5801346, 5542597, 5563037, 5554891, 5684613]]","[4, 7]",Lab_K_060314,2 GB,SCAMPI (2 GB),4.431475773915502,2.707515891515502
461,7583000,1024,SCAMPI (2 GB),49.7352364063,29.024639596,14.817996471,4598.46484375,"[4.9251685145, 4.9251685145, 4.9251685145, 5.9022795386, 9.7575458047, 17.5921902081, 24.923504689, 38.2187528969, 51.4285866525, 94.8869763779]",2.5690716633,"[None, None, [5562535, 5908838], [5908837, 5562534, 5935461], [5838771, 5994434, 5770459, 5861511], [6152079, 5935458, 5562531, 5705922, 5737169], [5647283, 5705919, 5562528, 5908831, 5935455, 6152076], [7098969, 6835907, 6799901, 7338053, 6696051, 6964010, 7111315], [6964036, 6998227, 7098991, 6835928, 6799920, 7338074, 7111342, 6696083], [7338031, 7098948, 6696027, 6963990, 7111293, 6835874, 6799868, 6998185, 2825723]]","[3, 8]",Lab_K_060314,2 GB,SCAMPI (2 GB),9.74099462980552,7.17192296650552
462,7583000,2048,SCAMPI (2 GB),52.9930877686,29.191031514,17.300390122,4598.46484375,"[15.4698666499, 15.4698666499, 15.4698666499, 19.2139425971, 35.5316516116, 52.3681767473, 62.6890039718, 66.7264292106, 89.1663692001, 130.1832891957]",3.3778882732,"[None, None, [5561511, 5907814], [5561510, 5907813, 5934437], [5993409, 5837746, 5769434, 5860486], [7337726, 6835587, 6799578, 7098645, 6963689], [6799537, 6835550, 6963653, 7098602, 6695689, 7337693], [6799561, 6835576, 6963678, 7098630, 6695716, 7337719, 6997866], [6835355, 6963465, 6799352, 7098411, 6695498, 7337498, 6997646, 7110764], [6835512, 6799499, 6963625, 7098575, 7337653, 6997813, 6695663, 7110929, 3019940]]","[3, 7]",Lab_K_060314,2 GB,SCAMPI (2 GB),11.409789182789488,8.031900909589488
463,7583000,4096,SCAMPI (2 GB),49.5080628395,19.566625664,22.603245229,4598.46484375,"[63.3244244629, 63.3244244629, 63.3244244629, 89.8514647689, 92.5306967517, 96.9198524466, 102.6017203129, 140.8927747356, 157.7012931024, 269.4600046158]",3.9976249838,"[None, None, [6962758, 6996949], [6996751, 6962565, 7097517], [6996441, 6962251, 7097208, 6834141], [7097206, 6962256, 6834142, 6798141, 6996440], [6798165, 6834176, 7097235, 6962286, 6996472, 6694322], [7337438, 7098349, 6963408, 6997581, 7110700, 6835291, 6799273], [6963185, 6997375, 7098144, 6799070, 6835077, 6695227, 7337225, 7110491], [6798454, 7097519, 6834468, 6996772, 6962584, 7109885, 6694597, 7336617, 3018897]]",[8],Lab_K_060314,2 GB,SCAMPI (2 GB),16.41523696496033,12.417611981160329
464,2102701,512,SCAMPI (0.5 GB),3.1843013763,2.588688256,0.375991181,4598.2578125,"[8.00025e-05, 8.00025e-05, 8.00025e-05, 0.0001460594, 0.0002357628, 0.0002894838, 0.0003971316, 0.00042224490000000004, 0.000469712, 0.0004977045]",0.0074098734,"[None, None, [995371, 1508491], [265281, 1103241, 969321], [265271, 969311, 616571, 1103231], [265175, 616475, 530075, 924515, 177395], [704295, 361695, 969255, 177435, 265215, 1103175], [704255, 361655, 969215, 177395, 265175, 1103135, 530075], [969273, 265233, 177453, 704313, 616533, 361713, 1103193, 1797213], [265173, 616473, 530073, 924513, 177393, 969213, 1103133, 704253, 361653]]",[2],SpainishEnergyDataset,0.5 GB,SCAMPI (0.5 GB),0.022309291786159417,0.014899418386159418
465,2102701,1024,SCAMPI (0.5 GB),4.4702756405,3.6343570290000002,0.564345968,4598.2578125,"[0.0005823949000000001, 0.0005823949000000001, 0.0005823949000000001, 0.0008515593, 0.0015124638, 0.0017728659, 0.0021371129, 0.0024588435000000002, 0.0024797545, 0.0028665967]",0.0473120422,"[None, None, [264906, 968946], [703987, 264907, 968947], [184390, 264970, 924310, 969010], [616239, 968979, 264939, 177159, 704019], [881047, 264907, 177127, 1012147, 703987, 968947], [177159, 1012179, 881079, 264939, 616239, 704019, 968979], [184400, 264980, 924320, 969020, 616280, 177200, 881120, 704060], [177200, 1012220, 264980, 881120, 616280, 704060, 184400, 969020, 924320]]",[8],SpainishEnergyDataset,0.5 GB,SCAMPI (0.5 GB),0.053540607953216225,0.006228565753216224
466,2102701,2048,SCAMPI (0.5 GB),8.5384805202,5.34384586,2.677757367,4598.2578125,"[0.0027693347000000003, 0.0027693347000000003, 0.0027693347000000003, 0.0053196071, 0.0061532643, 0.0101170203, 0.010952132600000001, 0.013592799000000001, 0.014770766400000001, 0.0172921306]",0.1295637178,"[None, None, [573864, 791244], [615570, 791190, 835770], [573834, 791214, 835794, 615594], [923427, 968127, 1011327, 264087, 528987], [923400, 968100, 703140, 1011300, 264060, 528960], [264085, 528985, 968125, 923425, 1011325, 747805, 703165], [264085, 528985, 968125, 923425, 1011325, 747805, 703165, 1663645], [747815, 1011335, 528995, 264095, 923435, 703175, 176315, 968135, 835595]]","[4, 8]",SpainishEnergyDataset,0.5 GB,SCAMPI (0.5 GB),0.13149954600682087,0.0019358282068208665
467,2102701,4096,SCAMPI (0.5 GB),11.59395504,4.960048194,5.082099952,4598.2578125,"[0.022275671400000002, 0.022275671400000002, 0.022275671400000002, 0.0313014935, 0.0505489526, 0.056418541600000004, 0.0595179018, 0.0734622035, 0.090952668, 0.11451333080000001]",0.317418549,"[None, None, [789727, 834307], [789728, 834308, 701888], [701887, 789727, 834307, 746527], [1010048, 701888, 789728, 966848, 834308], [789602, 834182, 701762, 1009922, 746402, 966722], [966849, 701889, 834309, 922149, 789729, 1010049, 746529], [789730, 834310, 701890, 614110, 1010050, 746530, 966850, 658690], [746530, 701890, 614110, 789730, 834310, 966850, 658690, 1010050, 922150]]",[6],SpainishEnergyDataset,0.5 GB,SCAMPI (0.5 GB),0.3383981838012728,0.020979634801272795
468,7583000,512,SCAMPI (8 GB),114.46062994,32.462562016,57.989170017,9384.671875,"[2.7440502407, 2.7440502407, 2.7440502407, 3.4106006361, 5.1462304277, 6.346730065, 6.8566515985, 7.6754968439, 10.4281241652, 10.9034213083]",1.9692038874,"[None, None, [6627436, 6805494], [7066566, 6627443, 6805494], [6805495, 6627436, 7066562, 6810548], [3157573, 2740770, 2714764, 6868996, 2814514], [6868985, 2814513, 2740769, 2714755, 3157572, 3158519], [2707729, 2714746, 2740765, 3157573, 3158517, 6868960, 2814496], [2590950, 2674533, 3152988, 2780431, 2951813, 2669879, 2791973, 3152326], [2674536, 3152994, 2780429, 2951811, 2669881, 2791969, 3152326, 3156437, 2590954]]","[3, 7]",Lab_FD_061014,8 GB,SCAMPI (8 GB),3.302032905393282,1.3328290179932822
469,7583000,1024,SCAMPI (8 GB),116.5212469101,35.926149784,57.347793217,9383.3671875,"[8.5013444551, 8.5013444551, 8.5013444551, 11.2395895075, 11.9882139851, 13.6546975839, 15.6925476952, 18.8171233196, 21.0918586334, 23.6221863366]",2.635594921,"[None, None, [2740764, 3158509], [2707729, 2740763, 2714743], [2707714, 2714738, 2740759, 3158492], [2814495, 2714746, 2740764, 2707719, 3158498], [2798732, 2714763, 2740792, 3158524, 2707760, 2814498], [2798737, 2714773, 2740797, 2707768, 2814503, 3158537, 2674631], [6868942, 2740796, 3158568, 2798742, 2714772, 2814534, 2674629, 2707789], [2798734, 2714766, 2740791, 2707765, 2814500, 3158505, 2674648, 6868934, 2558367]]",[4],Lab_FD_061014,8 GB,SCAMPI (8 GB),4.860266076728721,2.2246711557287213
470,7583000,2048,SCAMPI (8 GB),131.6348969936,36.443316933,69.726779092,9412.4140625,"[17.3289782368, 17.3289782368, 17.3289782368, 26.1112119621, 29.48156026, 32.8277021206, 35.335755743200004, 39.0671688477, 43.3489554838, 47.8038296616]",3.0973203234,"[None, None, [2814652, 7147733], [2814980, 2817553, 2792034], [2740902, 2716444, 2791997, 2814903], [2716434, 2740899, 2791991, 2814940, 7147944], [2740941, 2716449, 2792020, 2814897, 7148023, 2817532], [2815021, 2817559, 2792085, 7148102, 2716512, 2741020, 2778239], [2758834, 2792045, 2716515, 2815024, 2740974, 2778183, 2817583, 7148046], [2716721, 6803001, 2792180, 2741084, 2815240, 2818171, 7148451, 2778050, 2717789]]",[2],Lab_FD_061014,8 GB,SCAMPI (8 GB),6.914031361051236,3.8167110376512356
471,7583000,4096,SCAMPI (8 GB),145.9074614048,36.600283048,81.536898232,9411.24609375,"[29.6936424467, 29.6936424467, 29.6936424467, 55.6304713671, 72.0108588835, 88.6989215868, 102.1103631725, 114.20776121, 126.4440529964, 128.8879130114]",4.7133770258,"[None, None, [2791974, 2817513], [2758915, 2817956, 2792858], [2791958, 2817509, 2665404, 2758753], [2965291, 2817515, 2791970, 2758731, 2665396], [2965231, 2791971, 2817509, 2758726, 2976228, 2665391], [2965339, 2817543, 2791998, 2665393, 2758757, 2976321, 2806019], [2965274, 2817508, 2791968, 2758739, 2665392, 2976261, 2772382, 2806028], [2772384, 2976028, 2817512, 2758738, 2670061, 2965266, 2665390, 2806026, 2791971]]",[2],Lab_FD_061014,8 GB,SCAMPI (8 GB),11.352881264745086,6.6395042389450865
472,8595817,512,SCAMPI (0.5 GB),7.0746116638,6.115652554,0.213519854,4598.3203125,"[0.0, 0.0, 0.0, 0.0, 0.0, 0.0, 0.0, 0.0, 0.0, 0.0]",0.0,"[None, None, [59446, 928198], [59446, 928198, 410800], [59446, 928198, 410800, 536886], [59446, 928198, 410800, 536886, 596919], [59446, 928198, 410800, 536886, 596919, 663201], [59446, 928198, 410800, 536886, 596919, 663201, 693981], [59446, 928198, 410800, 536886, 596919, 663201, 693981, 696309], [59446, 928198, 410800, 536886, 596919, 663201, 693981, 696309, 725120]]",[2],Bird12-Week3_2018_1_10,0.5 GB,SCAMPI (0.5 GB),0.0,0.0
473,8595817,1024,SCAMPI (0.5 GB),32.2101240158,22.427239209,6.982601956,4598.3203125,"[0.0, 0.0, 0.0, 0.0, 0.0, 23.6089780241, 29.9535720136, 34.2112481873, 50.1112929372, 62.4669911479]",1.1204891366,"[None, None, [536910, 586882], [536910, 586882, 696418], [537005, 586977, 696513, 7458145], [578245, 398792, 947131, 1249018, 2281929], [1248999, 398780, 1292785, 947117, 2281915, 578214], [398781, 578229, 947121, 1248999, 2281919, 8456197, 1292791], [399049, 392543, 578498, 1293062, 565999, 971308, 1249271, 8456462], [398782, 578234, 947121, 1248999, 2281919, 8456197, 1292792, 5547619, 1236606]]",[7],Bird12-Week3_2018_1_10,0.5 GB,SCAMPI (0.5 GB),7.90360621159101,6.783117074991011
474,8595817,2048,SCAMPI (0.5 GB),32.0446412563,19.081392424,10.113136078,4598.3203125,"[32.1477580601, 32.1477580601, 32.1477580601, 52.4945468007, 107.3850875072, 158.8762777883, 173.7149999571, 188.8614536111, 228.5443038022, 247.9540989476]",1.6007402605,"[None, None, [398779, 1292795], [7301481, 7132583, 1932437], [578362, 398909, 971170, 1292931], [2201400, 194142, 700117, 232524, 1884633], [398792, 1292797, 578239, 2281928, 1989230, 1780225], [398792, 1292797, 578239, 2281928, 1989230, 1780225, 1410939], [8532782, 544384, 926608, 2454524, 8447325, 1427581, 1882761, 2371579], [578298, 398846, 1292857, 971135, 377732, 1989305, 2282010, 367897, 1780320]]","[3, 7]",Bird12-Week3_2018_1_10,0.5 GB,SCAMPI (0.5 GB),15.746558320712497,14.145818060212497
475,8595817,4096,SCAMPI (0.5 GB),36.678122282,19.018469945,14.603843458,4598.3203125,"[128.7091288008, 128.7091288008, 128.7091288008, 215.4499386925, 259.9475865378, 277.6497218831, 335.9406662195, 356.5677491855, 456.9634708796, 522.6083527775]",2.3320697639,"[None, None, [231480, 699117], [699253, 231683, 925463], [2199486, 230661, 698412, 192396], [192440, 698540, 629600, 2199470, 230662], [192515, 698554, 629699, 230715, 2199484, 878328], [192466, 698496, 629656, 2199546, 230762, 878401, 1881521], [1040676, 925739, 231880, 699502, 8494342, 630275, 8486587, 1883873], [699221, 231552, 925475, 1040437, 629986, 8494101, 1883713, 878807, 1102416]]",[7],Bird12-Week3_2018_1_10,0.5 GB,SCAMPI (0.5 GB),22.860628879746507,20.528559115846505
476,180000,512,SCAMPI (0.5 GB),32.3585193157,7.502373334,22.702803913,795.21875,"[16.9484954762, 16.9484954762, 16.9484954762, 24.2592714294, 39.1477661071, 66.4437095133, 85.3892018072, 125.6243806865, 161.5305296674, 266.5260843125]",1.9459392579,"[None, None, [145579, 160801], [62996, 83661, 974], [107032, 917, 62941, 83602], [29499, 139620, 165173, 75877, 22544], [29499, 139620, 165173, 75877, 22544, 27499], [160434, 33273, 155718, 139658, 14968, 22587, 165213], [165171, 139619, 29496, 27498, 22540, 34680, 166239, 97083], [165088, 115469, 26248, 166158, 33142, 95430, 9440, 14837, 65885]]","[3, 8]",EOG_one_hour_50_Hz,0.5 GB,SCAMPI (0.5 GB),16.32562661316557,14.37968735526557
477,180000,1024,SCAMPI (0.5 GB),33.4859547615,7.294493618,23.929477508,804.21875,"[74.5527298006, 74.5527298006, 74.5527298006, 139.5491555227, 300.859324756, 392.1997045793, 549.0801057705, 637.1790636254, 1081.0567301794, 1141.4062214599]",2.8966354926,"[None, None, [62537, 83202], [62613, 83281, 595], [167736, 157498, 94797, 62954], [139222, 29101, 26069, 155279, 32827], [62497, 83165, 103247, 94343, 468, 36698], [65479, 94267, 21252, 30507, 74668, 83092, 25829], [9020, 144654, 28997, 65455, 83221, 40241, 43620, 25978], [9020, 144654, 28997, 65455, 83221, 40241, 43620, 25978, 100630]]","[3, 7]",EOG_one_hour_50_Hz,0.5 GB,SCAMPI (0.5 GB),33.78470395696698,30.888068464366977
478,180000,2048,SCAMPI (0.5 GB),34.2820694447,7.711786071,24.249119762,816.21875,"[375.7213720131, 375.7213720131, 375.7213720131, 578.0453248639, 1148.8969083179, 1625.3716939465, 2280.9917899636, 2280.9917899636, 2280.9917899636, 2584.8092085578]",4.1255871963,"[None, None, [157794, 168025], [82103, 68708, 24838], [64446, 24943, 31706, 143630], [20423, 28172, 143845, 93441, 156138], [134718, 156784, 84563, 21875, 167020, 8851], [134718, 156784, 84563, 21875, 167020, 8851, 61094], [134718, 156784, 84563, 21875, 167020, 8851, 61094, 25796], [134718, 156784, 84563, 21875, 167020, 8851, 61094, 25796, 150044]]","[3, 8]",EOG_one_hour_50_Hz,0.5 GB,SCAMPI (0.5 GB),50.84101895672234,46.715431760422334
479,180000,4096,SCAMPI (0.5 GB),42.090842247,7.661499966,32.30493674,868.109375,"[1411.1305119416, 1411.1305119416, 1411.1305119416, 2375.2688084631, 4557.1173033174, 5962.7769975952, 6334.3524063852, 6334.3524063852, 7747.3060668887, 7747.3060668887]",6.3387300682,"[None, None, [59514, 80178], [142040, 18630, 23357], [66872, 11988, 6195, 23136], [6420, 23365, 80615, 164574, 59813], [133167, 26338, 4776, 77196, 157336, 79294], [133167, 26338, 4776, 77196, 157336, 79294, 172761], [133167, 26338, 4776, 77196, 157336, 79294, 172761, 84971], [133167, 26338, 4776, 77196, 157336, 79294, 172761, 84971, 57787]]","[3, 7]",EOG_one_hour_50_Hz,0.5 GB,SCAMPI (0.5 GB),88.01878246652075,81.68005239832075
480,2102701,512,SCAMPI (2 GB),3.3400735855,2.68937949,0.41417952100000005,4598.2578125,"[8.00025e-05, 8.00025e-05, 8.00025e-05, 0.0001460594, 0.0002357628, 0.0002894838, 0.0003971316, 0.00042224490000000004, 0.000469712, 0.0004977045]",0.0074098734,"[None, None, [995371, 1508491], [265281, 1103241, 969321], [265271, 969311, 616571, 1103231], [265175, 616475, 530075, 924515, 177395], [704295, 361695, 969255, 177435, 265215, 1103175], [704255, 361655, 969215, 177395, 265175, 1103135, 530075], [969273, 265233, 177453, 704313, 616533, 361713, 1103193, 1797213], [265173, 616473, 530073, 924513, 177393, 969213, 1103133, 704253, 361653]]",[2],SpainishEnergyDataset,2 GB,SCAMPI (2 GB),0.022309291786159417,0.014899418386159418
481,2102701,1024,SCAMPI (2 GB),4.4073295593,3.551672035,0.572145629,4598.2578125,"[0.0005823949000000001, 0.0005823949000000001, 0.0005823949000000001, 0.0008515593, 0.0015124638, 0.0017728659, 0.0021371129, 0.0024588435000000002, 0.0024797545, 0.0028665967]",0.0473120422,"[None, None, [264906, 968946], [703987, 264907, 968947], [184390, 264970, 924310, 969010], [616239, 968979, 264939, 177159, 704019], [881047, 264907, 177127, 1012147, 703987, 968947], [177159, 1012179, 881079, 264939, 616239, 704019, 968979], [184400, 264980, 924320, 969020, 616280, 177200, 881120, 704060], [177200, 1012220, 264980, 881120, 616280, 704060, 184400, 969020, 924320]]",[8],SpainishEnergyDataset,2 GB,SCAMPI (2 GB),0.053540607953216225,0.006228565753216224
482,2102701,2048,SCAMPI (2 GB),8.6534686089,5.385944844,2.724530337,4598.2578125,"[0.0027693347000000003, 0.0027693347000000003, 0.0027693347000000003, 0.0053196071, 0.0061532643, 0.0101170203, 0.010952132600000001, 0.013592799000000001, 0.014770766400000001, 0.0172921306]",0.1295637178,"[None, None, [573864, 791244], [615570, 791190, 835770], [573834, 791214, 835794, 615594], [923427, 968127, 1011327, 264087, 528987], [923400, 968100, 703140, 1011300, 264060, 528960], [264085, 528985, 968125, 923425, 1011325, 747805, 703165], [264085, 528985, 968125, 923425, 1011325, 747805, 703165, 1663645], [747815, 1011335, 528995, 264095, 923435, 703175, 176315, 968135, 835595]]","[4, 8]",SpainishEnergyDataset,2 GB,SCAMPI (2 GB),0.13149954600682087,0.0019358282068208665
483,2102701,4096,SCAMPI (2 GB),15.3237121105,8.693771413,5.27028479,4598.2578125,"[0.022275671400000002, 0.022275671400000002, 0.022275671400000002, 0.0313014935, 0.0505489526, 0.056418541600000004, 0.0595179018, 0.0735654302, 0.09098011310000001, 0.11451333080000001]",0.3281784998,"[None, None, [789727, 834307], [789728, 834308, 701888], [701887, 789727, 834307, 746527], [1010048, 701888, 789728, 966848, 834308], [789602, 834182, 701762, 1009922, 746402, 966722], [701885, 1010045, 789725, 834305, 746525, 922145, 966845], [789729, 834309, 701889, 614109, 1010049, 746529, 966849, 658689], [789730, 834310, 701890, 614110, 1010050, 746530, 966850, 922150, 658690]]",[6],SpainishEnergyDataset,2 GB,SCAMPI (2 GB),0.3383981838012728,0.010219684001272766
484,5153051,512,SCAMPI (16 GB),15.3475043774,10.602921778,4.350412284,4599.2578125,"[4.3819e-05, 4.3819e-05, 4.3819e-05, 0.0001519644, 0.0002350048, 0.0003200101, 0.0003685997, 0.0004626211, 0.0005219545, 0.0006477822]",0.0069767261,"[None, None, [691642, 737248], [857170, 883742, 1743531], [1203271, 789481, 438752, 570898], [789468, 1203253, 570880, 438736, 737389], [646634, 1203270, 789477, 570891, 737400, 438750], [574162, 438822, 1229227, 487764, 531450, 1225428, 570955], [574154, 438814, 487757, 1229225, 531452, 1225419, 570946, 1736758], [789462, 1203250, 570880, 438736, 737383, 1253504, 1033828, 1225337, 487699]]",[2],house,16 GB,SCAMPI (16 GB),0.02545156576715861,0.01847483966715861
485,5153051,1024,SCAMPI (16 GB),26.4256854057,20.890617292,5.09908913,4599.2578125,"[6.8601997621, 6.8601997621, 6.8601997621, 7.7521928077, 8.2651239669, 21.1759685581, 22.1079542046, 22.5187382475, 23.7317534791, 23.7317534791]",0.0099982121,"[None, None, [3900333, 3242006], [3900333, 3242006, 1656050], [3900333, 3242006, 1656050, 1161432], [3900333, 3242006, 1656050, 1161432, 3651392], [3900333, 3242006, 1656050, 1161432, 3651392, 1668158], [3900333, 3242006, 1656050, 1161432, 3651392, 1668158, 3174067], [3900333, 3242006, 1656050, 1161432, 3651392, 1668158, 3174067, 805165], [3900333, 3242006, 1656050, 1161432, 3651392, 1668158, 3174067, 805165, 3439568]]",[7],house,16 GB,SCAMPI (16 GB),4.871524759159087,4.8615265470590865
486,5153051,2048,SCAMPI (16 GB),112.0537724495,33.445203851,51.109007374,4599.2578125,"[0.0050505363, 0.0050505363, 0.0050505363, 0.0132593937, 0.023765391400000002, 0.0290241088, 0.0465234418, 0.051296088600000005, 0.056056030800000003, 0.0726716323]",0.2380405083,"[None, None, [1301732, 1642450], [1642542, 1301823, 668406], [1742034, 1693016, 1815216, 1790410], [1741979, 1692961, 1815160, 910422, 1790355], [1742060, 1815241, 1693043, 1901500, 1790436, 572768], [1742050, 1693032, 1815231, 1901490, 572758, 1790426, 910493], [1790431, 1815236, 1693038, 882366, 1742054, 572763, 910498, 1901494], [1924713, 858246, 880934, 1324102, 1714438, 1472867, 1763383, 1837705, 1447959]]",[8],house,16 GB,SCAMPI (16 GB),0.26957676513379264,0.03153625683379263
487,5153051,4096,SCAMPI (16 GB),283.0105292797,32.119127577,163.55632078,4599.2578125,"[0.5907525145, 0.5907525145, 0.5907525145, 1.2465477549, 2.1158193443, 5.3743614339, 6.0474187925, 7.5680375057000004, 13.0781574704, 13.7914457521]",1.0042353313,"[None, None, [1589011, 1713596], [1713732, 1589146, 1762673], [1713859, 1762802, 1837137, 1589276], [3931484, 3807692, 3882046, 4566795, 4382363], [3931430, 3807619, 4566749, 2150397, 3882017, 4382309], [3931434, 3807619, 3882017, 4566749, 2150404, 3708466, 4382309], [4566599, 3807512, 4382173, 1327536, 3708316, 4406880, 3981021, 4067669], [4566561, 3807462, 2150207, 4382120, 1180183, 2397635, 3708293, 4406840, 3881855]]","[4, 7]",house,16 GB,SCAMPI (16 GB),3.713683582657521,2.7094482513575207
488,1288330,512,SCAMPI (16 GB),357.8443655968,73.877620688,233.634066676,11391.359375,"[0.1109926349, 0.1109926349, 0.1109926349, 0.1541846332, 0.5410534224, 0.607846259, 0.7548699966, 1.1040283512, 1.2058696689, 1.4018922247]",0.6436320865,"[None, None, [865164, 1036404], [865113, 520951, 1036353], [1251998, 466991, 204264, 1181043], [1252000, 466992, 1181044, 204265, 587369], [1252012, 204277, 1181056, 467004, 587381, 818620], [510663, 698728, 784259, 837842, 19004, 1131656, 944945], [418929, 413520, 1131522, 27591, 1197910, 1021901, 756442, 467024], [418932, 413523, 1131525, 27595, 1021904, 1197914, 756446, 467027, 1181080]]","[3, 6]",BlackLeggedKittiwake,16 GB,SCAMPI (16 GB),1.1840152974940823,0.5403832109940823
489,1288330,1024,SCAMPI (16 GB),356.2281746864,70.435408458,230.899606444,10494.6171875,"[0.5263524476, 0.5263524476, 0.5263524476, 1.0004497692, 1.6455490782, 2.4672179723, 3.2850785004, 3.5912970434, 4.3470285729, 4.9933696703]",0.9106888451,"[None, None, [688051, 772011], [687844, 771804, 1243523], [837894, 67892, 1131709, 473185], [837844, 67842, 1131659, 473135, 944947], [236669, 944884, 1131596, 756516, 1021975, 784199], [236705, 944919, 1131631, 756552, 784235, 837816, 67814], [1131642, 837827, 944930, 67826, 236716, 756562, 147180, 473118], [1131642, 837827, 944930, 67826, 236716, 756562, 147180, 473118, 784244]]",[7],BlackLeggedKittiwake,16 GB,SCAMPI (16 GB),2.2345848988794317,1.3238960537794315
490,1288330,2048,SCAMPI (16 GB),342.2549996376,66.324985351,222.695372969,10153.06640625,"[3.6046636793, 3.6046636793, 3.6046636793, 5.3477595924, 9.2879971944, 11.9721667691, 13.0095691927, 17.7071919332, 25.9601654672, 27.396193167]",1.3545228041,"[None, None, [770862, 1242581], [1021800, 756341, 672990], [147094, 756473, 673125, 1021934], [673175, 147144, 756524, 1021984, 236679], [147094, 756473, 673125, 1021934, 944843, 236629], [756540, 1021999, 67805, 944908, 236696, 473096, 673191], [944888, 236672, 756520, 1021980, 147137, 473077, 67783, 673163], [771037, 687078, 583426, 745956, 1177894, 48863, 994533, 792695, 243274]]",[6],BlackLeggedKittiwake,16 GB,SCAMPI (16 GB),5.234137289659109,3.8796144855591086
491,1288330,4096,SCAMPI (16 GB),336.992317915,51.081818507,227.589241554,8451.17578125,"[13.4153480464, 13.4153480464, 13.4153480464, 17.5174005845, 35.6987977312, 74.0729034322, 92.9772218794, 110.4389231303, 147.4003527122, 182.115612058]",2.0761019544,"[None, None, [47310, 657799], [685803, 47583, 658073], [685961, 47746, 658239, 769929], [47393, 657893, 685596, 457654, 744471], [745081, 1177027, 853515, 47984, 686215, 81277], [685806, 47594, 658076, 744665, 1176626, 853140, 80872], [852898, 328922, 457663, 744458, 47393, 657882, 80643, 1176406], [853273, 329299, 744826, 47752, 1176787, 658239, 81099, 686002, 769953]]",[7],BlackLeggedKittiwake,16 GB,SCAMPI (16 GB),13.495021750927267,11.418919796527266
492,1439997,512,SCAMPI (8 GB),185.5864758492,40.092618875,119.796264894,9979.2578125,"[0.31258416040000003, 0.31258416040000003, 0.31258416040000003, 1.0043555618, 1.6281331176, 2.6303304388, 3.2783226588, 4.7542822659, 5.9184178927, 6.2758310037]",0.6852166583,"[None, None, [779914, 812268], [778808, 780068, 775433], [775434, 778809, 780074, 3223], [778810, 780071, 775436, 3226, 531163], [691289, 775390, 531112, 780013, 778768, 3165], [775423, 778796, 780054, 531149, 3203, 1180110, 691314], [775386, 691286, 778766, 531111, 780006, 3163, 686430, 802380], [531146, 780052, 1180105, 778795, 775429, 565057, 3209, 215184, 314194]]",[6],EOG_one_hour_400_Hz,8 GB,SCAMPI (8 GB),2.5051608738162905,1.8199442155162906
493,1439997,1024,SCAMPI (8 GB),186.1949338913,36.61144378,124.307497473,9979.2578125,"[9.9696324045, 9.9696324045, 9.9696324045, 18.4677070893, 34.9822202428, 40.2512535417, 63.7090833607, 94.8325691573, 109.3837250647, 139.9038144955]",1.0554599479,"[None, None, [239123, 1324516], [775416, 780043, 1180100], [801477, 722258, 464937, 775709], [625371, 775051, 268812, 605733, 346454], [775400, 780042, 1180102, 625735, 606098, 695658], [1295524, 215059, 273174, 223195, 751944, 183552, 360719], [860482, 497340, 686370, 1295472, 1179913, 751882, 348239, 843158], [672923, 214976, 507583, 360548, 860430, 833686, 223078, 1070705, 675291]]","[5, 8]",EOG_one_hour_400_Hz,8 GB,SCAMPI (8 GB),11.82809428840927,10.77263434050927
494,1439997,2048,SCAMPI (8 GB),211.5318338871,36.194027496,148.42807245,9979.2578125,"[74.6421974366, 74.6421974366, 74.6421974366, 143.6710924541, 267.9077629951, 361.8197752019, 775.802286521, 933.3002189808, 1027.7757609494, 1496.4441620544]",1.3027509725,"[None, None, [507203, 1263636], [1322698, 237326, 608323], [1324570, 239204, 497383, 223145], [223209, 917326, 497426, 1179986, 239144], [334354, 579870, 759583, 563081, 271400, 368672], [334354, 579870, 759583, 563081, 271400, 807138, 368672], [334354, 579870, 759583, 563081, 271400, 807138, 368672, 611019], [497360, 917252, 675259, 239209, 612758, 714608, 589329, 1295575, 1280861]]","[5, 8]",EOG_one_hour_400_Hz,8 GB,SCAMPI (8 GB),38.6839005537756,37.3811495812756
495,1439997,4096,SCAMPI (8 GB),224.4228982925,34.964681023,163.637050747,9979.2578125,"[328.3562423631, 328.3562423631, 328.3562423631, 540.4613524086, 1121.3501510306, 1847.0301625925, 3090.7918358581, 4340.5144970664, 5302.7183928401, 5878.556360472]",2.2035234546,"[None, None, [237595, 1322963], [221514, 237529, 1322897], [1117448, 180856, 1321866, 607483], [1120140, 1324532, 348239, 239184, 686377], [496409, 268037, 611737, 1119127, 78409, 720856], [960091, 638931, 468265, 1236674, 1188412, 621081, 832909], [561861, 675860, 405500, 333106, 1224152, 1260076, 382911, 82880], [10961, 859927, 641026, 285594, 685730, 870110, 1236856, 251996, 1180490]]",[3],EOG_one_hour_400_Hz,8 GB,SCAMPI (8 GB),76.67174421174987,74.46822075714987
496,5231008,512,SCAMPI (2 GB),15.0065968037,4.997996972,6.297067007,4599.2578125,"[0.0014641571, 0.0014641571, 0.0014641571, 0.0077828904, 0.0144594448, 0.0325735969, 0.0397154393, 0.053992419800000004, 0.059800411500000004, 0.0651676902]",0.1562361743,"[None, None, [832883, 1802945], [832356, 2201633, 1802418], [156871, 1802417, 832355, 2201632], [695985, 4889906, 3428506, 4357006, 4587946], [4587988, 3428548, 4357048, 4889948, 3326408, 696027], [695987, 4889908, 3428508, 4357008, 4587948, 1561991, 3326368], [696032, 4889953, 3428553, 4357053, 4587993, 3326413, 1562036, 2157878], [4587909, 3428469, 4889869, 3326329, 4356969, 4859689, 695948, 2254129, 2477689]]",[4],WindTurbine,2 GB,SCAMPI (2 GB),0.2552796313848796,0.09904345708487958
497,5231008,1024,SCAMPI (2 GB),28.4754998684,5.345073725,15.658343353,4599.2578125,"[0.0051545205, 0.0051545205, 0.0051545205, 0.0410393296, 0.08772151360000001, 0.0957116115, 0.1470861403, 0.1664422026, 0.1913955947, 0.2116932547]",0.3894853942,"[None, None, [831835, 1801897], [1801915, 831853, 2201130], [2254090, 3428430, 4356930, 4587870], [3428419, 4356919, 2254079, 695898, 4587859], [3428420, 4356920, 2254080, 695899, 4587860, 3326280], [4356768, 3428268, 695747, 2009753, 2253928, 1561751, 2682668], [2682819, 3428419, 695898, 4356919, 2254079, 4587859, 2009904, 1561902], [2254078, 3428418, 4356918, 4587858, 695897, 3326278, 2157743, 4101758, 2682818]]",[5],WindTurbine,2 GB,SCAMPI (2 GB),0.46010135263874197,0.07061595843874197
498,5231008,2048,SCAMPI (2 GB),44.7504730225,6.101376529,27.245256647,4599.2578125,"[0.1318739939, 0.1318739939, 0.1318739939, 0.1872445116, 0.2472960458, 0.3111371059, 0.4204705141, 0.5128742559, 0.6940341600000001, 0.8280808533]",0.7182595146,"[None, None, [2253648, 4356488], [4356599, 695578, 2253759], [1561138, 4356155, 695134, 2253315], [4356288, 2253448, 695267, 1561271, 2157113], [695351, 4356372, 2253532, 1561355, 2009357, 2097377], [1561334, 4356351, 695330, 2253511, 2097356, 2009336, 2682251], [2253432, 4356272, 695251, 1561255, 2157097, 2682172, 2097277, 3163182], [2157127, 2253462, 4356302, 1561285, 695282, 2045647, 3325662, 2097307, 3163212]]",[2],WindTurbine,2 GB,SCAMPI (2 GB),0.9099894797743543,0.19172996517435426
499,5231008,4096,SCAMPI (2 GB),45.3539628983,6.698928365,29.012624634,4599.2578125,"[0.37866984870000003, 0.37866984870000003, 0.37866984870000003, 0.5262895225, 0.5451716296, 1.0202806104, 1.74926559, 1.8323988531, 1.9757941107, 2.236389506]",0.8468241347000001,"[None, None, [694267, 4355288], [4355056, 2252216, 694035], [693969, 4354990, 2252150, 1559973], [4355436, 694415, 1560419, 2252596, 2681335], [4356350, 695329, 2253510, 2009335, 3325710, 1561333], [4356352, 695331, 2253512, 2009337, 3325712, 1561335, 2682251], [2170913, 2038290, 907182, 3282288, 878182, 886808, 1935064, 2481677], [3282242, 2481631, 886761, 2170867, 2038244, 1951176, 907135, 878136, 1935018]]",[4],WindTurbine,2 GB,SCAMPI (2 GB),1.4954562868903924,0.6486321521903924
500,7583000,512,SCAMPI (1 GB),30.2054464817,17.481316337,8.97005376,4582.0703125,"[2.7543457219, 2.7543457219, 2.7543457219, 3.4489261871, 5.1462304277, 6.3937413059, 6.9991250213, 7.6731770819, 10.9673758932, 11.6845116057]",1.119743387,"[None, None, [6627436, 6805495], [7066568, 6805496, 6627450], [6627436, 6805495, 7066560, 6810548], [2740788, 6868964, 2714774, 3157573, 2814519], [2714752, 2740766, 2814502, 3157571, 3158503, 6868972], [6868969, 2814502, 2740786, 2714765, 3158523, 3157583, 2707735], [2714776, 6868958, 2740777, 3157575, 3158515, 2814519, 2707754, 6869219], [3153000, 2674537, 2780430, 2951829, 3156444, 3152326, 2669892, 2791986, 2590956]]","[3, 7]",Lab_FD_061014,1 GB,SCAMPI (1 GB),3.418261488783443,2.2985181017834426
501,7583000,1024,SCAMPI (1 GB),35.0415914059,20.929463454,10.2646522,4582.0703125,"[8.5426704593, 8.5426704593, 8.5426704593, 11.3235307109, 11.9882139851, 13.5916181136, 15.8038990468, 18.8171233196, 21.3079476059, 23.7819118634]",1.5131286081,"[None, None, [2740766, 3158511], [2707729, 2714745, 2740765], [2707714, 2714738, 2740759, 3158492], [2714751, 2814496, 2707726, 2740811, 3158499], [2798735, 2714766, 2740765, 3158527, 2707766, 2814501], [2798737, 2740797, 2714750, 2707768, 2814503, 3158531, 2674631], [6868937, 2740801, 3158536, 2714782, 2707806, 2674626, 2798734, 2814528], [2740792, 3158512, 2707729, 2714742, 2814507, 2798732, 2674622, 6868934, 2558369]]",[4],Lab_FD_061014,1 GB,SCAMPI (1 GB),4.876670161431877,3.363541553331877
502,7583000,2048,SCAMPI (1 GB),41.5423483849,21.456508177,15.092526212,4582.0703125,"[17.3289782368, 17.3289782368, 17.3289782368, 26.3943920078, 30.0659588721, 33.2714302304, 35.6849988384, 39.3634732477, 43.5715719713, 49.0777743828]",1.7931854504,"[None, None, [2814652, 7147733], [2792040, 2817554, 2814971], [2716463, 2740921, 2792013, 2814887], [2716419, 2740905, 2791997, 2814851, 7147943], [2817529, 2792018, 2814931, 7147978, 2716456, 2740942], [2741002, 2716507, 2792071, 2814949, 2817569, 2778191, 7148109], [2758822, 2792037, 2716495, 2814957, 2740977, 7148022, 2778184, 2817576], [2716732, 6803041, 2792215, 2741072, 2815327, 2818216, 2717793, 2778034, 7148441]]",[2],Lab_FD_061014,1 GB,SCAMPI (1 GB),7.0055531104117685,5.212367660011768
503,7583000,4096,SCAMPI (1 GB),44.9888708591,21.500572503,18.291490269,4582.0703125,"[29.6936424467, 29.6936424467, 29.6936424467, 55.6378096499, 72.0658562199, 89.4745066332, 102.4878682475, 114.092057796, 126.706200703, 131.7004977831]",2.7114292575,"[None, None, [2791974, 2817513], [2758918, 2817907, 2792861], [2665407, 2817537, 2791964, 2758756], [2665394, 2791983, 2817551, 2758737, 2965295], [2965278, 2791977, 2817540, 2758745, 2665394, 2976240], [2792010, 2817534, 2665446, 2758813, 2965380, 2805893, 2976377], [2817532, 2791980, 2758778, 2665404, 2965279, 2806032, 2976394, 2670070], [2817526, 2791989, 2758762, 2665403, 2965278, 2976284, 2805999, 2670077, 2772393]]",[2],Lab_FD_061014,1 GB,SCAMPI (1 GB),11.476083730223477,8.764654472723478
504,7583000,512,SCAMPI (0.25 GB),21.1061463356,16.181597879,3.5255945300000002,4582.0703125,"[2.8833150977, 2.8833150977, 2.8833150977, 3.536749547, 5.576372325, 6.5698175754, 6.8958669758, 8.1466617618, 11.1390096521, 12.7083950336]",0.4710644593,"[None, None, [6627441, 6805497], [6627445, 6805494, 7066573], [6627456, 6805495, 7066564, 6810553], [2740786, 6868957, 2714775, 3157579, 2814520], [2814518, 6868987, 2714757, 2740765, 3158521, 3157574], [3158501, 2714763, 2740765, 6868980, 2814505, 3157581, 2707730], [2714776, 6868958, 2740791, 3157575, 3158515, 2814517, 2707754, 6869218], [2720373, 2714750, 2707722, 3157592, 2740787, 3158518, 6437606, 6869041, 2814503]]","[3, 6]",Lab_FD_061014,0.25 GB,SCAMPI (0.25 GB),3.5648835932748213,3.0938191339748213
505,7583000,1024,SCAMPI (0.25 GB),24.5252869129,19.454494414,3.649571304,4582.0703125,"[8.5426704593, 8.5426704593, 8.5426704593, 11.3518308103, 11.9882139851, 13.967993889, 16.4504101358, 19.186005996, 22.5780389127, 24.9877344406]",0.6327628725000001,"[None, None, [2740766, 3158511], [2707724, 2714749, 2740763], [2707714, 2714738, 2740759, 3158492], [3158495, 2740763, 2707726, 2714757, 2814497], [2798742, 2714778, 2740787, 2814504, 3158531, 2707738], [2674639, 2740782, 2714767, 2707756, 3158529, 2798742, 2814506], [2740827, 2714745, 2814508, 3158547, 2707748, 2798750, 6868933, 2674626], [2558372, 2740789, 3158524, 2714764, 2707730, 2814499, 6437614, 2798747, 2674614]]",[4],Lab_FD_061014,0.25 GB,SCAMPI (0.25 GB),4.998773293579136,4.366010421079136
506,7583000,2048,SCAMPI (0.25 GB),26.3350946903,19.440588919,5.251436817,4582.0703125,"[17.3289782368, 17.3289782368, 17.3289782368, 26.6629737156, 30.1270611483, 33.4617513509, 36.1524648369, 40.2799078826, 44.5064190901, 49.2841238014]",0.7685080502,"[None, None, [2814652, 7147733], [2817562, 2814993, 2792048], [2740918, 2716420, 2792004, 2814889], [2740900, 2716429, 2791999, 2814841, 7147946], [2740928, 2716468, 2792016, 2814894, 7147991, 2817539], [2758781, 2792011, 2716459, 2740916, 2814870, 7147978, 2817535], [2740988, 2792036, 2716508, 2814944, 2817567, 2778198, 7148046, 2758816], [7148385, 2792138, 2815250, 2778068, 2817885, 2716591, 2741093, 2717822, 6803020]]",[2],Lab_FD_061014,0.25 GB,SCAMPI (0.25 GB),7.020265223009741,6.25175717280974
507,7583000,4096,SCAMPI (0.25 GB),27.9791555405,19.345553982,7.027021991,4582.0703125,"[30.1074053637, 30.1074053637, 30.1074053637, 55.9158702641, 71.5851084883, 89.9663987154, 103.3898988244, 114.6941518433, 130.2247920725, 138.2999330658]",1.0724720187,"[None, None, [2791981, 2817515], [2758868, 2817853, 2792811], [2665406, 2791986, 2817518, 2758750], [2817535, 2792030, 2758738, 2665402, 2965294], [2665387, 2791989, 2817885, 2758743, 2965292, 2976289], [2965334, 2817533, 2791986, 2758750, 2665422, 2976246, 2806014], [2817512, 2791969, 2758722, 2665406, 2965306, 2806014, 2976518, 2772414], [2976513, 2817524, 2758771, 2792889, 2665417, 2806012, 2965289, 2772398, 2670060]]",[2],Lab_FD_061014,0.25 GB,SCAMPI (0.25 GB),11.76009919455614,10.68762717585614
508,5983000,512,SCAMPI (4 GB),82.5178101063,16.912929023,46.617542597,5167.8203125,"[0.0114649051, 0.0114649051, 0.0114649051, 0.0579207042, 0.0907252424, 0.47997520850000003, 0.6838865813, 1.1711538362, 1.6352607977, 2.2602711629]",0.5635043394,"[None, None, [6703, 5943741], [6772, 5943809, 5889290], [1964419, 5943719, 6682, 5889204], [2009321, 5945596, 8633, 5821153, 3640953], [5945600, 3640958, 8637, 5821157, 2009325, 5145856], [5821186, 8670, 5945631, 2009358, 3640989, 5145889, 5922778], [8602, 5945565, 3640922, 2009291, 5145820, 5922708, 5821124, 3599605], [3640965, 5945607, 8644, 5821163, 5145863, 2009333, 5922750, 5948789, 3599647]]","[4, 6]",MGHSleepElectromyography,4 GB,SCAMPI (4 GB),1.5034198225711939,0.9399154831711939
509,5983000,1024,SCAMPI (4 GB),80.1552546024,16.569930085,46.596841054,5192.6171875,"[0.0406492336, 0.0406492336, 0.0406492336, 0.4350988665, 0.5336747202000001, 6.025862076, 9.8376269867, 12.7442752883, 19.7414131017, 28.445346995]",0.9156723969,"[None, None, [6687, 5943724], [1964459, 5889244, 5943763], [1964455, 5889240, 5943759, 6722], [3640923, 2009292, 5945566, 8604, 5922709], [3640966, 5945607, 2009337, 8648, 5145870, 5821165], [3640958, 5945600, 2009328, 8640, 5145865, 5948788, 5821163], [2009357, 5945629, 8671, 3640988, 5145889, 5821174, 5922766, 5948801], [3640960, 2009329, 5945602, 8641, 5922743, 5145866, 5948788, 5821163, 1174519]]","[4, 7]",MGHSleepElectromyography,4 GB,SCAMPI (4 GB),5.33341794677672,4.41774554987672
510,5983000,2048,SCAMPI (4 GB),85.0201067924,22.250174807,46.113254106,5146.62109375,"[0.6584113075, 0.6584113075, 0.6584113075, 7.1425432956, 22.5879072662, 45.8474099475, 64.7872248878, 114.7663690861, 381.6005414287, 1117.3732023105]",1.7619646469,"[None, None, [1964405, 5889190], [8618, 5945580, 2009306], [2009288, 8599, 5945566, 5922705], [8605, 5945565, 2009293, 5922705, 3640918], [8606, 5945568, 2009295, 5922705, 3640918, 5145816], [8676, 5945634, 2009349, 5922796, 1174541, 5145887, 3641010], [2009303, 5945577, 8615, 5922712, 3640923, 1174500, 5948746, 5776642], [8586, 5945548, 2009275, 5922689, 3640906, 5948729, 5287037, 5718762, 5268254]]",[7],MGHSleepElectromyography,4 GB,SCAMPI (4 GB),33.42713272643198,31.665168079531977
511,5983000,4096,SCAMPI (4 GB),91.5315277576,16.865500521,55.625410958,5146.16015625,"[1.5377527307, 1.5377527307, 1.5377527307, 100.204697071, 153.3256545435, 890.7445307757, 3457.4343991733, 4954.4274429345, 5129.098913686, 5851.8272546263]",1.9680724932,"[None, None, [1964402, 5889187], [8587, 2009274, 5922686], [8584, 2009277, 5145801, 3640905], [2009328, 5922734, 3640973, 2609306, 1618809], [5145855, 2009322, 5922764, 5889565, 1965544, 5450957], [5145925, 3641018, 5191123, 2009319, 5268254, 5199624, 40831], [4526318, 74586, 5483236, 1256100, 2902927, 5955857, 5231513, 5819777], [4526318, 74586, 5483236, 1256100, 2902927, 5955857, 5231513, 5819777, 5588234]]","[4, 8]",MGHSleepElectromyography,4 GB,SCAMPI (4 GB),76.49723690844199,74.529164415242
512,1875227,512,SCAMPI (0.5 GB),12.7214150429,10.969678891000001,1.576373794,4592.8828125,"[10.1808337828, 10.1808337828, 10.1808337828, 24.9776977623, 36.7751672952, 36.7751672952, 36.7751672952, 42.2383768496, 42.2383768496, 42.2383768496]",0.0072233809000000005,"[None, None, [1419249, 598650], [1419249, 598650, 518993], [1419249, 598650, 518993, 1509977], [1419249, 598650, 518993, 1509977, 86977], [1419249, 598650, 518993, 1509977, 86977, 1726307], [1419249, 598650, 518993, 1509977, 86977, 1726307, 1584467], [1419249, 598650, 518993, 1509977, 86977, 1726307, 1584467, 1655932], [1419249, 598650, 518993, 1509977, 86977, 1726307, 1584467, 1655932, 104400]]",[6],HAR_Ambient_Sensor_Data,0.5 GB,SCAMPI (0.5 GB),6.499105850007369,6.491882469107368
513,1875227,1024,SCAMPI (0.5 GB),15.2730367184,13.04797663,2.01972387,4592.8828125,"[48.7198574039, 48.7198574039, 48.7198574039, 86.8418976202, 86.8418976202, 137.4530531934, 137.4530531934, 137.4530531934, 179.1017804423, 220.6883660092]",0.0158848897,"[None, None, [1418862, 1634131], [1418862, 1634131, 294725], [1418862, 1634131, 294725, 245793], [1418862, 1634131, 294725, 245793, 1518108], [1418862, 1634131, 294725, 245793, 1518108, 1744085], [1418862, 1634131, 294725, 245793, 1518108, 1744085, 415423], [1418862, 1634131, 294725, 245793, 1518108, 1744085, 415423, 272989], [1418862, 1634131, 294725, 245793, 1518108, 1744085, 415423, 272989, 493591]]",[7],HAR_Ambient_Sensor_Data,0.5 GB,SCAMPI (0.5 GB),14.855583664373473,14.839698774673472
514,1875227,2048,SCAMPI (0.5 GB),24.1746287346,13.845716881,8.088479962,4592.8828125,"[239.4244384829, 239.4244384829, 239.4244384829, 372.3480801919, 560.8261544915, 560.8261544915, 1002.0321938404, 1002.0321938404, 1002.0321938404, 1002.0321938404]",0.1156684486,"[None, None, [1418086, 1497513], [1418086, 1497513, 272218], [1418086, 1497513, 272218, 1332410], [1418086, 1497513, 272218, 1332410, 1707877], [1418086, 1497513, 272218, 1332410, 1707877, 1249745], [1418086, 1497513, 272218, 1332410, 1707877, 1249745, 98674], [1418086, 1497513, 272218, 1332410, 1707877, 1249745, 98674, 1842156], [1418086, 1497513, 272218, 1332410, 1707877, 1249745, 98674, 1842156, 1743281]]",[5],HAR_Ambient_Sensor_Data,0.5 GB,SCAMPI (0.5 GB),31.654892099648674,31.539223651048673
515,1875227,4096,SCAMPI (0.5 GB),22.5169000626,15.814398203,4.834017938,4592.8828125,"[2005.7164853285, 2005.7164853285, 2005.7164853285, 2028.5661270376, 2354.9301343517, 2354.9301343517, 3364.7112860702, 4300.5672066349, 4300.5672066349, 4300.5672066349]",0.13745614420000002,"[None, None, [1416536, 1706328], [1416536, 1706328, 1330862], [1416536, 1706328, 1330862, 1692287], [1416536, 1706328, 1330862, 1692287, 1495962], [1416536, 1706328, 1330862, 1692287, 1495962, 1392137], [1416536, 1706328, 1330862, 1692287, 1495962, 1392137, 415051], [1416536, 1706328, 1330862, 1692287, 1495962, 1392137, 415051, 5737], [1416536, 1706328, 1330862, 1692287, 1495962, 1392137, 415051, 5737, 879106]]",[5],HAR_Ambient_Sensor_Data,0.5 GB,SCAMPI (0.5 GB),65.57871001045156,65.44125386625156
516,449919,512,SCAMPI (16 GB),0.9447212219000001,0.8086664170000001,0.09547324700000001,8932.1875,"[0.0, 0.0, 0.0, 0.0, 4.1294e-06, 2.48571e-05, 4.80124e-05, 7.64758e-05, 0.0001285675, 0.000143033]",0.0075740331000000004,"[None, None, [230909, 66059], [156525, 181573, 233997], [156525, 181573, 233997, 69457], [156531, 181579, 234003, 69463, 74244], [156531, 181579, 234003, 69463, 74244, 328310], [156531, 181579, 234003, 69463, 74244, 328310, 103771], [69463, 234003, 74244, 328310, 103771, 181579, 92529, 156531], [165785, 211072, 188717, 48362, 417337, 374642, 415339, 115242, 245098]]",[4],swtAttack7,16 GB,SCAMPI (16 GB),0.011959640462823287,0.004385607362823287
517,449919,1024,SCAMPI (16 GB),375.1892571449,125.439912513,224.853421895,16823.3359375,"[0.0, 0.0, 0.0, 3.086e-07, 0.3452807992, 1.8162050922, 1.9849202653, 2.2180866828, 2.417386391, 2.5960712083]",1.4333525726,"[None, None, [57053, 232626], [56702, 230960, 386991], [56704, 230962, 386993, 95364], [404973, 401094, 415542, 301952, 399696], [404974, 401095, 415543, 301953, 399696, 308019], [446114, 301928, 415519, 399671, 335220, 401072, 411654], [404971, 401092, 415540, 301950, 399694, 308017, 446135, 394355], [394347, 308010, 401084, 335233, 399686, 301943, 411669, 446128, 415532]]",[3],swtAttack7,16 GB,SCAMPI (16 GB),1.6112328224995915,0.1778802498995915
518,449919,2048,SCAMPI (16 GB),418.7273652554,130.17035632,260.381949845,17098.01171875,"[0.9047688931000001, 0.9047688931000001, 0.9047688931000001, 2.748989724, 4.5109382615, 7.183308127, 10.0106648745, 12.0919067438, 13.9356564876, 16.0370038532]",2.6988401389,"[None, None, [299081, 309480], [298988, 309387, 432845], [432913, 299056, 309455, 340581], [281518, 351178, 346272, 356308, 366858], [356305, 366858, 351175, 281515, 346272, 273683], [346196, 351102, 366785, 281442, 273610, 356232, 361571], [292337, 393337, 414525, 403954, 300933, 425138, 398672, 388020], [414507, 292320, 403937, 393322, 425126, 300917, 398661, 388002, 382678]]",[2],swtAttack7,16 GB,SCAMPI (16 GB),4.004622810353055,1.3057826714530552
519,449919,4096,SCAMPI (16 GB),567.243550539,125.905055204,396.063316152,17576.02734375,"[6.1782433662, 6.1782433662, 6.1782433662, 20.8461964208, 34.3758984704, 41.088444347, 78.7907443334, 120.0454921176, 163.8674614319, 233.9622659491]",4.1234558785,"[None, None, [309258, 432716], [309042, 298642, 432499], [408616, 385976, 332179, 396624], [385956, 396612, 408595, 332158, 417843], [332169, 396623, 408607, 385968, 326642, 417843], [385859, 396512, 408501, 348984, 359448, 417749, 332060], [119845, 214772, 227134, 169568, 161512, 128591, 104443, 111063], [161388, 111000, 169489, 178594, 214702, 119807, 227119, 183839, 128555]]",[5],swtAttack7,16 GB,SCAMPI (16 GB),15.295825115014226,11.172369236514227
520,1875227,512,SCAMPI (2 GB),13.4804422855,11.718943377,1.596063401,4593.8828125,"[10.1808337828, 10.1808337828, 10.1808337828, 24.9776977623, 36.7751672952, 36.7751672952, 36.7751672952, 42.2383768496, 42.2383768496, 42.2383768496]",0.0072233809000000005,"[None, None, [1419249, 598650], [1419249, 598650, 518993], [1419249, 598650, 518993, 1509977], [1419249, 598650, 518993, 1509977, 86977], [1419249, 598650, 518993, 1509977, 86977, 1726307], [1419249, 598650, 518993, 1509977, 86977, 1726307, 1584467], [1419249, 598650, 518993, 1509977, 86977, 1726307, 1584467, 1655932], [1419249, 598650, 518993, 1509977, 86977, 1726307, 1584467, 1655932, 104400]]",[6],HAR_Ambient_Sensor_Data,2 GB,SCAMPI (2 GB),6.499105850007369,6.491882469107368
521,1875227,1024,SCAMPI (2 GB),14.1683862209,11.745065933,2.175026044,4593.8828125,"[48.7198574039, 48.7198574039, 48.7198574039, 86.8418976202, 86.8418976202, 137.4530531934, 137.4530531934, 137.4530531934, 179.1017804423, 220.6883660092]",0.0158848897,"[None, None, [1418862, 1634131], [1418862, 1634131, 294725], [1418862, 1634131, 294725, 245793], [1418862, 1634131, 294725, 245793, 1518108], [1418862, 1634131, 294725, 245793, 1518108, 1744085], [1418862, 1634131, 294725, 245793, 1518108, 1744085, 415423], [1418862, 1634131, 294725, 245793, 1518108, 1744085, 415423, 272989], [1418862, 1634131, 294725, 245793, 1518108, 1744085, 415423, 272989, 493591]]",[7],HAR_Ambient_Sensor_Data,2 GB,SCAMPI (2 GB),14.855583664373473,14.839698774673472
522,1875227,2048,SCAMPI (2 GB),17.4580862522,13.373839799,3.551490986,4593.8828125,"[239.4244384829, 239.4244384829, 239.4244384829, 372.3480801919, 560.8261544915, 560.8261544915, 1002.0321938404, 1002.0321938404, 1002.0321938404, 1002.0321938404]",0.0231336897,"[None, None, [1418086, 1497513], [1418086, 1497513, 272218], [1418086, 1497513, 272218, 1332410], [1418086, 1497513, 272218, 1332410, 1707877], [1418086, 1497513, 272218, 1332410, 1707877, 1249745], [1418086, 1497513, 272218, 1332410, 1707877, 1249745, 98674], [1418086, 1497513, 272218, 1332410, 1707877, 1249745, 98674, 1842156], [1418086, 1497513, 272218, 1332410, 1707877, 1249745, 98674, 1842156, 1743281]]",[5],HAR_Ambient_Sensor_Data,2 GB,SCAMPI (2 GB),31.654892099648674,31.631758409948674
523,1875227,4096,SCAMPI (2 GB),47.8091771603,19.216245515,20.265721437,4593.8828125,"[2005.7164853285, 2005.7164853285, 2005.7164853285, 2028.5661270376, 2354.9301343517, 2354.9301343517, 3364.7112860702, 4300.5672066349, 4300.5672066349, 4300.5672066349]",0.2914070258,"[None, None, [1416536, 1706328], [1416536, 1706328, 1330862], [1416536, 1706328, 1330862, 1692287], [1416536, 1706328, 1330862, 1692287, 1495962], [1416536, 1706328, 1330862, 1692287, 1495962, 1392137], [1416536, 1706328, 1330862, 1692287, 1495962, 1392137, 415051], [1416536, 1706328, 1330862, 1692287, 1495962, 1392137, 415051, 5737], [1416536, 1706328, 1330862, 1692287, 1495962, 1392137, 415051, 5737, 879106]]",[5],HAR_Ambient_Sensor_Data,2 GB,SCAMPI (2 GB),65.57871001045156,65.28730298465156
524,7583000,512,SCAMPI (0.5 GB),34.1451733112,26.158056601,5.762050755,4598.46484375,"[1.6812317615, 1.6812317615, 1.6812317615, 1.9581173713, 2.7370468362, 6.6168999712, 21.5152085058, 25.2599185849, 41.2823960678, 42.84744286]",0.9594889843000001,"[None, None, [5563047, 5909350], [5909349, 5563046, 5935973], [5801859, 5882496, 5771477, 5862529], [5909347, 5563044, 5935971, 5539242, 5706435], [7099112, 6836051, 6964154, 6998344, 6800040, 7338189], [6964154, 6836051, 6800040, 7099112, 7111457, 7338195, 6696195], [6836060, 6800051, 7111460, 6696210, 6964154, 7099112, 7338191, 7321066], [6836060, 6800051, 7111460, 6696210, 6964154, 7099112, 7338191, 7321066, 6998351]]","[4, 7]",Lab_K_060314,0.5 GB,SCAMPI (0.5 GB),6.545795815636171,5.586306831336171
525,7583000,1024,SCAMPI (0.5 GB),33.5456831455,26.312471673,5.159295112,4598.46484375,"[4.9251685145, 4.9251685145, 4.9251685145, 5.9022795386, 15.253325603, 32.1582755023, 35.4777077543, 39.58075713, 51.5109334091, 98.147132381]",1.4088457509,"[None, None, [5562535, 5908838], [5908837, 5562534, 5935461], [5770455, 5838767, 5994430, 5861507], [6835887, 6799873, 7098946, 6696031, 6963987], [6835894, 6799883, 7098958, 6696035, 7338039, 6964001], [7098910, 6835856, 6799846, 6963956, 6695995, 7337994, 7111262], [6964020, 6998212, 6835909, 7098978, 6799911, 7338061, 6696055, 7111327], [6964019, 6998210, 7098973, 6835918, 6799909, 7338054, 6696056, 7111328, 3020348]]","[3, 8]",Lab_K_060314,0.5 GB,SCAMPI (0.5 GB),9.906923456906286,8.498077706006287
526,7583000,2048,SCAMPI (0.5 GB),34.75446558,26.437944371,6.094164321,4598.46484375,"[15.4698666499, 15.4698666499, 15.4698666499, 38.4131289056, 39.4020088345, 52.6510767278, 62.7418722759, 68.0127539791, 90.1340990313, 130.5531494009]",1.8644695088,"[None, None, [5561511, 5907814], [5704900, 5561509, 5907812], [5704900, 5561509, 5907812, 5934436], [6799560, 6835575, 6963675, 7098630, 7337712], [7337692, 6835549, 6963653, 6799541, 7098603, 6695688], [6835551, 6799537, 6963653, 7337694, 7098603, 6695692, 6997842], [6963432, 6997624, 6835322, 6799315, 7098382, 6695475, 7337484, 7110742], [6799460, 6835475, 6963576, 7098529, 7337612, 6997764, 6695606, 7110877, 3019891]]","[4, 7]",Lab_K_060314,0.5 GB,SCAMPI (0.5 GB),11.425985708064752,9.561516199264751
527,7583000,4096,SCAMPI (0.5 GB),28.1351187229,16.914221696,8.561542185,4598.46484375,"[63.4282881791, 63.4282881791, 63.4282881791, 90.017844295, 92.8651341767, 98.5766330554, 105.0576819115, 141.6178009799, 159.4225960606, 278.9847198648]",2.3324074043,"[None, None, [6962770, 6996961], [6996786, 6962601, 7097552], [6798530, 7097598, 6962645, 6996829], [6962261, 6996454, 7097213, 6834151, 6798153], [6962268, 7097225, 6834155, 6798147, 6996451, 6694299], [7337383, 6963349, 7098291, 7110658, 6799226, 6997538, 6835238], [6963155, 6997347, 7098114, 6799039, 6835051, 6695204, 7110466, 7337196], [6962785, 7097740, 6798676, 6694825, 6996996, 7110085, 6834658, 7336817, 3019097]]",[8],Lab_K_060314,0.5 GB,SCAMPI (0.5 GB),16.70283568334431,14.370428279044312
